0,0,-3.673,-0.2205,2.2261,3.0934,-5.6866,0.61662,0.13697,1.4161,1.6297,1.8608,7.0932,0.29254,3.2244,3.363,-0.14599,-4.7942,-1.8561,-3.3823,-1.9892,-2.9062,0.20381,2.5125,3.266,2.3964,0.21077,-5.4203,2.0037,-0.33592,2.2795,-4.5295,-2.8148,3.9365,4.0892,-1.3649,1.0665,-3.2236,-0.19865,0.50166,-6.0196,-0.0071338,-3.7718,-0.51097,-3.1353,-0.32423,3.9779,-3.1917,-8.7395,-0.073108,-3.6941,-0.11754
0,1.1111,2.2922,0.087574,4.8558,0.83404,-2.0933,0.28683,5.2217,4.7813,0.84134,-1.2557,-0.079039,-1.1514,3.1062,1.068,0.37023,2.8457,-4.8749,5.9773,-4.4487,0.8979,0.21046,4.9158,1.2498,-0.13562,-4.4867,-2.1803,-1.6227,-1.52,4.1119,3.371,4.8019,0.09349,8.0066,0.93733,-1.8718,1.5048,-1.0016,-1.8063,1.2382,1.2302,-7.4793,-4.1014,0.27934,-1.7052,4.4665,-0.99032,-2.788,-3.526,-3.7144,-2.3854
0,2.2222,1.8107,2.678,3.8881,-4.268,1.5818,1.4476,3.9287,-1.7888,-0.0034822,5.4605,5.2368,0.44887,-5.5689,-3.7278,0.0047955,1.0809,2.3432,-0.78499,2.1619,2.7758,1.4223,3.2566,-0.33059,2.2773,0.83454,2.4481,1.5789,-1.7248,3.2214,0.56798,4.941,0.98341,-0.58923,0.71512,-0.024625,4.2693,3.5339,-2.9587,0.52551,4.9053,1.272,6.8439,2.5129,-1.0887,2.4077,-0.58209,2.1223,0.64854,-2.9835,1.6462
0,3.3333,1.4028,-0.44039,2.076,1.1913,6.1826,1.2468,2.4347,2.5865,2.6687,4.11,4.5079,1.5025,-0.25178,2.0078,8.9112,0.3666,-2.7586,-1.588,0.45689,0.59322,6.4839,0.8114,1.3808,0.79861,4.817,4.091,2.6432,6.9039,1.4312,-3.3004,-1.5876,5.6863,1.4653,2.3809,3.1989,3.7346,0.88294,-0.62407,-0.11336,2.0167,0.032583,1.6501,0.22542,0.4704,3.85,2.7178,0.40243,1.2721,2.2349,1.1956
0,4.4444,-2.2108,-1.1433,0.88563,2.1824,2.8757,2.2362,5.2951,-0.96052,2.0098,2.8675,-3.4445,5.2194,-2.3527,-2.5841,1.4202,4.7189,5.4248,-1.4131,4.4425,11.44,1.7187,2.3487,5.7402,3.7863,3.9235,1.531,-0.78732,4.8333,2.5064,9.668,7.2616,10.195,3.1243,-2.0329,2.351,4.7757,-0.36774,3.9574,7.4982,-1.9871,2.0352,2.3512,0.65493,5.1457,6.8221,6.9032,-1.4456,2.0794,2.3822,-1.5564
0,5.5556,5.1626,1.5566,1.4426,4.551,5.0093,-5.8871,5.5711,4.8542,1.0945,3.7979,-0.58257,5.8213,5.7185,2.2324,4.2119,6.4181,1.6848,-1.8586,3.4098,5.7974,7.149,0.68013,-0.86195,5.1296,7.5508,5.102,3.1569,-3.3895,9.1389,12.809,1.3881,2.1597,2.7567,3.4611,5.0309,-1.3663,6.1918,6.5041,2.5849,4.6896,4.4357,0.91225,2.5334,1.3683,5.1905,5.7863,10.855,10.73,4.1528,6.0621
0,6.6667,5.7154,6.0874,7.9413,4.8149,2.7978,6.2199,8.9667,3.9172,6.0034,7.5632,4.6188,0.24067,6.4165,6.6518,3.5243,7.5581,2.5698,10.942,5.1264,8.0128,5.1157,9.1495,0.21998,5.9278,6.2684,8.1327,7.2251,6.6567,-0.40626,2.7927,3.5982,8.1384,3.2818,5.5299,2.3199,2.7524,6.183,3.7109,3.1741,3.5638,6.6342,7.4293,3.9332,6.564,-1.9996,7.0442,3.8419,3.8797,2.4456,3.4069
0,7.7778,6.3776,7.6022,7.2467,4.7501,7.9889,9.3981,8.7467,7.9971,10.474,7.8619,7.3644,12.766,9.9927,5.5164,5.9988,4.9863,7.5981,7.7721,2.7664,5.5175,6.9818,7.9423,8.4498,7.2466,9.062,4.617,7.6064,6.6194,9.8092,9.5928,9.6102,6.9268,6.8963,7.0263,7.8441,6.3979,5.1405,1.9543,12.989,5.4109,12.111,2.3002,5.9259,5.4107,4.9368,4.2586,7.7548,1.6698,10.721,7.1764
0,8.8889,8.1732,7.1769,13.055,10.57,3.7451,7.9468,9.8291,10.045,7.6393,8.368,10.752,10.277,10.957,3.9696,10.966,13.951,8.3818,10.92,11.162,5.8857,7.2798,8.3694,9.1658,9.682,10.015,6.2735,10.281,9.1903,8.5391,9.5741,6.7872,15.51,12.357,6.0103,13.629,6.1685,8.7954,4.1316,5.003,8.0847,8.0536,4.0569,4.5754,12.091,7.3065,4.478,8.6635,10.705,8.9251,4.141
0,10,12.992,13.356,11.141,8.2001,11.439,3.8488,10.384,11.292,15.183,12.974,13.086,13.298,8.0915,4.5681,11.144,14.549,9.0777,11.277,8.8877,14.2,12.326,10.564,12.782,9.1744,10.376,13.94,3.649,11.815,8.5724,9.9193,10.789,13.044,13.695,11.965,7.6136,11.546,15.929,8.2049,14.009,8.6285,16.233,17.064,10.213,12.835,9.0794,13.859,16.12,13.805,11.832,11.025
1.1111,0,-0.7701,-2.8856,-4.7801,-4.0984,0.78893,0.51121,1.3861,-1.0178,3.1606,-2.6259,-0.90314,-1.3342,1.2187,-0.70852,-1.9556,7.3507,0.88068,-2.9927,2.2195,1.9503,0.27748,-2.3193,3.59,3.2406,-1.5686,3.0616,-1.0775,5.3158,-0.43919,-0.8634,-2.305,1.624,-1.4474,1.1779,-0.81675,-2.4701,3.7413,3.5307,-2.9585,0.98879,1.595,-1.0901,-4.3956,-0.44016,-1.9255,-1.0935,-1.1136,-3.0364,-2.3891,3.8966
1.1111,1.1111,1.7285,2.0075,-3.2006,-1.3447,-0.26706,2.5462,0.29811,0.96747,0.43239,1.3058,-0.71844,1.3113,-2.9786,1.5789,1.3253,1.6804,-0.83146,-2.1908,0.76349,-0.2698,3.8518,2.7311,0.21987,-3.1364,-0.27267,-5.4206,4.3776,-0.58924,0.04032,-0.63772,-2.6451,-0.27985,-2.1246,-2.7302,1.265,4.1392,1.5587,-4.9356,-0.43528,0.44367,-2.1211,2.8019,-0.22263,-1.6647,-0.75163,3.6217,1.3397,2.3243,3.2441,1.2251
1.1111,2.2222,-0.50266,-1.656,-2.161,-2.9008,-1.7579,0.39865,3.8216,0.98374,-1.1843,0.32634,0.93587,0.33601,3.0404,0.68699,-6.0644,-4.079,-1.5918,-6.6899,1.8865,-3.0834,-1.0485,3.2355,-1.7949,-1.6149,-0.98926,3.3812,0.022949,2.5798,-4.4278,2.9602,0.73389,-0.8807,0.1221,4.4549,-1.5393,4.8669,-1.4447,2.3288,-3.2331,-0.18751,-6.2094,2.1486,-2.7309,-5.0133,-2.0837,0.1482,5.8255,4.8934,-4.2757,3.6457
1.1111,3.3333,4.8307,1.3807,-0.77085,3.4936,-3.621,1.3661,1.2214,1.5499,1.0907,-2.7606,0.59298,0.39207,-3.0278,1.9281,-2.7136,0.41735,2.6162,1.0131,2.6506,3.9228,-1.6336,-1.3376,-3.0731,-1.887,2.502,1.2376,3.7209,2.9277,2.4566,-1.3724,-1.8612,1.0609,3.9094,-2.1096,4.433,1.394,2.0257,4.8251,2.7859,2.904,-1.3623,0.37422,1.0566,-1.8396,4.3231,4.6033,-3.2485,-0.4295,-1.9465,-7.3156
1.1111,4.4444,0.1152,2.6801,-0.41008,-1.4618,1.7908,-3.7193,-1.9465,2.1492,-0.31588,1.5432,1.7211,-3.2353,3.1986,3.7713,-3.9151,1.4197,-0.33777,1.0901,3.0338,3.8287,1.0111,3.1979,2.7656,-2.5259,5.9472,0.72965,2.5061,-2.9378,-0.3959,4.3397,0.62114,2.9147,0.45173,5.2431,-0.98699,3.3471,-2.0481,-0.54425,2.8707,5.8532,0.62618,-0.36621,7.6264,3.6773,0.65015,2.5345,0.87045,-2.3161,-0.98984,4.1589
1.1111,5.5556,4.6336,1.2489,3.6569,6.007,-1.1161,3.009,1.7965,11.074,-0.94235,4.4193,4.4404,-2.5921,-1.2341,1.3521,3.7222,-2.7294,-0.68683,1.2701,5.1586,-1.2293,1.0674,6.5033,6.3728,3.1282,-0.49515,4.5915,2.1201,4.5631,-3.4549,1.2103,3.3423,-0.3128,4.4696,1.5178,2.3183,1.1687,4.425,5.6503,0.82535,-1.8769,-0.94599,-3.2962,4.6345,6.9116,-2.8397,-2.1968,0.42161,3.5368,6.3969,3.4536
1.1111,6.6667,-2.1797,3.351,0.64354,-0.12432,4.8412,3.4392,3.488,6.5535,3.6041,0.045241,2.9186,2.0229,0.0042956,3.7987,1.932,5.0774,3.3811,-1.8853,4.1681,3.3434,4.8864,-0.65097,6.3018,0.37685,0.88486,3.7637,6.7996,-5.6303,1.5268,3.1459,3.6274,6.1628,4.3551,2.0273,2.9551,9.1667,3.9134,0.31465,1.8674,6.2569,4.288,2.4042,7.6902,0.10943,9.5226,-2.2349,5.9938,0.65713,6.4243,3.4256
1.1111,7.7778,9.683,6.6058,6.8072,3.5864,5.2343,5.574,0.07302,5.8097,2.3268,7.3793,7.919,3.2005,10.8,2.8146,2.7076,1.3942,7.4295,9.9957,8.6365,6.1488,2.4124,1.6352,6.0428,6.6844,4.6612,1.9926,6.1807,4.2518,7.9673,6.9875,1.4374,4.7634,-1.5845,4.2629,9.9093,7.1218,5.3922,6.4322,6.1581,4.9388,5.1896,6.5871,7.973,2.0148,5.4206,2.2718,8.7357,0.094796,10.196,5.2252
1.1111,8.8889,12.281,14.692,7.9767,15.173,6.0923,7.1718,11.244,7.9474,5.072,4.6759,11.182,4.9461,8.5187,6.5159,9.1804,6.0747,5.7233,10.853,7.3508,0.29445,5.7377,6.8467,9.2436,3.8122,5.4679,5.8789,12.261,8.6678,1.1676,5.6339,6.2541,8.8611,12.379,6.3769,6.8306,6.0883,7.3669,4.9947,7.5749,8.2668,3.5301,3.9219,3.1654,3.7407,2.519,-0.68907,7.6183,9.1088,6.7506,8.5056
1.1111,10,9.99,9.2408,9.3056,4.8857,8.8223,6.9841,5.4859,7.6974,17.526,10.219,9.5961,7.8511,9.5205,7.3189,11.664,15.053,11.829,7.9621,11.071,9.3046,8.2031,6.3604,6.2324,15.162,3.2352,13.813,6.1988,5.7128,9.682,6.157,12.291,5.0501,8.1548,12.096,3.7797,10.317,7.8881,11.829,5.0435,14.189,7.0566,15.077,13.456,5.0665,9.5646,7.9877,8.1856,11.875,11.161,5.3565
2.2222,0,1.501,1.2607,1.039,0.23348,-5.9737,-0.92045,-0.83921,-1.8159,4.7555,-1.3129,-4.3907,2.3958,-0.59448,4.0875,4.6176,1.0843,0.3168,-4.9599,-2.1566,0.2744,0.35033,-0.79231,-0.32914,-0.60565,-2.8127,4.9429,4.1005,-2.5136,0.19101,-2.2037,3.4484,0.45263,2.0748,-3.6714,-0.47957,1.9233,-0.83963,-4.0355,0.34646,0.72905,0.021756,-1.448,-2.2419,-2.2129,-2.8656,2.4935,1.3249,-0.69043,5.0954,2.9614
2.2222,1.1111,1.5124,-1.9114,-7.0265,2.6045,-0.71808,6.0197,-6.1463,-2.7532,-3.2035,-1.757,0.71897,-0.9479,1.3922,0.034432,8.7193,-1.3276,-1.2784,1.103,-4.0344,2.8924,0.25357,-3.0271,4.619,0.54957,2.3985,-0.79722,0.38472,-0.077145,0.23766,2.0317,2.8958,2.3003,0.23425,-2.1864e-05,-5.201,-1.2798,0.63204,-5.2145,0.8564,-3.8917,-1.1755,-2.2849,-4.7456,2.1314,2.6105,4.3889,2.9935,2.0564,-1.2711,4.5407
2.2222,2.2222,-5.5058,-4.9361,-4.4265,-0.46913,-0.63208,0.15265,-3.5481,4.556,-4.8501,-0.85689,2.0627,-6.2911,-0.99181,2.7698,1.2185,-3.2995,-0.083369,1.5849,-2.0992,-1.7923,-3.4764,-2.6932,3.1539,0.76125,1.6492,-2.6819,-5.3778,2.8341,0.8951,-3.9078,0.40238,2.0591,-3.6468,1.7467,-2.33,-1.6985,-2.2678,-0.078643,-0.44988,0.86643,1.8751,-6.3196,4.9853,-0.45128,1.6864,-3.5297,2.8922,1.6,-1.2965,0.02655
2.2222,3.3333,-5.889,-2.9495,-2.1035,1.7085,1.5011,1.291,3.881,2.8616,-0.94834,1.43,-0.77876,-1.0245,-0.036785,4.419,3.8891,0.28015,-0.79795,1.5667,-1.5977,3.812,4.8507,0.029503,5.5238,2.838,2.9565,3.0225,1.1178,0.44022,0.51585,2.0074,0.25266,-0.56646,-5.6589,-1.4479,6.0369,3.0322,1.7205,3.3143,1.3516,3.7291,6.8063,3.3427,-1.9568,-2.2225,-0.65878,2.5057,-1.8314,2.4491,1.0037,3.134
2.2222,4.4444,1.5749,1.6683,2.8682,-1.0248,-2.6577,-2.9477,0.041021,-0.51067,-0.21172,0.11308,2.0374,-2.9609,-2.8222,-1.4633,5.4841,-0.76419,-1.062,-2.1496,-1.489,-5.205,-1.777,-3.3659,-3.9638,0.30109,2.5586,6.1766,2.2197,5.2947,-5.0061,5.8675,4.2215,-0.44762,-0.035947,-0.14524,7.8187,2.7572,-2.4797,1.8694,0.78503,-0.9128,-3.8412,2.729,-0.034074,-1.893,-2.6667,-4.0953,-2.1652,-2.266,-2.0105,6.1121
2.2222,5.5556,2.7154,0.15874,2.3315,-1.0196,3.8214,-2.821,2.8145,4.4712,-4.6698,-1.9577,1.7677,1.4035,0.81436,3.1714,1.0327,0.5522,0.87426,-1.1934,-0.93478,0.64756,2.1245,2.2996,-2.7808,-0.17486,-1.5933,1.7561,1.9154,5.5655,1.6181,-1.1687,4.87,2.9641,7.0221,-0.30231,-2.0433,1.0542,-0.79672,4.3804,2.579,4.0253,2.0463,-4.7178,2.2202,0.67225,5.81,5.2013,1.2975,0.058329,4.3357,-1.4336
2.2222,6.6667,4.1076,-1.433,2.14,2.6465,-5.2671,5.2928,-0.32186,8.1281,-0.90548,1.8962,1.6555,6.9097,5.9832,2.1764,-0.78807,-1.6743,-1.4804,-8.1847,2.7001,4.2983,4.7342,6.7376,3.7702,2.1432,3.8618,1.8022,4.5228,4.5245,2.1552,4.5004,0.032313,-1.4239,3.2115,0.69764,0.98713,4.627,5.8009,6.2299,5.8362,7.0607,1.6855,1.4798,1.4661,-0.54373,6.6288,5.1358,-0.27484,1.7813,4.6087,0.48636
2.2222,7.7778,2.5897,7.0388,2.8673,11.625,-0.94233,4.1338,4.3855,4.3286,6.5297,0.45151,4.2829,1.5477,4.8691,2.9943,4.5858,-0.60173,2.6738,0.72217,0.68644,-2.711,4.1018,-0.11863,5.0408,-1.0034,1.4549,-0.36398,-0.20711,2.2493,1.9511,-3.9837,2.3149,2.4565,3.904,5.3638,5.3729,-4.0202,2.6614,5.9545,-4.0553,-0.94087,-2.5603,7.0372,-1.2344,2.6286,6.5394,4.0636,5.4575,4.7594,2.143,1.1958
2.2222,8.8889,4.2872,3.3562,8.7603,7.4721,-0.051866,4.4641,11.161,7.7837,4.1844,8.0159,6.6651,7.0966,6.1081,6.0837,1.2625,-1.5538,3.9388,10.792,1.2211,5.4408,0.68127,2.5974,3.0031,1.473,6.0257,6.6008,4.5994,4.1434,3.9619,10.539,7.0965,3.7738,5.3785,4.4248,3.5595,5.9989,1.8094,9.0599,1.7079,2.9687,3.8059,6.0954,9.2185,4.3765,5.314,5.6918,6.0171,5.2148,6.4055,10.587
2.2222,10,11.562,7.053,8.9708,6.2859,5.4648,7.4346,6.069,4.9962,-0.84612,3.8282,6.6561,8.035,5.2439,7.8068,4.0702,7.6409,7.9277,9.505,8.8932,5.9942,7.9155,2.4672,6.9462,8.5916,6.857,8.2266,5.0977,3.5007,10.838,2.962,6.525,8.9305,2.0608,8.1507,5.8951,6.972,1.9881,2.0964,6.0458,5.9681,7.8888,8.6475,6.0803,6.1944,1.4377,8.3349,5.3521,9.9715,7.4361,11.26
3.3333,0,-3.54,4.7906,5.0971,-3.4589,4.7073,0.40492,-0.2658,-0.16928,-4.8343,2.2462,1.767,-1.0664,1.6577,3.6554,4.55,1.401,3.0518,-1.197,-2.4143,0.35637,-2.2929,-5.4053,3.7039,2.2795,5.3992,1.1404,-5.3972,3.3237,-0.85621,-6.3887,4.684,-0.42943,1.6832,0.40746,4.7531,0.21127,-2.7744,-2.4468,-2.6953,-4.3943,-5.3306,0.26132,4.8103,2.1265,0.36904,4.66,4.227,3.7331,2.7796,-4.1715
3.3333,1.1111,4.4593,2.6869,6.0062,-0.18652,-3.8885,-0.61889,-3.207,6.1354,0.41788,0.20805,-1.8593,5.3256,-0.31932,2.7729,3.2306,2.8655,-3.7531,-2.3564,2.4577,1.9765,-7.7063,-3.7559,3.3192,4.9247,2.505,-3.2281,3.1522,-1.8253,-3.0313,1.6286,1.1018,-4.0185,1.5675,-0.66091,1.0344,0.97174,-0.72897,-4.1771,3.2062,-0.77458,-0.92447,-5.5402,-4.7063,-0.48577,-2.8876,6.1975,5.5049,0.38821,4.2453,0.11265
3.3333,2.2222,0.49579,3.9073,-1.6344,-1.3245,-3.5306,-3.2538,-7.8355,-1.8066,1.5806,-4.5127,-3.7848,2.6605,5.0517,-4.0402,-3.2358,-1.388,2.8312,-6.2925,0.77742,1.6178,3.2283,-6.3082,4.1787,-0.92,1.0975,3.0393,2.1286,0.32007,-2.9277,-1.9216,-0.57285,-3.8684,2.2241,-1.9627,3.6181,-2.1981,-1.0898,-6.4476,-3.7589,-2.6522,1.9115,5.4681,-5.8059,2.4613,1.0093,-1.9926,0.87078,-6.0515,-3.2838,-3.1177
3.3333,3.3333,-0.2976,-4.5854,-1.4851,0.75828,-0.52836,-6.361,-0.4719,-0.12746,-5.0818,0.32143,1.9987,3.7369,5.262,1.3971,0.82166,-3.862,2.1192,1.4235,5.2466,-3.5651,-0.051026,0.63601,-4.1852,-6.3859,-2.8513,-0.040295,-2.5908,-0.68532,1.0019,0.40502,1.2515,1.8792,1.5424,-1.6214,-1.6,-1.149,-1.0176,-4.4843,-0.25275,1.4558,-3.5418,7.3239,-3.5547,2.6094,-2.2666,-1.745,-1.9096,2.5702,-5.5949,-0.0079206
3.3333,4.4444,-2.9998,-2.067,-3.6243,-0.95933,1.2895,-0.00076089,2.7845,1.9619,3.5981,-1.5129,0.75447,1.0702,3.6148,3.2471,1.2241,4.2537,-5.1677,-12.732,-1.4179,1.7567,3.0565,-5.7814,3.852,-3.1276,4.8124,-0.0034767,-4.4216,0.26148,3.1945,1.7216,0.15245,2.6466,1.1882,-1.2537,-1.5042,0.27104,7.3498,1.1161,-0.44999,-1.445,2.514,-0.17565,0.70697,-1.8066,0.61507,-1.1921,2.4728,4.5679,-0.039804,-0.46431
3.3333,5.5556,-0.30584,6.1593,0.16456,-1.6241,-0.017588,1.7861,5.0084,-0.71822,2.0838,0.021062,4.5822,-0.22993,-0.91388,-0.72628,-1.2836,0.86384,-1.9298,4.5173,-2.4279,0.78872,1.0883,1.5724,1.4914,-0.81882,1.4717,-9.5464,-1.1324,1.2076,2.3515,-4.9768,3.413,5.5666,-0.76223,-2.3841,3.8919,0.26651,1.5159,3.4143,-6.6047,5.9645,-6.5535,-0.73896,1.5018,-0.54967,-1.7643,-0.77236,-1.2594,-3.5966,-0.23956,-2.008
3.3333,6.6667,-3.065,0.23077,3.9441,6.4339,-1.8486,2.3936,-0.31039,7.8399,3.3854,-0.59842,0.0013406,-2.2662,3.8944,7.5684,-3.6073,3.124,3.2514,-2.1999,1.5885,1.7179,3.4405,0.88409,-1.9073,2.0533,5.1813,5.1312,-0.36353,-0.034714,4.905,0.75521,-5.5934,-0.35921,-0.73285,-0.83347,5.1405,-4.7704,1.0364,0.77209,7.1155,1.9396,3.2295,8.799,4.6826,4.6278,-0.84521,0.18286,-0.80337,-0.95449,5.3245,6.586
3.3333,7.7778,3.0297,5.429,7.0028,7.382,0.86581,2.4483,8.36,-1.0112,1.6803,2.6866,8.1668,1.6292,0.39352,0.82185,0.50701,-2.3083,-3.1596,-2.2375,6.6221,1.6237,6.1294,4.7666,-2.4264,2.5107,-4.8347,6.4906,0.81525,-1.6041,-3.4593,1.0508,0.37141,-0.83622,1.0875,3.0786,1.3096,-1.1521,-1.8208,2.4373,-0.38735,0.71359,1.3979,5.6907,6.7441,-4.0076,3.4646,2.0788,3.1108,5.8428,0.87847,-4.5592
3.3333,8.8889,3.9152,5.1854,1.5006,-1.3228,-0.86135,5.4998,3.5357,5.5029,4.7311,6.3376,2.1353,1.3292,6.634,0.51446,5.2286,7.3814,1.0106,0.8562,5.2864,1.1902,1.473,5.6349,4.8823,3.4527,0.69326,3.3538,0.78983,5.854,2.4856,3.1319,4.7481,2.9771,4.2157,2.4957,5.3096,-1.033,3.5761,2.3915,0.59161,-1.8333,3.3065,1.1349,4.5181,-0.30167,1.8599,7.8021,3.4199,2.9693,0.84852,3.4821
3.3333,10,2.6827,5.2116,6.1407,4.8367,2.9299,2.5425,2.866,2.5223,7.4733,4.9413,9.8676,3.365,2.261,8.0871,6.6241,2.3597,5.8117,6.9135,4.0814,2.4423,5.1168,5.2683,5.5901,2.3466,0.15435,6.652,3.6036,3.8889,6.745,0.94507,2.0135,2.3528,6.6035,6.2272,4.6246,4.6141,6.7452,4.9384,5.6928,-4.4815,3.6207,3.6222,6.7916,5.6629,6.2756,3.9435,5.2817,3.4329,3.5762,6.1854
4.4444,0,-0.86699,-0.98907,-2.0647,1.0402,6.6228,0.2921,-0.1957,-0.85511,4.8128,-2.3361,4.1646,-0.62431,2.8258,-1.8491,4.3065,4.3658,10.222,-1.0188,3.6272,0.5869,-4.4579,-0.89596,6.1364,1.7849,3.8251,2.7155,-3.0225,-2.4353,0.51692,1.8542,2.5923,-1.1467,4.4744,0.60622,4.0068,3.8483,1.5708,-0.5066,0.10812,-1.5706,2.4277,1.1765,-3.2588,3.7141,0.21125,0.70667,0.91392,-2.8682,-1.2442,4.3015
4.4444,1.1111,3.9043,8.3269,1.4837,2.6854,-1.9011,1.1845,3.1606,-2.4819,4.1214,0.59638,0.61163,-1.5483,3.4056,0.16937,-4.866,2.0687,-0.63455,-1.5808,-2.1552,0.94466,1.2103,3.5506,0.35512,3.3964,-1.0191,2.1912,4.1253,-0.19121,2.1381,-0.67462,-2.1673,-2.6302,2.4464,-3.8229,2.1868,4.581,4.4538,-1.5005,1.2311,-1.8236,0.77662,0.47281,-0.60474,-1.8376,0.3326,2.018,-2.9334,-3.4474,1.895,2.2789
4.4444,2.2222,1.3944,-0.34102,0.090774,2.2699,4.3383,-3.4054,-4.0018,3.8227,-6.5981,0.07218,-1.3874,-7.7324,-3.3189,0.2782,0.38471,1.5655,-3.3894,-2.6777,-0.90477,-1.5119,-2.8498,1.7731,5.0279,1.7453,-0.57497,1.8204,3.7969,1.2508,-1.5174,0.73195,0.53127,-2.8145,-2.962,-0.42964,-0.18178,2.8935,1.3598,0.518,6.239,-1.1422,-4.2811,1.2098,2.482,-1.3521,0.41665,3.5124,0.65043,0.24813,1.7718,-4.062
4.4444,3.3333,-1.8218,-0.55754,-5.2081,-0.55686,1.0194,-2.4981,0.15929,2.9407,3.6345,-0.91515,-1.1357,-1.9027,-2.5866,2.9128,5.3954,-1.6776,-1.841,-0.81777,0.48216,-2.2561,5.6378,1.8453,-0.61692,1.2659,2.7226,-1.5707,2.2165,0.96986,3.1006,2.5446,-2.7928,-4.7439,-2.159,-2.7422,7.6874,1.5485,1.6625,2.2286,-3.0586,2.3263,4.3154,-0.68396,1.0398,-6.5478,-0.5566,3.518,-3.0559,1.2531,1.1868,-4.8762
4.4444,4.4444,-1.6573,2.072,-2.9875,3.2449,0.14536,-0.47817,4.2271,3.8837,0.030991,-3.9906,1.0975,0.067994,-2.1592,-1.8188,-0.89819,2.7719,2.4016,-2.1462,-1.5364,1.0599,-5.8109,-2.7489,1.0521,-0.33888,1.0253,2.5944,-4.7341,-2.416,0.14334,1.1272,-0.49378,3.7138,3.4292,-1.6278,2.5524,0.79916,-0.51989,-4.9038,2.6845,0.67789,-0.79876,-3.1485,-0.091415,0.57944,1.8329,0.35219,0.72095,0.36364,0.87247,1.8625
4.4444,5.5556,3.8291,-2.3572,-0.11277,-4.6302,-3.2855,3.2091,1.3098,-1.4672,1.1225,8.5609,-4.6251,0.90445,0.83258,1.8023,-3.9509,0.56158,-2.6676,4.1389,-1.3994,2.5714,-0.4887,-0.19052,-1.6664,2.7594,0.72399,3.309,-3.7768,2.1949,-2.1513,-5.6702,6.2357,0.62493,-4.2214,0.30461,-1.0136,2.3298,-4.3067,-1.3969,-2.7632,0.13924,2.1273,4.7134,-2.2427,-3.9226,-0.9225,-5.0358,2.2226,0.44051,-1.7663,-3.5924
4.4444,6.6667,0.94179,-0.099926,-1.175,4.0377,1.4431,-3.475,-5.8414,1.4859,0.135,0.50289,-0.15827,-1.9402,5.6371,3.6146,-5.041,-1.7966,1.2631,-0.72199,-3.1493,-2.1779,-1.3111,-0.57962,-0.52662,4.7037,6.3471,-0.96586,-2.0479,-4.3882,-4.7041,1.0008,-0.26118,3.0661,-5.2727,-0.69533,3.6154,-5.075,5.4134,-0.040255,-2.5274,-0.081705,-7.1675,0.30081,-2.1202,-0.70022,-3.9085,7.2257,2.2986,1.3251,-1.1283,2.0055
4.4444,7.7778,-0.23799,4.2533,2.9532,-0.73538,2.106,-2.7194,2.5338,7.7688,3.3472,-2.4849,-0.58622,6.5445,2.3796,2.5544,3.0254,-5.153,6.2947,0.44718,2.4101,3.0133,1.4404,2.5127,6.7806,5.2581,2.7967,-3.7443,6.0587,1.8129,4.1854,4.462,-5.9951,-0.088028,1.3913,-3.2103,-4.7037,-1.7723,-1.131,-1.4065,1.864,3.01,-0.94712,2.8586,-2.0882,0.78113,1.435,1.792,3.1356,1.4025,2.0029,2.6215
4.4444,8.8889,-1.5579,3.0122,3.3054,-0.12572,-0.287,1.938,5.4357,-4.8001,-3.6503,-2.6174,-0.81393,-0.88441,2.79,0.53138,6.2015,3.8372,4.242,4.5717,2.7141,1.6341,2.5657,3.1116,6.428,-0.064292,4.1678,0.32043,-0.59143,1.4019,6.4011,3.5786,7.9645,2.2968,0.53862,1.6428,6.2577,0.1093,6.9864,3.0569,-0.85501,7.9854,4.6531,0.29757,-0.48216,0.14247,3.3778,-1.9258,-0.81181,-3.1046,2.205,3.7282
4.4444,10,4.173,-0.44441,0.00035087,-2.9004,2.8575,-1.6958,1.8917,3.5671,3.5234,9.0351,-1.0703,9.8186,7.0627,8.2187,2.8214,5.49,-2.4764,1.9832,1.3154,1.4358,4.5015,0.07621,5.1877,-2.4819,5.4541,-1.4429,3.3981,2.6647,2.2281,5.87,4.7901,4.6218,2.8988,6.6271,6.0726,4.178,3.1541,-1.1927,3.585,-1.365,-0.48419,5.076,7.1236,4.5178,-0.17566,3.1421,-1.6779,4.3021,-5.4552,3.9167
5.5556,0,3.3113,8.1447,1.0084,0.72478,0.68986,2.9974,-0.20236,2.9893,-1.5467,0.991,3.4277,-2.4115,5.0584,-2.8554,-3.9844,-4.0418,2.0654,3.0616,-0.42591,5.2026,6.1754,-7.086,5.0871,-0.8155,-0.30285,4.2384,3.6487,3.635,4.3385,0.91609,1.4446,-0.98217,4.7158,4.2473,-2.4276,4.404,1.5104,2.1339,-3.9051,4.0246,1.9989,-4.1147,2.4826,1.1942,1.6282,0.55746,2.4191,3.8507,0.26372,4.0731
5.5556,1.1111,5.6935,0.51337,-2.9334,-2.9871,1.2676,2.6936,3.8789,0.90071,-1.1712,-1.4077,2.2659,3.4915,1.0493,-3.1147,-0.79928,-0.10337,0.80153,4.5186,-1.5443,4.4104,3.41,-0.3607,0.30691,5.8563,-3.4831,-0.91254,1.9515,0.49783,3.0201,2.4084,-3.1792,0.43898,1.4217,-2.2922,3.6486,2.3318,3.3803,0.2559,3.3167,3.8503,0.73626,-2.9382,0.9927,2.1337,-2.7706,3.4335,1.2295,4.5694,-5.2026,8.6464
5.5556,2.2222,1.754,3.3337,2.8274,2.1197,2.7802,0.51257,2.1071,1.1867,5.1368,1.1734,-0.55486,0.68112,4.3692,4.7099,0.56571,8.3449,-0.5874,-4.0696,-4.0428,1.5799,-1.2771,-2.2093,-1.4528,3.2707,-3.4709,-2.7882,-2.3942,0.55482,1.0979,3.5766,1.3056,-0.2205,2.1678,2.516,2.4324,-0.38043,0.0043675,2.244,0.65121,0.17392,5.558,-3.0346,2.3151,-0.11064,4.3191,5.1146,0.18796,1.2575,0.37019,-1.3142
5.5556,3.3333,0.20787,-1.4915,2.4566,-4.8259,1.7092,1.7764,3.0282,0.44249,0.17261,1.5245,5.6228,0.23809,-0.17937,-0.94959,3.2409,1.6093,3.3351,-3.6445,1.0308,-0.39085,-2.856,-1.0097,-3.2876,-1.3124,-1.4879,1.3079,-0.30908,3.7471,0.76878,-7.137,-4.9275,-0.97144,-0.092654,1.7015,-6.1586,-3.9158,1.4628,1.1741,-1.6346,-1.1614,7.2113,-1.3441,1.668,-1.012,5.1463,-1.2348,-2.7618,0.30243,-3.0575,-5.3463
5.5556,4.4444,-7.499,-0.5533,0.27347,-0.48477,2.8848,-0.92405,-2.2897,4.7824,-4.1679,-6.1477,7.5405,4.1814,-2.3323,-2.2281,-3.5774,2.7563,-3.1527,-1.1988,-0.56355,1.4734,3.1856,-2.4128,-0.32587,-5.2162,-2.6,-0.44733,1.6191,1.4513,0.028548,0.056192,0.52451,0.68821,-2.996,-1.7116,1.942,8.9383,-5.0702,1.9359,1.2395,-2.5525,1.7762,-4.0955,-3.1454,-2.1684,-1.5043,-2.0672,-6.0088,2.1904,1.0638,-1.8945
5.5556,5.5556,-0.62014,-1.8838,-0.95111,2.8911,3.813,-0.551,-3.8426,0.14789,0.89483,-2.7798,0.8677,1.4233,1.8652,2.8761,5.0591,1.9489,0.48458,1.8276,0.97329,-0.64515,3.255,-2.0374,-3.2846,1.4093,-5.6719,-5.7154,0.92507,2.9797,-3.3411,0.88894,-0.37318,-0.121,9.1016,0.69727,-3.2199,-2.109,-1.4387,-0.45096,-1.2493,2.3441,2.8124,-1.7021,-3.3509,-0.45367,-0.037933,-1.3865,-3.0288,-6.2206,5.1093,3.7195
5.5556,6.6667,-1.4857,-0.85145,-0.32372,-6.639,2.5668,-0.084861,-0.42743,-3.9338,3.2496,2.3228,-4.5482,-1.7846,1.5582,0.29183,0.6731,1.8187,5.6601,-3.2513,-3.8555,-1.8866,-3.508,2.6725,2.2161,0.38023,2.4872,1.509,2.2509,-0.22941,-4.118,-0.72006,-3.4232,-6.1022,-0.092315,-6.4448,0.48087,-0.093354,0.28367,-1.3463,-1.1367,-5.5622,1.1545,-5.3009,2.9924,-2.4784,-0.71355,0.035962,-2.7508,1.9525,-0.55427,-2.8576
5.5556,7.7778,4.4399,0.13091,-2.8358,-0.72098,-2.2003,-0.82873,-0.68579,1.4076,-2.3887,-4.1696,-0.48522,-2.6338,3.0958,-0.066567,-3.1255,-1.0978,2.0006,-3.2757,-1.085,0.77592,-0.5331,0.15349,2.4303,4.0294,-4.3631,-2.1683,4.3585,-1.615,2.326,-2.5785,1.2379,-4.4345,-2.5967,0.25575,0.10067,1.6298,-2.2522,1.5806,-2.6576,-2.3255,1.6976,-3.0213,2.4925,3.4019,-1.4672,4.7276,-3.713,-3.7555,2.0033,-2.0714
5.5556,8.8889,4.0119,4.2848,2.7674,-0.41008,0.30475,-1.0431,-2.807,-1.4246,5.1666,0.2581,2.3596,-1.0444,3.2123,2.1562,1.3825,1.1937,0.3877,2.8066,0.46816,0.79659,-0.98812,0.41163,-0.68455,4.234,-2.3358,2.8155,3.2983,0.10666,7.1386,-0.80833,-1.5543,2.9524,6.7593,-3.5315,2.8226,3.6468,2.7016,-2.5424,0.29633,3.7982,-0.0429,0.67248,-2.0269,-1.134,-0.78704,-1.6057,-4.0138,-4.4268,0.066565,-0.40998
5.5556,10,1.6025,3.8483,2.7039,3.8796,3.9921,2.8592,5.539,0.85705,5.9487,2.8401,1.6239,-2.1774,3.9936,-1.041,0.55028,2.9845,2.4529,0.73864,6.6568,0.17183,1.8672,-0.1969,1.2633,0.52485,7.1397,3.4912,10.354,5.9035,1.637,-1.1272,5.8928,4.9962,3.5484,-1.2911,-0.085445,-3.919,2.5073,2.0585,-1.3859,-1.866,-1.8757,-1.0905,1.6084,7.0793,3.9201,-2.7068,7.4587,1.4535,6.1196,0.99012
6.6667,0,0.34849,4.0351,5.7815,3.3377,0.48652,-3.0968,5.4268,4.7202,1.5391,10.851,-3.8726,1.784,4.9261,-0.31757,6.3126,4.0426,1.156,-3.4367,5.8518,3.918,4.9091,3.0442,5.632,3.0794,0.33012,4.1258,7.5807,4.0551,9.3843,6.9588,-1.6826,-2.6437,3.3232,4.9327,4.0827,4.871,2.2754,-1.5871,3.2899,5.8326,9.8125,2.9396,2.1239,2.1704,5.8121,6.1127,3.1743,-1.5809,0.39811,5.7261
6.6667,1.1111,3.448,0.68172,3.0097,5.5349,3.4525,0.67679,6.6765,1.8187,-4.3592,5.2733,5.8609,5.5434,0.44216,2.7181,1.0766,0.18909,-1.1321,4.6778,1.6702,0.05144,4.1372,1.4057,5.8185,0.63042,3.2629,3.3629,6.9786,-2.4988,0.43604,0.85371,-0.21838,0.70202,-0.56329,0.93551,-0.89435,-1.0692,0.63026,3.7552,-0.16283,0.91989,2.9986,0.19263,7.9042,-1.734,0.74284,-0.8449,4.3182,-0.47346,8.0595,1.296
6.6667,2.2222,1.2519,-0.17008,5.7926,4.9867,-2.3229,-4.2981,0.15393,1.0297,0.5303,0.26726,3.8359,1.5361,-4.9789,2.8369,-3.5225,-0.41853,1.9203,6.9956,-5.534,1.9441,7.4303,1.7948,-2.7297,-3.5061,-2.2901,0.41259,-2.6089,-0.061342,5.3426,3.8501,1.4694,-1.5926,0.045283,-1.7245,-2.0064,-2.76,-3.2097,-1.955,3.2697,1.7926,0.42438,3.9041,-0.26266,1.4761,2.2035,3.3875,2.0972,2.0483,1.393,-1.3345
6.6667,3.3333,3.7381,-0.37411,-5.7236,8.0585,0.1405,-0.30554,-1.305,-4.8792,3.9328,3.7893,4.9434,3.3246,0.19761,-3.3796,-2.7294,-8.4776,5.2264,0.99312,-0.70725,-1.9706,0.52028,-3.9009,8.1056,-1.5132,0.65189,-1.062,1.475,0.23249,4.6501,-3.1127,-4.402,4.4949,-3.9696,3.3299,0.34205,4.717,-0.26013,7.5488,4.9084,1.2499,6.6931,-5.8409,6.292,0.53726,-1.1392,0.40469,-2.1195,-3.2874,2.5404,-0.90877
6.6667,4.4444,1.0184,1.193,-0.085625,-5.2511,4.8107,0.73762,3.2555,-1.5069,-1.9664,-1.5132,1.7975,-1.6346,-0.16079,2.1314,-5.746,-4.6074,0.88636,-0.53349,1.3914,2.3303,1.1537,-1.2698,-4.374,-2.2425,2.0403,2.0415,-4.0986,1.0025,-5.0765,-0.96545,7.8719,-5.3856,-3.1201,-2.9908,-2.1044,1.3336,-0.41068,3.4736,0.78264,-3.6432,-1.0621,-2.3062,2.3435,-2.5013,-1.2939,-1.4486,1.5851,0.41254,2.4306,2.4554
6.6667,5.5556,4.5281,-3.9059,-3.4998,-4.116,-3.8508,-4.8237,4.4194,3.0506,0.039181,-2.5583,-2.4994,2.3733,1.029,-0.49637,-0.98394,6.5039,0.48595,1.063,-2.2246,-3.9857,3.5834,1.7736,-4.1689,-6.9509,0.26183,2.7659,-4.8748,0.26167,-0.9766,-2.101,-1.89,-2.6835,4.1408,-3.1411,-3.4904,-8.514,-1.9994,-1.4699,0.72511,-1.9784,4.6343,-0.75436,1.7058,-2.0368,-2.9891,0.15547,-0.46224,-5.3695,4.3529,3.484
6.6667,6.6667,-1.0475,1.6066,-1.7006,0.46708,1.655,-4.4446,-4.7914,-0.2972,-4.638,2.0666,3.086,2.6116,0.55872,-2.3589,-4.2139,0.37058,-6.0807,-2.5801,0.27079,-1.5445,-9.373,0.10488,-0.14753,-2.3773,-1.5399,-0.045643,1.5983,1.094,-1.6909,0.18824,-0.19571,0.084868,-0.67206,2.4882,3.4923,2.9751,-1.4567,-2.612,-1.1059,4.0548,-0.7948,-0.61878,-3.4994,1.6085,4.8525,0.002126,5.3551,4.0599,-7.6877,-0.68957
6.6667,7.7778,-0.73891,-2.1829,-2.5408,2.4044,-0.7378,3.9592,-0.24717,0.59776,5.4984,-0.32776,-2.3445,1.7337,-2.4498,-3.0714,-3.0757,1.1692,-0.61313,-3.2912,-1.5865,7.7388,6.6657,-0.53087,2.1435,1.7748,-3.527,-0.86617,5.3589,0.50222,-3.3642,4.5799,4.9979,0.90951,0.87927,6.4702,1.4153,-0.024576,-4.9599,-1.0706,-2.386,-1.0866,2.5216,2.9365,2.4544,0.37326,0.94565,-2.9299,-3.9644,1.9799,-2.0778,-3.5892
6.6667,8.8889,1.8409,2.036,2.684,-4.5847,5.0494,-1.2213,-1.4922,2.1608,-1.057,5.0473,-1.4933,-3.4082,0.036592,3.7462,0.43317,-5.5977,1.8346,4.5326,-2.2264,-3.1302,0.6729,3.3238,-7.8715,-0.6602,-0.056356,6.2021,-2.166,0.46131,-6.7367,-4.4271,-2.5253,-2.0943,-1.9742,-6.1966,-1.3334,3.1997,0.69056,0.47047,4.655,-3.3351,-0.87162,3.0991,-3.0147,1.2664,-5.7788,3.9304,5.2789,-0.16681,-5.1762,-6.1299
6.6667,10,3.8021,-1.9365,-1.264,4.6254,4.9434,-0.32846,3.4914,1.3452,2.898,-0.35345,-0.5757,-5.9668,-0.18265,2.3215,2.6455,7.0327,3.9613,3.7144,1.4068,3.6084,-3.5299,-0.51316,-2.1733,-1.7742,1.2318,4.8859,0.89103,3.9398,5.2014,1.8723,0.069915,-3.4149,-0.45839,1.8165,2.9823,-0.24063,4.9982,-1.2,-1.8925,2.6725,-5.4142,-3.2218,2.6145,2.3942,1.068,-0.24044,6.1323,-0.3409,2.9346,2.8156
7.7778,0,5.8427,1.5113,0.60104,5.2066,3.4485,4.9706,4.3407,3.8842,2.5513,4.1377,-0.6197,9.7562,8.4935,3.3408,3.062,1.8302,6.0118,4.1957,4.082,4.8282,3.3491,7.0083,6.0737,4.9896,5.8326,1.4869,4.0288,7.5174,8.5404,2.7214,3.162,4.0217,8.0438,4.2743,2.4503,5.2989,0.63726,-5.821,1.4822,5.1629,6.3642,2.6743,4.9694,1.6,4.0011,5.4401,2.2336,5.1745,5.4232,6.2257
7.7778,1.1111,4.3023,0.57097,3.5776,3.5049,6.5026,3.4915,9.4987,5.8907,5.417,-1.9375,3.7289,-1.3187,6.3565,-0.22455,-3.1518,0.32952,-1.8942,-2.8563,0.3662,4.354,11.103,3.9412,0.87718,4.5128,1.5488,0.52416,0.047124,3.1897,2.7529,1.9874,2.6505,6.4065,6.7157,0.16745,1.2214,3.7113,5.8208,1.6977,5.8749,-2.0413,7.8459,8.3731,6.0493,3.6657,5.7165,0.55342,2.7499,0.018025,5.4485,-0.66055
7.7778,2.2222,-3.9737,2.5161,0.095218,1.7316,-0.94601,-1.8322,3.1769,-5.8221,2.2609,0.29718,5.5576,-0.37564,0.94172,4.486,-1.0245,2.4241,-0.22609,7.8934,-0.1164,0.39927,5.8855,1.4998,-1.5997,-0.59652,0.87083,2.0281,5.8748,-1.8982,1.2556,0.55218,0.12102,1.8843,2.4419,1.8019,1.2656,1.2828,5.0793,-1.4125,3.5449,0.66716,1.0268,5.5145,1.5154,1.4416,3.8352,-4.2731,7.733,-0.43769,-1.6531,2.2641
7.7778,3.3333,-0.91964,-1.8636,0.11833,-0.16306,2.4653,-1.7736,0.76502,-3.4099,1.6085,-0.12708,-0.81986,1.1413,-1.2834,0.52367,-4.535,-0.13219,-0.018668,-0.98067,4.9331,5.3884,-3.4534,3.7201,1.4359,5.3232,3.3531,-1.1174,2.6477,4.6898,0.11175,-1.8413,1.0926,3.1149,-2.76,3.8184,1.7721,-4.052,-3.3327,2.3037,-1.1132,2.3048,4.101,-2.0576,1.4164,8.6345,1.2753,1.8238,3.8623,1.9191,-0.78852,3.3723
7.7778,4.4444,3.8748,-3.227,0.1304,0.16294,-1.5464,-3.444,0.70748,-0.072058,-1.5566,-1.0945,2.127,1.8937,1.4376,-4.5901,-4.9358,-0.028134,2.6058,4.372,-5.644,-0.67732,1.5066,-3.2442,-0.14861,4.6065,3.2082,2.0957,6.5553,1.5503,-0.30109,2.5589,-0.31832,-0.44114,2.6877,5.32,-0.98406,2.7043,-0.75511,1.3609,0.85073,-3.6459,0.085047,4.6823,-2.043,5.5718,-0.049564,2.831,5.6488,3.6655,-4.7828,-2.1174
7.7778,5.5556,2.2723,-2.5513,-3.7911,-5.3762,1.275,-1.1408,-1.2603,1.9456,-1.8721,2.2812,-1.0382,-0.40358,-0.92595,4.5987,-3.9313,-0.47429,1.4313,0.62912,-4.2614,-7.49,-2.9286,-2.1969,1.9205,-5.2772,3.3561,-5.5125,-7.5143,-1.5824,-5.6136,-0.58496,1.4005,-2.8254,-1.5723,1.3847,-6.4167,1.4867,-2.1142,1.0243,3.3882,-1.118,0.45941,-2.3006,1.5205,1.3854,-0.05234,1.2663,1.1554,1.0551,-6.2141,1.9385
7.7778,6.6667,4.5286,-1.7111,-4.4994,-0.27633,-0.53457,2.1842,-1.4216,-3.6524,-0.099457,-0.28433,-5.2327,-1.8171,-5.5194,-0.1794,3.6626,-3.5974,-0.038269,-1.1321,-4.6207,-0.71002,-3.4484,2.3553,2.3247,0.12643,-5.3915,-2.6862,-3.9258,-1.1278,-1.5913,-4.3614,-2.3296,-0.85814,-3.7866,-2.8772,-4.062,-2.3155,-0.62802,-0.90152,-2.7202,3.1705,-1.3209,0.43631,-1.6166,-0.78547,-0.37008,4.4666,-4.4597,-6.2648,-0.77306,8.51
7.7778,7.7778,-0.17908,1.9724,-1.1031,-4.312,-6.1353,3.409,3.3867,1.6577,-1.7969,0.24216,-1.1038,-5.1506,-1.3853,0.9,-0.45068,-2.7647,-3.2063,-5.6587,-4.2783,0.67906,1.8026,-4.5377,-2.9334,-2.0826,-2.6898,0.12871,-3.1459,-3.6121,1.4136,2.0919,-1.6531,-5.3401,-2.0966,-0.41254,-0.22548,-0.074018,0.28624,-3.3856,-1.5714,1.8492,-3.1223,-1.4404,3.9772,-4.1394,-4.4589,-0.79928,-5.7539,-2.0762,-0.58223,2.8475
7.7778,8.8889,1.2914,-2.4524,1.9199,1.631,-4.7646,5.8221,-3.8413,-2.9339,-2.8282,-5.7792,-4.8472,0.92124,-1.7142,-1.5794,0.50009,1.5896,3.0418,-4.0145,-5.2659,1.2418,1.6632,-1.3139,1.285,-4.4452,3.2195,2.7483,0.88915,3.8617,-4.6304,1.5215,-8.9205,-1.4883,3.219,-2.7319,-2.5547,8.4527,-2.2974,-2.9137,-1.3284,-2.2304,-5.4734,2.8318,0.16047,0.58735,1.0733,4.6166,-0.32117,0.14141,-8.5934,-3.5786
7.7778,10,0.022455,1.8336,-4.7178,-2.428,-3.3652,0.088636,-1.1858,-0.029322,-2.9581,-2.901,-0.61559,-3.2367,4.1367,-1.5651,2.8788,-2.5963,3.2894,1.8087,-1.9375,2.6785,-3.1735,6.3714,-2.9128,2.3674,-0.6979,-1.0739,-1.0803,-1.3363,-4.7474,1.7842,1.7352,1.7108,-4.1424,0.21328,-1.6503,-5.6636,4.8568,-3.7567,1.089,0.7632,-1.0267,3.9342,-0.90174,1.8252,3.0806,1.6017,2.675,-0.65173,-6.05,0.030118
8.8889,0,5.7609,6.0272,6.0966,8.6773,3.4515,0.53117,4.3121,3.5219,5.3857,13.36,7.6353,10.427,5.2243,3.6437,10.603,9.5939,7.2071,2.7749,7.1992,1.4675,8.8506,7.1871,6.1558,5.9593,7.1421,10.174,10.728,8.2302,3.9421,4.4887,7.0906,4.4252,8.7133,8.9305,0.60656,2.8499,3.1342,6.9657,5.3929,2.6613,3.5336,7.7412,11.496,9.361,4.0656,5.4992,9.7581,4.0886,6.1256,3.9631
8.8889,1.1111,-0.82963,2.6007,-1.076,11.364,4.3754,7.34,6.042,3.8483,2.4067,4.2865,2.3813,3.7113,1.2997,1.8832,5.0329,4.8895,6.0092,6.1571,3.1891,2.6534,9.4538,5.0615,0.047154,5.4997,3.764,3.5818,6.505,7.235,0.50387,9.7735,7.2831,9.8272,4.4369,0.17907,0.54131,3.6084,3.9479,1.5927,4.2188,1.0763,-0.2568,0.85347,0.69428,4.3649,8.7935,2.0873,9.6218,4.7651,2.8541,2.7362
8.8889,2.2222,6.4862,0.91478,4.1465,4.5819,6.8338,-0.53045,8.2906,0.34714,8.5138,6.0569,0.3846,-1.8704,8.5898,2.7804,-1.6773,-0.2766,1.4154,4.147,3.5812,3.8481,8.4897,1.4959,-1.8855,4.5257,7.6529,5.996,2.0473,2.3956,3.1191,2.3728,3.1636,4.7339,3.0529,7.2839,0.74746,4.1187,2.3575,-1.8695,-0.33153,4.7677,2.6902,-0.29281,3.4071,3.9028,6.8273,0.53207,8.599,8.5517,2.8747,1.3089
8.8889,3.3333,9.0283,2.5058,0.62245,0.40106,3.5236,4.5784,-0.26115,5.1308,1.556,-1.1349,9.8886,2.4373,2.2188,-2.0067,2.4117,2.1368,-0.11565,3.2604,-2.4847,1.2708,1.8484,1.9341,0.23251,3.7171,7.4451,-3.9869,-2.064,-0.83431,7.1778,0.98075,6.526,5.796,1.0573,7.3853,3.0889,0.2443,3.2857,2.9035,-0.49183,2.7108,1.9291,1.8693,0.9782,0.8588,3.2105,2.8785,3.2542,2.7841,-0.91909,1.158
8.8889,4.4444,-6.4091,0.76144,1.5234,5.5992,3.1931,3.1693,-1.1046,2.6256,-2.7782,4.687,-2.0244,-2.3367,4.6573,3.0485,7.6333,-2.0645,-0.40419,-0.31085,0.3186,-2.096,5.4001,3.0443,-1.5515,1.9183,-0.8768,-0.040189,-4.2268,0.022033,1.9961,1.9391,0.46865,7.822,0.40376,2.5905,-2.194,3.3209,-1.7143,-3.8035,-5.5928,-1.3756,-1.2518,-1.8028,-0.056348,-0.37544,-2.8694,5.7898,-1.5215,1.2991,6.8422,0.12246
8.8889,5.5556,2.7913,3.6717,0.55927,-1.2304,-3.7819,-2.1068,-0.97097,6.0408,4.5692,0.93595,-1.5886,0.3796,5.6353,-5.9076,2.9976,1.5074,-6.4956,-1.4042,-0.50038,1.9003,0.3753,-1.2672,-2.9838,-6.3407,1.3723,3.854,1.8815,-1.6062,-2.6507,-5.9222,-5.5588,2.4704,-1.744,-4.4629,0.65461,5.7015,0.26304,-1.7255,2.203,-6.7706,1.0309,3.2779,-7.9606,1.2665,4.6395,-0.010797,1.9863,-2.6532,-3.6279,0.070444
8.8889,6.6667,0.71473,-4.3908,-1.8899,-0.23067,-1.9351,0.60563,4.2237,-3.9113,0.80253,1.189,8.5119,-2.1822,-1.4929,2.4498,0.2658,-2.1037,4.3671,-1.8573,-4.4191,-0.51916,-5.0549,-4.2614,1.6031,-2.1506,6.0422,2.7481,1.9411,1.7377,-2.1844,2.3387,1.6698,2.3562,-5.8182,-0.87463,-1.016,0.15168,1.781,-5.1117,-4.6291,-1.4719,2.7874,-4.1291,-3.4886,-3.5151,4.9675,-2.614,0.438,3.0808,-4.2585,-2.8634
8.8889,7.7778,2.194,5.8614,4.7478,-3.5989,-1.8531,0.96136,-1.4926,-2.773,-1.1901,-4.2779,2.6212,5.4539,3.3348,3.2784,1.8617,2.7762,1.8544,0.16109,-4.7207,-5.2438,0.25276,-1.3701,-6.6253,1.807,-6.2871,-0.18206,-4.4191,-3.54,-2.8501,-4.6622,-3.7372,-5.8193,-2.9917,-0.9296,0.92202,-1.7554,-0.57445,-0.85206,-0.68036,-2.1953,2.5754,3.76,1.8993,0.030049,-3.0571,-1.3599,-0.92938,-2.0317,1.7966,-2.293
8.8889,8.8889,-3.3748,-1.2011,-0.42599,-3.1968,-1.2996,-4.1431,6.2532,-1.3155,-8.2892,-4.9336,-2.373,-0.54457,0.9616,2.9895,-3.8183,-2.3568,-3.0601,-5.0732,2.7373,0.23261,0.86291,-1.0787,-3.2948,0.60664,-1.7655,-3.945,2.9483,-7.3969,1.8057,-4.2227,4.3738,-1.2043,-2.7834,1.4672,-3.6236,0.38131,-4.0539,0.44348,-2.3484,-2.4081,-2.2225,0.18399,-0.86467,2.3727,-0.38596,-4.8617,-1.3167,0.79867,0.47292,-8.6469
8.8889,10,-3.5774,2.8449,-1.2807,-5.9439,5.5647,-0.48166,1.0417,4.554,-2.445,-2.1464,-4.0607,-0.37965,3.4391,1.7834,-7.3986,-3.4574,1.2142,-1.1114,-2.0068,-3.912,-1.2197,-4.1013,-4.1709,-0.52904,-4.9252,-5.9327,-0.64006,-2.0149,-1.0703,0.79703,-1.6405,-0.80948,1.4268,-0.10107,-1.8108,-1.161,-1.6772,-3.3595,-3.8636,-6.9887,2.0579,-0.58558,0.4014,-3.8203,-6.857,1.1399,6.8154,1.6726,-2.3451,-2.8736
10,0,9.5542,3.7648,6.8369,8.8703,6.4514,5.9186,10.151,9.2042,11.314,5.5489,9.5632,12.464,7.7176,12.022,6.4683,7.8033,7.2818,6.2924,8.2836,10.395,9.8265,7.5443,6.976,7.1392,12.076,7.9206,11.395,12.048,8.3951,13.245,9.8822,2.0899,8.3345,10.853,11.083,7.4715,6.1172,5.1248,13.264,7.099,3.8312,7.6248,7.3964,3.543,10.814,8.3138,9.1298,7.8307,13.412,4.3244
10,1.1111,1.2254,3.2137,6.0542,3.764,4.3379,4.3757,9.8373,9.6623,5.646,5.7328,5.0108,6.5074,13.71,7.8114,8.8217,6.8741,11.287,2.2937,8.8066,3.7198,0.28511,6.558,1.0607,6.7839,4.406,10.654,3.7997,10.572,5.088,10.78,9.8104,7.4571,10.126,6.5646,12.662,4.4444,7.1124,5.2523,4.3946,2.7999,7.5114,5.9568,0.67994,1.3432,3.2068,7.5182,8.1438,10.76,8.2366,4.2221
10,2.2222,8.2165,6.3141,5.9596,8.3505,7.966,4.7628,4.6426,-3.0991,-0.16013,4.6534,2.0862,5.3852,4.6056,3.9847,5.9502,4.7739,8.4714,5.4754,-0.35988,7.1223,4.6034,-1.6651,4.6683,6.9094,1.229,5.7073,4.6467,1.3297,5.2708,2.9534,0.93944,5.5857,4.0476,1.8755,3.1504,8.9811,4.9085,3.6601,3.8918,8.7174,0.20891,6.2026,3.9137,4.3853,3.9735,6.0548,3.9855,5.3135,7.1323,0.84596
10,3.3333,4.9124,-2.3867,1.1688,4.6206,6.7759,2.0491,2.9277,-1.834,-2.1573,4.8185,2.8474,0.16256,4.216,3.2773,2.7129,0.45453,3.7793,2.5499,6.9084,2.8924,1.1009,-1.278,0.93537,-1.295,-0.32499,0.70759,1.6113,2.6751,0.43145,4.7549,10.26,4.9583,2.9179,4.705,0.24963,4.2863,5.739,-0.71895,1.2634,6.5644,0.11393,0.51685,2.3025,-0.19019,4.8874,0.28709,2.7933,1.7532,10.724,-0.042244
10,4.4444,5.7308,0.57935,1.425,1.7874,0.25446,-0.71647,1.6044,4.524,2.3407,3.8381,3.1728,3.1916,6.8418,5.2639,-1.2053,0.85262,3.946,-1.1102,5.8233,-0.67221,-0.61713,-3.0386,1.1941,0.086857,7.0876,-0.35767,2.3699,3.5924,6.0312,6.867,3.5526,-0.7664,1.3766,2.9022,-1.9836,-0.38267,5.5223,0.57742,-1.6596,1.2652,1.8792,-0.78585,2.9458,6.0666,0.86318,-0.4687,-0.31291,3.7589,1.8624,2.1749
10,5.5556,-0.84481,1.8566,1.6167,5.4256,-2.6215,-2.1358,1.878,-1.5102,0.49321,-1.6402,-3.3106,-0.60098,1.3006,4.4904,4.6287,-2.47,-4.3674,-2.2941,-0.289,-2.716,-0.54428,0.66574,5.2366,0.28973,1.8992,-1.9645,-3.8899,2.4833,3.5733,-0.27425,-1.9354,5.906,4.3025,-1.3512,3.1847,2.0097,-3.1527,0.907,2.5944,3.4231,1.6964,2.0343,-3.533,-2.1929,0.39137,-8.7115,0.35289,1.1632,-3.8616,-2.2695
10,6.6667,-2.4783,-6.2393,0.41194,-4.4612,-3.0973,2.0074,-4.1355,3.4984,0.74733,-2.0232,3.3663,1.2875,1.8341,1.4783,0.22998,-1.4539,5.7696,0.73952,-4.2824,-1.2927,-2.1922,-1.727,0.30229,-1.6086,-4.4023,-0.6724,0.14716,-0.94373,2.458,-1.7465,-5.5461,0.52451,-0.19808,-6.2417,1.5068,2.3908,4.2093,0.61422,1.1608,6.8572,1.4489,-2.3422,0.20448,-7.2768,-0.69661,1.2773,-0.30079,4.0276,-0.35133,3.0521
10,7.7778,-5.0267,0.24652,-4.1795,1.7355,0.96621,-0.46631,0.46858,5.1362,-1.6207,1.8683,-5.3798,-2.0054,-2.6827,1.778,4.2787,0.16459,-4.5232,1.4208,-1.2035,-2.4559,-4.8999,-1.5936,-3.5483,1.2933,-1.2051,-2.3724,-2.4136,-2.802,2.9426,-4.6747,1.7551,-2.8244,-2.6021,0.50026,-0.17956,0.029243,-1.6694,3.761,-7.2019,-0.18076,1.0181,-3.2203,1.1828,3.2024,-0.39514,-1.246,-2.5876,-0.96378,0.6497,-3.0781
10,8.8889,0.6718,3.5195,-3.8643,-1.0747,0.15819,1.2594,-8.2274,-3.7758,4.213,-1.0613,-1.5099,1.6476,-3.5912,-3.92,-3.4983,-4.4617,-1.2717,0.88144,-0.24359,-1.6079,-5.0442,-0.4861,-5.1178,-3.5892,-1.1813,5.0801,2.4359,-1.2767,3.5757,-5.1545,-1.2017,0.59292,-0.49272,1.5428,-4.3561,-3.3696,-4.6572,-0.41216,-1.1653,-0.25267,-2.9798,3.0152,-0.30089,0.82155,1.235,-3.4002,1.0848,-2.8876,2.0687,-0.83487
10,10,-0.32351,-2.1324,-0.27906,-3.3922,-1.3668,-3.9307,2.8892,-0.40648,-1.053,0.41794,0.39649,0.91916,-4.6214,-5.5776,-0.011753,-4.2381,0.29128,4.6773,1.0907,3.3904,1.8401,-4.6586,3.7406,-1.338,-6.4023,-3.0935,-1.3038,-4.351,2.5155,-0.31362,-3.9103,-0.4684,-6.5872,-1.0652,4.2952,-2.0528,1.6237,-2.8256,-4.8569,-2.043,1.7335,0.52611,1.9763,2.4512,-2.641,1.5374,2.8476,-1.963,-1.0473,1.7843
