0,0,3.9136,4.2955,-1.2366,-0.10872,-2.4278,-0.64014,3.3488,3.627,0.59725,-4.6978,4.8688,0.11095,2.3362,1.8515,-1.2321,1.1701,5.4231,5.9073,2.5148,0.3954,1.254,-0.5306,2.5154,0.51744,4.2407,-2.4139,1.0185,1.5186,5.0518,-1.7025,0.15163,0.51602,0.56288,-0.27824,3.2467,3.0138,-0.64555,9.576,0.87,0.1127,0.39366,5.9449,-2.3384,-4.3315,0.78118,-5.0009,1.3542,-5.1968,-1.9491,4.4851
0,1.1111,2.1685,-0.17461,1.6099,-3.2717,0.5472,-2.6713,-1.0002,5.6867,2.0678,2.4133,0.17005,-1.5454,2.343,0.97572,-0.68887,-2.0234,1.9159,1.8106,-4.6776,0.060109,2.5068,-4.9593,1.73,-4.4399,2.6288,-1.3339,-3.7042,3.3712,1.9947,-0.50222,4.5198,-3.8388,-2.796,-2.6998,4.3426,-0.44399,-8.4039,-5.3351,0.83605,2.8975,2.663,1.3425,-1.3955,-1.5362,3.7264,-2.4136,-0.87857,0.93281,0.21727,5.366
0,2.2222,0.98471,5.356,-0.58026,-3.1114,-1.2358,0.93577,1.6187,-1.775,-5.4645,3.1217,2.6382,-0.86385,0.72442,-3.9023,-7.1267,-1.952,-1.03,-4.6763,1.063,1.1546,-1.0902,-1.5532,5.0908,-1.7381,1.0553,-0.83858,-2.7747,-3.2615,2.8048,3.0052,4.7214,0.31858,5.4469,1.1069,-0.05183,-0.71463,1.9936,2.6702,-0.47588,2.3138,4.3867,-2.1477,2.0744,-2.3059,0.84564,3.1377,-3.408,-3.764,2.2921,-1.8637
0,3.3333,5.5293,0.017081,-3.4148,1.0091,3.0173,1.1111,-0.46018,3.1447,1.0028,4.0501,-1.3936,2.3062,4.1121,-4.6147,1.0638,0.049998,1.8373,-0.1803,8.1245,-0.69641,-2.9155,-0.12461,-3.9351,1.3038,6.2551,-2.1588,2.6322,-1.9732,-0.33319,-0.97856,0.11613,-0.85486,6.1864,0.94757,-2.2936,-3.8376,-2.5066,6.3949,2.0108,-3.7623,0.14221,-1.857,4.6033,0.49785,-0.32554,-1.1034,1.6378,-4.44,-3.2572,-1.6949
0,4.4444,-1.0504,-5.1128,1.7154,3.0576,-2.6863,0.8114,-3.6079,-3.1347,1.9946,-3.0139,2.0112,0.11461,4.0931,4.5514,-0.36577,2.0563,1.0846,-6.3225,5.6279,-1.5533,0.88344,-4.6954,3.6345,3.6738,2.5648,4.2919,-0.62315,-4.0044,-0.065493,-0.55958,2.7928,1.387,0.24077,-0.36161,-5.2833,-1.0583,4.9308,1.0942,-0.045906,0.63001,0.7768,0.70462,4.2666,2.2826,-2.0265,-0.83765,0.57716,2.6005,4.6644,0.81824
0,5.5556,-4.3353,-0.79811,0.028994,4.0679,-0.75865,0.87157,-4.0772,2.4613,4.1744,2.4974,3.2177,-2.1362,-2.7688,-2.057,1.1407,-2.5001,-0.65465,-2.0391,-0.66577,-2.9985,3.0195,3.0222,0.88352,4.0463,-0.96832,-3.0188,-0.67165,-1.6495,1.3403,3.2841,2.3765,-1.2318,-0.17434,-0.77119,5.1552,-4.9487,-0.15391,-0.52389,4.0687,-8.2394,0.06623,-1.786,-1.8381,0.41179,0.1491,2.5567,-0.00015185,-2.2308,0.064615,2.0194
0,6.6667,-0.41754,-4.4444,3.9967,1.9739,1.0878,-3.8461,1.1401,2.4302,4.3886,-3.5824,-2.7643,4.8334,-6.2955,-3.2531,6.2228,2.3072,-2.4047,-4.7085,3.2235,2.0189,0.518,-0.90031,-1.4012,5.2627,-2.0061,-2.8237,-0.77069,-2.8262,-1.7629,-2.5476,4.6533,-0.8968,0.8581,-2.1581,6.5243,2.1817,-3.7557,3.0948,-1.188,0.784,-1.7445,-0.026324,3.2998,0.68509,1.1063,1.9845,-2.4983,2.2626,1.3454,-2.8113
0,7.7778,3.6003,0.19928,-3.2497,-0.78946,-2.0105,-7.4445,3.7915,0.5436,-5.2131,-3.6841,1.3585,3.3747,-3.1898,3.6901,-1.9905,-3.4786,2.3566,-3.0531,-2.0059,-0.68341,5.7562,2.4767,-5.5147,-2.6564,3.121,-2.3413,-3.657,2.0009,0.70944,-2.7139,2.797,-3.2086,4.4703,2.9324,1.3504,-0.16994,-2.456,-7.1619,1.9425,5.8065,-1.0383,-1.2486,-1.9059,0.12875,0.86228,3.3833,0.23397,-2.9649,1.4257,-2.467
0,8.8889,-4.9683,1.0975,0.0028961,-0.17001,2.0179,-1.4766,0.83715,1.3038,-0.41664,-0.25592,-0.66753,5.0793,2.5904,-0.42737,0.67587,-1.7337,1.0292,-1.9803,-0.27496,7.8237,1.7871,0.38244,5.4378,-1.0456,-2.2722,0.34536,3.2389,-0.46004,2.5047,0.61484,1.6407,-3.0351,-0.84788,0.4051,-0.039836,4.2452,-4.3245,-1.9564,-3.5819,3.5985,3.3106,2.7216,1.1262,-2.0855,1.7609,0.018268,1.0226,3.9673,4.5146,-4.066
0,10,-1.3291,0.65571,-0.91985,3.222,-0.47852,4.1188,-1.0902,3.5179,-4.3379,0.60404,-5.2789,-5.0687,0.70562,-0.36566,2.166,-4.5791,1.4458,3.3075,1.4193,-0.16663,-0.34073,-1.2338,0.93342,-1.9774,-1.9514,3.3339,2.6226,1.0261,5.0068,1.6299,0.26226,6.0497,8.8052,5.8896,-0.40299,-1.6782,3.9579,1.4031,-0.29756,0.1417,0.58374,-0.47011,-0.38854,0.57371,0.4162,-1.4718,5.1425,3.1378,-3.4031,1.3156
1.1111,0,0.96723,-6.8374,2.0594,1.3642,1.5838,-2.9612,1.9828,0.32937,-0.50274,3.7386,3.3505,3.3225,-0.90495,2.9719,-0.27886,2.1566,1.8311,6.9672,4.5402,4.1855,-4.8498,-0.43675,2.1203,-2.2633,0.082636,2.8833,-4.1712,1.4266,-1.4261,2.146,-1.4351,-1.1102,5.8954,-1.1926,5.0061,4.5372,4.3663,-0.79201,-6.3993,-1.2869,-1.3037,-0.22027,3.3705,-1.098,4.6662,-1.5628,1.5971,-0.48373,2.8257,2.9935
1.1111,1.1111,-0.41032,-0.59544,-0.76652,-7.2988,1.5065,-1.1127,4.2815,4.2085,2.5503,-7.9361,0.87356,-0.40969,-3.0121,3.4792,-1.3217,2.1136,0.92713,1.0092,0.33902,2.2218,0.059621,1.8898,0.8894,1.1593,-2.6641,1.2885,0.73334,0.69836,-2.7482,5.0063,2.3902,1.7896,-2.8707,1.1626,3.9677,-0.44486,-2.7287,1.0159,1.477,2.4568,1.1682,1.4205,-0.73832,5.0599,2.3058,2.9106,5.4229,-3.5166,2.047,0.73265
1.1111,2.2222,-3.0884,-0.91156,5.6468,-6.3879,0.90298,4.7204,-3.317,4.0734,-3.2538,-6.9362,-0.2527,-1.4285,-4.3368,-0.57969,2.6414,-9.2259,6.1943,-2.9009,0.78323,4.4914,-0.028212,4.0657,0.27043,1.7538,-3.2412,4.5103,1.5001,0.99125,1.9856,4.313,-0.82878,6.2751,-1.3322,2.073,2.3738,-1.6927,-0.36169,-1.4986,-0.48555,-4.1135,5.6,4.0535,-4.2022,3.2035,6.0143,0.28353,0.53956,-1.7052,1.4027,1.9008
1.1111,3.3333,3.0482,1.4086,1.2259,3.1281,0.12637,2.4489,-2.862,-1.6939,0.96771,-0.23279,5.8855,3.2919,-0.66363,0.42262,4.3768,-1.8959,-2.9444,7.9735,2.7717,0.37154,-4.7602,-0.53974,-0.63529,4.5947,-0.87925,-1.3411,5.2312,-1.0179,1.3641,-7.4149,0.46897,3.7259,3.284,6.8183,0.65995,1.8402,-0.42492,1.0543,-2.9346,5.2232,-2.3904,2.5764,-2.764,1.5937,2.7972,1.5155,-0.022021,-4.5423,-3.9109,-1.9659
1.1111,4.4444,1.484,-2.2002,-2.7269,2.7797,-2.9236,-0.97785,3.4963,-4.7146,1.4855,3.4525,-3.1022,3.1958,3.6102,2.6015,-1.498,3.5598,5.8607,-1.0832,9.269,1.794,-2.4897,0.97105,0.47855,3.5377,1.3087,3.9074,2.5386,-2.4548,-2.2697,-0.69907,-0.53327,-4.2979,-1.5984,-0.58914,2.4458,0.029178,1.484,1.2316,-9.0243,-0.76238,1.6585,-2.1509,0.29429,-4.7281,0.17819,1.9025,-0.68088,3.2097,-0.26163,-2.1576
1.1111,5.5556,4.9342,-0.92037,-2.6513,0.80121,2.0024,-1.681,1.4739,1.92,-2.0762,-1.1338,1.6417,2.8212,1.847,-0.011289,4.2538,-4.8572,0.91186,-1.9218,0.89522,0.35644,-3.919,4.5879,0.10682,-3.6087,-1.9772,2.0557,6.176,1.86,3.6774,-3.458,1.9819,2.6905,-1.0637,-1.6491,1.5316,3.0519,-2.9097,-2.4618,2.2704,-4.2179,0.39312,0.19316,0.32654,-1.4543,0.21965,0.9882,0.21794,2.22,-2.6931,0.055236
1.1111,6.6667,1.4098,3.8461,4.1033,-0.60905,-2.0938,0.050978,3.3065,2.3647,-2.3258,-3.9316,0.59286,0.85156,-0.33765,-0.64334,-5.8043,-7.3519,1.3174,0.2816,-1.5455,0.27916,-1.459,1.2294,-3.728,-1.2862,0.21752,4.1806,1.8277,-1.6366,-2.5398,-4.4589,-1.55,2.17,-3.3381,-1.5271,0.21514,2.9574,-3.4952,-1.0483,-2.0011,-0.14181,-2.1365,-1.2017,3.9652,1.1617,0.76768,0.88537,-0.73265,-4.0581,2.1241,-1.1567
1.1111,7.7778,-1.1505,-2.5938,3.4366,-0.014122,-4.6714,1.7006,-1.5949,-2.0801,-1.8124,-2.5269,-0.66386,2.1802,-3.3088,0.46454,4.1009,3.9188,-2.6687,2.8572,-3.825,2.3385,3.4232,-0.41936,-0.9359,-4.9749,-5.7159,0.14907,-1.5435,-2.354,-6.2274,1.6632,2.0999,-1.7592,-1.5029,-0.24817,4.5578,2.0716,-2.5911,-4.0074,-2.3081,3.3382,-0.74902,1.6237,3.1419,-2.2221,2.6206,0.0013244,-8.904,3.1825,-0.72501,-4.081
1.1111,8.8889,2.6593,-2.2412,-0.92515,2.3638,2.0013,0.84643,-2.5644,-4.9259,-0.70461,-3.1995,-1.7276,2.8368,0.59011,1.3218,4.7609,-1.9642,1.8975,-1.5189,-1.7923,2.7571,-0.44172,0.55311,0.79572,0.2303,-5.5178,6.5346,2.4024,-2.7726,-2.0104,-0.57368,-2.1624,1.0159,3.957,0.48506,2.6074,-6.477,0.39102,2.6282,5.0307,-2.1003,-8.505,0.80093,2.7265,3.9116,5.3912,-0.82377,2.5599,-2.3743,1.6296,2.7515
1.1111,10,-2.7427,-0.80808,4.718,4.1262,8.3455,1.4175,2.3662,1.6322,5.6194,-4.4121,0.68411,-3.0153,0.22956,-0.20367,1.6605,6.5672,0.16758,7.2929,0.82108,-5.2902,-0.72815,0.28827,-1.8785,3.6771,5.3483,0.74483,-4.4656,-3.1974,2.1474,3.9409,2.7649,-5.5693,0.93291,-2.687,4.6945,1.3214,0.32502,-0.99282,3.89,-3.2406,-2.619,-2.7229,-0.75344,2.5804,5.0957,-1.4394,-0.11832,2.9682,0.17316,3.6199
2.2222,0,-2.5551,-2.3791,-1.4486,0.43975,0.29978,2.9384,4.9906,6.0894,1.9469,0.35352,3.3535,2.7516,0.49399,3.0544,3.253,-4.2003,4.7679,-4.1886,0.12558,1.0707,2.5965,-0.51559,-2.9474,-0.77798,5.4219,-0.027853,-1.9327,-1.7217,-1.2943,3.2399,5.1914,0.25268,3.6961,6.2137,2.9306,6.4091,2.797,1.499,-2.883,-0.35706,6.1405,-4.3684,-1.1608,3.3626,6.8204,4.6907,5.1788,-0.047862,-1.3616,4.1825
2.2222,1.1111,7.8919,-1.6835,-1.2375,5.8146,2.9024,-1.4227,-2.813,-2.1895,4.676,-3.5851,0.80087,3.0109,2.1619,0.50625,0.013653,0.72596,1.4548,4.3278,-2.73,2.0545,0.72493,3.1387,0.054925,-1.8631,0.40114,0.5219,-0.087748,0.84033,0.14728,2.1562,-2.7903,2.201,-0.27269,1.6739,0.036513,-1.7364,0.99435,-6.1164,-1.0817,0.33367,-1.5855,-2.8219,-2.696,-1.9774,4.3852,1.1011,-4.9555,0.5593,1.896,-0.68322
2.2222,2.2222,4.0571,0.35522,-7.9352,-0.37961,-4.43,1.9588,1.4647,-0.25833,1.8274,-1.3479,-5.3932,-1.7679,-2.6652,1.4324,6.5317,-5.3611,-0.53614,3.5705,-2.8505,6.3688,3.0113,-0.21878,-0.43308,-4.9591,-0.97874,-2.1079,7.7595,-1.6508,0.17842,2.7774,6.4722,1.5366,1.3938,0.3161,3.3795,-1.4381,0.76449,-0.81629,-4.2071,0.52,0.57525,-0.85773,3.8817,0.18329,-1.5209,-0.16155,2.5861,1.6455,-6.1744,-6.4007
2.2222,3.3333,-4.8726,5.1641,-0.13365,0.71312,-3.6127,-0.66508,-0.70069,-3.05,-0.97349,5.095,1.0075,0.43809,0.18104,-0.56075,2.7291,1.9119,-2.7063,-1.5114,1.159,-1.5499,1.8329,-1.4858,6.0291,-2.7906,3.5688,-1.8598,3.7075,-3.9836,2.5917,-0.48424,-5.4679,1.3086,-4.4246,-7.0237,-3.4643,4.1323,-3.6434,1.0518,1.37,4.7014,-4.5947,-2.5339,3.9203,1.9755,0.88368,1.1298,0.71348,-1.5961,0.35765,0.57386
2.2222,4.4444,6.1353,4.5154,5.0541,-2.9942,0.3444,4.4048,-0.88207,-4.761,1.4444,-3.7335,2.4951,3.6387,5.1468,3.692,0.15749,1.6038,2.5103,-0.20728,-3.8864,-1.7588,1.391,0.25571,-1.7239,-1.9987,1.2339,-4.8896,-3.9638,2.2606,4.9796,-0.21705,-1.1003,-2.6261,-1.5961,-6.688,-3.2166,-3.8996,3.5403,0.22846,-7.2532,5.8323,-2.3567,0.70802,-3.3731,2.7626,0.40091,0.59221,3.5591,3.4468,-0.23735,6.6949
2.2222,5.5556,1.2653,1.0286,1.7975,1.3757,1.1332,2.715,0.92642,3.933,4.9975,2.4293,3.2228,-5.5494,-1.2436,1.0194,-4.8118,1.9219,5.4458,0.59527,-5.2846,4.3643,2.4963,-3.9241,-5.4974,0.94019,2.9141,-2.0162,-3.6759,-0.52923,5.7612,2.4936,2.0099,-3.6193,6.0904,-1.677,0.39211,-1.5318,-1.7639,-2.5389,0.13359,-0.25473,-0.4188,1.3345,-2.044,0.2447,-1.5152,-0.27835,-4.1603,-3.3617,-2.2718,1.2418
2.2222,6.6667,5.1178,-4.4464,-0.82971,-0.018605,-2.1949,5.1525,-2.3777,-0.88523,-1.6257,-1.6681,3.8033,0.30958,0.19489,0.45178,1.0262,2.6799,3.2077,-4.2189,-6.3259,0.027512,0.35594,0.078561,-1.9924,0.2549,3.5,-4.5326,-1.9716,-0.40941,2.7207,-1.392,0.71327,2.4401,2.5137,0.071812,1.5532,-2.5535,0.74812,4.9779,-0.51525,-3.9106,-1.4594,5.1923,-4.7934,-2.8263,-8.0309,0.42215,-3.5016,3.2362,-2.0336,2.5964
2.2222,7.7778,0.29267,4.1642,2.428,0.93346,0.75722,2.4658,-2.444,1.7984,1.641,2.8858,-2.2906,4.8002,-1.8967,-2.6847,4.8782,0.98105,-1.1279,0.22581,3.4866,5.0239,2.3111,2.1465,0.65254,1.3244,-3.0404,7.282,0.51267,3,-5.2732,-3.3083,1.7283,-0.48405,0.81312,2.6157,-1.6412,0.46473,-5.6003,0.75443,-1.7891,1.1521,-1.5327,2.0712,2.8245,-3.08,5.5191,-0.56916,-0.13601,-2.1895,-0.96011,5.4229
2.2222,8.8889,-0.18965,1.3693,1.2387,2.2628,-0.45967,5.431,3.2963,-1.0907,-5.921,6.9245,0.15852,2.0378,6.0365,-3.1177,-2.0742,-1.9517,-1.9178,-1.4307,4.7426,1.8182,-4.9139,1.8958,-2.954,0.23283,-2.9923,-0.89581,-7.1686,2.6599,2.4635,0.77406,0.32387,-2.0219,1.386,0.73112,-4.7608,1.7235,2.5236,7.186,-1.5116,1.6607,-3.2378,2.1847,-1.5859,5.441,0.24522,-2.7634,-0.96558,-1.6396,5.6642,1.6539
2.2222,10,0.52277,-2.7072,4.2136,1.6936,-0.6187,1.5036,6.0332,-0.79682,4.0541,3.0157,0.03519,0.78091,5.7896,4.7134,5.8039,-0.94294,0.99084,-4.2106,5.6931,2.0507,2.933,4.2578,2.9831,-0.27967,4.2025,5.719,2.4955,-0.047718,4.1212,0.72207,-5.456,-1.4523,0.38024,-4.076,7.5302,-2.8592,-1.3871,1.5536,-5.6111,4.5381,3.4229,2.7123,0.33522,0.92913,1.7567,-0.92173,-0.032327,2.7692,1.0831,5.9881
3.3333,0,2.2983,2.2469,3.7615,-3.9414,-0.19617,6.068,4.5098,-1.0423,1.8407,2.4885,2.9221,-0.76702,-0.057166,3.6613,-5.5808,1.6346,0.37352,-3.6936,-1.1756,2.6822,3.7156,9.2248,0.90917,-1.1253,5.1766,1.7605,2.1265,3.5996,0.28164,8.6152,1.3148,5.4015,-3.0275,-2.1378,3.4495,-0.57396,0.6754,2.2647,0.88009,6.0945,5.0702,-4.0446,-6.8057,4.2973,-2.3104,3.8118,4.9796,2.889,4.2774,2.997
3.3333,1.1111,1.012,0.52229,3.3836,-2.6563,2.566,-0.089484,-0.63368,-1.8103,-3.179,-1.6499,2.7518,-1.4798,1.18,0.13633,4.7076,4.5455,0.77684,3.0807,1.2191,2.6506,1.6536,1.7621,2.7792,3.865,-2.3979,1.3424,3.1855,3.2615,0.4429,-4.201,3.2924,-2.7752,2.9604,2.0957,0.72249,1.6972,6.0185,-5.2114,0.80579,-3.0673,0.097767,-0.45955,-1.4742,0.75543,-0.76092,-1.0086,6.6525,-0.56212,0.089213,2.1025
3.3333,2.2222,4.7357,1.6262,-1.6567,-1.9376,6.2391,0.10325,-1.7768,-0.64116,-3.2546,3.1143,-8.0051,4.7436,4.9189,1.5587,1.3708,-2.9578,0.37058,5.2948,-0.018811,4.845,1.2132,-0.66259,-0.96777,3.3111,-1.4753,2.3308,1.9554,-3.7573,0.26769,-0.78997,4.4724,1.6482,-0.61162,0.50087,-3.1694,-0.57833,-1.4156,2.6097,3.8467,1.8833,-2.8544,-1.049,5.1452,-2.1612,1.4508,3.278,0.74435,-0.054421,0.52114,4.3044
3.3333,3.3333,0.68275,1.1863,0.95683,-4.759,-1.4338,-1.7816,-3.614,0.87377,0.10506,-1.6988,5.3402,-5.635,-0.87263,-0.41256,2.7172,-0.75046,-0.21905,1.0122,1.2375,0.85837,-4.242,-5.6212,-0.90578,-4.1673,3.9697,3.6486,-2.9952,2.5626,0.56841,-3.6621,2.7612,2.7055,1.6348,-1.6409,-1.8475,1.6406,1.2573,-1.9987,-2.7419,-1.4458,2.391,-2.5569,-2.5139,2.1637,-1.3408,-2.5357,-1.6371,-3.353,-4.8085,2.0898
3.3333,4.4444,4.292,-5.0113,-4.3805,1.0413,1.1281,-4.7862,3.9036,-2.0039,5.3139,-0.64999,-1.1533,0.54941,0.27785,-0.91093,0.32345,1.7661,3.992,3.699,1.0693,0.080018,2.0918,-4.9966,-1.2823,-6.2666,-4.4603,-1.0374,-4.2774,-1.3191,1.0206,0.4384,-1.3324,-0.28084,2.4324,-1.5754,1.3061,-0.26796,-5.2119,4.6354,0.034088,4.1192,2.6601,1.9794,-2.3918,-2.2033,-0.80354,2.3274,-2.8434,2.4003,-4.4904,6.9756
3.3333,5.5556,0.65247,-1.3372,-2.6727,-1.3067,-1.1788,-6.3766,-1.9161,3.2104,-3.0212,-2.0979,-0.32469,-0.89613,-0.31444,-2.5025,0.56822,-2.4073,-0.42494,4.0796,-3.7711,2.1801,2.3864,0.48262,-1.6623,2.2507,3.6406,2.1498,-2.9057,0.73863,-1.9894,3.1957,-1.6542,-9.8368,-6.8442,1.3733,-7.6361,-2.5134,0.26279,-3.237,5.5387,2.6084,-0.1449,-5.6059,-0.23102,1.3281,7.4333,-0.80312,-1.645,-3.2602,0.75393,-1.9516
3.3333,6.6667,-0.64044,-0.69499,1.7648,-0.92998,3.2297,5.7586,-3.0464,-3.2906,-1.8934,-1.3146,-3.842,-1.5977,-4.3354,-2.8682,1.1594,0.39464,4.6481,1.648,-1.3525,1.1278,-0.12221,-1.7984,4.7734,-3.4874,-0.45112,1.448,3.6512,-0.71645,3.6728,0.31413,-2.4477,-3.8158,2.948,-2.9893,-0.012303,-4.2123,-2.906,-3.4077,0.76926,2.1778,3.0061,0.62349,-0.65882,-3.7949,2.4061,-1.1523,1.2377,3.5705,-4.506,-5.0882
3.3333,7.7778,-7.2397,1.1604,2.0646,-0.92521,2.6958,-3.7083,-1.647,1.9468,3.1435,1.8558,3.9809,-1.2743,3.6878,3.6725,2.7264,-1.8301,-1.1214,2.3229,3.1379,-1.5829,0.61522,-0.88736,1.6542,0.25104,-5.1422,1.112,1.3546,-4.0406,-2.8375,6.2231,-3.5531,-1.6485,1.5883,2.4628,1.3497,-2.1852,0.17379,-4.226,3.9542,3.5874,0.65079,-2.2171,-2.1155,-0.81382,-1.6789,5.7616,0.33163,5.1995,-2.9048,1.5864
3.3333,8.8889,-0.22284,5.1977,-2.091,-0.98035,1.5257,-0.65403,0.019245,1.6771,2.2469,-0.63583,2.5907,2.9123,2.9848,0.79553,3.2643,0.75871,-0.92574,1.6161,3.7587,5.7595,2.0948,1.1827,-0.7358,-2.0376,1.8089,-2.4002,2.5828,0.27679,3.2896,4.8007,2.3936,1.651,2.2558,0.85816,4.556,2.2217,-1.7569,1.539,1.281,0.77797,0.16496,1.0686,3.199,-2.9982,-0.2098,2.0566,0.28072,-1.6062,0.082392,-0.92851
3.3333,10,0.61164,0.55244,2.3944,2.6997,5.1295,1.2637,-0.91831,5.6143,-1.4816,5.9466,-1.8478,-0.98027,3.7263,-3.4735,-4.7448,-3.7363,2.7604,1.0431,-1.3804,-0.13418,0.13807,7.9299,4.0017,2.8113,-0.836,2.1253,-3.2585,1.0603,0.72224,0.43121,-1.1058,0.63237,2.9846,3.3103,3.2534,0.47144,1.125,3.9874,2.719,-2.8157,3.3643,-2.5773,5.9535,1.8613,0.84547,4.1669,-3.3565,-0.7857,-1.5974,6.3526
4.4444,0,2.0976,2.1267,-0.19367,0.73182,2.4863,1.7785,0.32519,2.9912,0.89421,3.5775,2.0725,2.1238,5.3473,0.92035,4.7239,2.8637,-2.328,3.5004,-0.20222,-1.5878,5.3039,5.9309,-1.0268,6.7021,4.0947,0.58526,6.4525,-2.0373,6.3462,-2.4447,-0.26813,-3.1737,-0.83806,0.085389,-0.47417,0.27129,-5.2971,4.073,1.9654,2.1397,2.4499,0.63253,-0.21104,-0.25507,3.9232,1.9796,-1.5214,-0.65144,-0.61609,1.865
4.4444,1.1111,-0.211,-1.8119,1.0158,4.2274,-4.2453,-4.3847,-0.81936,-0.13903,-0.29812,1.4201,0.30944,5.0442,3.4152,-0.33759,5.0495,-1.1653,3.5613,-0.36773,2.9152,-5.5286,3.4208,-0.28867,6.0079,0.87885,4.7979,-1.0678,0.60701,0.5756,5.4433,-0.21607,-2.7385,-0.49634,3.1061,3.0086,-1.8749,-5.3291,3.0612,-3.1633,5.8395,3.9474,0.22422,-3.9033,0.44402,-3.6621,6.9746,0.87063,1.0722,1.4064,-3.7154,-2.9786
4.4444,2.2222,0.65584,0.48926,2.8039,4.2633,3.8156,-4.3919,-7.1647,1.1542,4.2241,0.32532,1.6317,0.89688,-0.36865,1.4762,-0.73765,-2.6109,0.24887,0.98199,-1.3006,-0.8093,5.3398,3.8929,-5.7541,0.83037,0.47882,3.7958,0.78809,4.1293,0.27221,-0.13665,-1.766,0.90896,6.9706,2.4985,0.54259,1.997,1.2864,0.89429,-2.5626,0.59298,-3.0584,-2.3233,-0.54934,-0.38453,-0.69384,5.7462,-1.6389,3.2743,-1.0165,5.957
4.4444,3.3333,-2.3109,1.844,0.76143,0.45769,0.97026,-0.20162,-0.41745,-2.4407,-1.0102,-1.2015,-5.0206,-4.1935,4.4287,3.4979,3.6305,0.15054,0.98154,4.1605,1.0385,1.6648,-5.0321,1.54,6.2643,1.7141,-3.0808,1.1019,-1.408,1.7014,0.0032023,5.0611,-1.9556,1.7903,-3.4832,-2.1931,-0.38025,-1.9899,3.3002,-1.1446,1.9828,1.6738,-0.96454,0.15122,-1.7789,0.7267,-3.1183,-0.51192,2.8283,-2.737,1.1461,-1.5745
4.4444,4.4444,-2.2592,2.0694,1.8917,-0.038215,-4.8274,-3.6863,6.1053,3.5387,2.113,-7.6322,-3.3763,-6.5189,4.4604,3.2943,-1.4164,-2.6139,1.3611,-3.1653,-5.2767,-0.76191,1.0377,4.0272,-3.0996,0.1111,-2.3743,-0.92619,1.2458,-1.7619,-0.048274,-4.3182,-4.2037,1.7555,1.2333,2.7226,1.967,-3.9525,-1.3937,5.3356,-2.0454,3.614,1.1505,-1.5027,-1.2111,0.17734,0.60947,-3.73,3.4424,3.1117,-1.1169,-2.8712
4.4444,5.5556,4.7844,-1.266,0.81273,0.37333,0.71693,2.411,-1.7404,-4.8595,-3.252,-0.87684,3.3337,4.0602,-0.81164,-3.5805,-4.8335,2.9159,-1.999,1.2343,-1.7531,-1.191,2.2641,0.7776,-1.1015,0.38955,-1.2778,-3.3266,3.8115,-3.3839,-0.21361,1.9567,-0.92763,-6.9075,-0.50971,-0.79844,-1.0062,4.0791,-4.1563,3.5345,1.012,0.73074,2.9332,1.1987,1.0686,5.9089,-1.4691,-2.1391,0.46206,4.2748,-1.4036,-1.5066
4.4444,6.6667,2.376,6.845,2.627,-4.6772,-2.3429,-0.69471,1.4482,-0.58582,1.8727,-4.7406,-2.2291,-4.0348,-2.2699,1.0004,0.25853,-0.21011,2.4783,-0.82257,-1.5462,1.0132,-1.4279,2.4966,1.3045,-3.8272,-2.0371,-4.4423,2.3831,0.81879,-2.3849,2.3911,-1.7529,-1.6221,3.1742,1.143,2.0297,1.7155,-1.4506,3.4438,-5.9238,4.0314,-1.0059,-0.514,-0.57472,-2.4038,-0.56171,1.0096,0.041732,2.1839,3.4437,-4.5371
4.4444,7.7778,2.5306,-3.0721,4.3172,3.8104,-1.4275,1.739,1.7748,1.0856,8.6411,-0.50026,-1.3321,0.063352,2.643,2.0357,2.1029,-1.46,-3.4263,2.4006,-1.3645,-0.62804,5.6275,2.4583,2.3568,3.0036,0.66301,-0.26089,-1.1986,-5.325,0.1889,3.197,0.80241,1.3639,-3.1111,1.26,-2.9618,-5.4049,2.1089,-1.4753,0.73431,2.8283,-4.2805,-3.2461,-1.1375,-6.4018,-4.1601,4.1863,2.0778,-2.6793,-0.63161,0.54751
4.4444,8.8889,-2.2363,1.8001,2.3386,-3.1048,-5.9165,1.1361,2.6955,-1.3825,-1.459,2.6048,-2.7275,-1.1598,-1.6141,3.6687,-2.9058,-0.10627,-5.859,3.1541,1.564,7.2491,2.7614,1.0317,1.3295,0.39373,-3.2401,-0.80771,-1.8551,5.0125,1.3534,2.7292,2.755,3.0616,-0.93267,-1.2428,3.1663,1.0544,1.0807,1.8291,2.1944,-3.7844,-0.64164,1.0955,-1.3141,0.88222,-0.87942,0.44425,-4.5536,-2.4436,0.54401,-1.1763
4.4444,10,-1.2064,7.0583,-0.01228,-2.0929,-1.0178,-1.4394,-3.1946,0.84219,4.7117,6.9851,-4.4709,-0.74699,-4.1872,1.9834,-2.6622,-3.8438,-0.47946,-3.0643,-1.1907,0.29404,0.45795,-0.049465,0.44283,-3.1809,2.5877,0.59262,-2.2937,4.0066,2.8141,4.1904,4.6059,0.0083441,-0.22119,-0.27234,2.0856,8.3307,-3.1456,0.38301,4.8726,0.27825,-0.60057,4.1904,1.4019,-5.0999,1.2547,5.5341,4.6996,-0.087577,0.96402,-1.4045
5.5556,0,0.91882,3.8722,-1.5607,0.089497,0.38286,10.351,2.4884,2.8291,1.1919,1.7124,1.1874,-2.8905,1.8863,5.696,0.13189,1.776,-3.8483,1.1814,0.30357,-0.30632,-2.9703,7.5706,-5.6114,3.5394,1.3267,1.671,0.56171,-0.47087,0.55654,-0.66833,0.3564,4.3463,-0.27275,-0.32229,3.6777,3.4574,2.9474,-1.9976,-1.0024,3.6906,0.68017,-1.0176,-1.6451,4.1954,0.48695,2.4425,2.416,-1.4655,-0.88951,4.2305
5.5556,1.1111,3.6361,-1.1619,-2.7599,-0.36979,-0.71694,-2.4432,-3.2843,8.5174,2.0421,-4.0819,3.363,8.3719,-1.0347,-2.899,-0.067615,-4.5654,-1.662,-0.094623,-0.085769,-0.31324,-1.7788,3.0381,-2.3106,-5.6384,6.4741,1.142,-5.6013,-1.1063,5.4401,-0.60892,2.5206,-3.0858,2.656,0.4631,1.8344,1.1458,3.1096,4.3032,2.9777,0.94987,-2.5515,2.5123,-2.9925,-1.6233,1.8037,3.5282,2.6098,-3.2387,0.24076,0.76759
5.5556,2.2222,4.1177,3.2506,1.0195,-0.82704,6.6717,2.0594,-3.3906,-1.6681,-0.65588,-0.91349,-2.2998,-2.0138,-1.8606,-3.7741,4.4414,-1.5506,-1.5811,-3.3543,1.081,-2.4746,0.48458,0.12472,-1.787,-3.9782,7.0446,-4.3274,-2.1486,2.2401,1.8188,4.5867,1.3527,-1.2276,2.4864,1.3651,-0.64628,-0.49731,1.408,3.2845,1.195,1.3693,1.0853,-1.6575,-2.2475,-3.2434,2.7733,4.9155,-2.2592,1.0809,-3.8946,3.6831
5.5556,3.3333,-2.4856,2.1866,-2.6239,3.8202,-3.4728,2.0617,-1.4237,-0.70981,4.0968,7.2924,-0.11375,0.3437,-0.59893,-0.021967,-4.4112,-7.1478,1.2689,-0.13171,4.6735,2.7804,2.5776,0.22441,0.34954,-0.6207,1.6278,-3.0227,1.7992,4.0126,-3.2286,-2.2065,-3.8681,-4.4327,1.9461,-2.7242,1.1219,-2.4273,1.6292,1.1998,1.7769,4.04,0.17818,-0.639,-4.6013,2.9619,-0.02723,2.3617,2.3804,4.2301,-5.4663,2.491
5.5556,4.4444,-0.74298,4.4595,2.5787,0.27898,-1.1625,4.3129,5.3956,0.24538,1.1694,-1.5779,6.1791,-0.094335,-2.6839,-2.0633,1.5779,-2.2592,-1.3895,0.25447,0.88737,-2.6565,1.8431,-2.0045,1.961,0.53103,1.3025,3.5123,-0.73524,1.3613,-7.1948,-2.8226,-0.15439,-0.02215,-0.80811,-0.83157,-1.6622,-1.4442,-0.67674,3.1143,-2.436,-2.025,0.91817,-0.98465,-1.767,2.1489,3.8657,4.2782,1.8722,1.3499,3.1717,1.3625
5.5556,5.5556,0.65863,-1.7743,-1.2925,-2.6685,0.48703,5.9662,-6.3714,-4.7838,2.1399,0.28505,1.3146,7.3477,-0.81968,2.6011,-0.80567,-2.6167,-0.68093,-3.1609,-1.493,0.48547,2.483,3.0111,2.6629,0.22598,1.2039,-3.1387,-1.1453,-0.089336,2.7559,-3.2991,-5.4276,0.58052,-2.9067,4.3363,0.82591,0.27285,-0.46641,-2.8362,-4.0048,3.2131,3.8098,-2.1751,2.5297,-1.9141,7.2286,-0.71804,0.42249,-2.4042,-1.0233,0.2892
5.5556,6.6667,-0.66733,0.45582,-4.2426,4.5256,-1.5709,0.51546,1.044,-0.53785,-1.2157,-0.76467,-5.2189,-2.3261,-5.528,-1.6965,-0.13153,7.2866,-6.2775,1.9891,-0.9868,-3.8865,2.4432,0.3228,2.9452,-1.7871,-0.24089,-6.9051,1.4147,-4.2276,0.32343,4.957,0.90123,-4.8109,-2.6751,-4.5933,2.1895,-2.1552,5.7285,-0.055095,3.5978,-4.0045,-2.4418,2.4777,1.045,3.2205,-2.0093,-1.1173,3.1073,-4.0318,3.1189,-1.681
5.5556,7.7778,-6.9728,-0.0011769,-1.5069,1.4919,1.3869,-0.79438,-0.10512,0.94238,-3.3949,1.3256,6.791,-1.4205,4.258,-7.9129,-0.49625,-5.3927,0.4984,-0.2266,-3.4295,-2.2001,0.73905,-2.3819,1.2498,-0.14978,5.1459,-0.47278,6.7428,1.9647,-5.9308,2.4658,-6.3753,-1.5395,-5.0769,7.5269,-0.040929,-5.087,1.6807,-2.2287,-6.0452,-1.9059,2.5427,-0.43193,-0.027251,-0.195,-3.3476,-1.587,0.85768,-1.4509,-1.967,1.8987
5.5556,8.8889,4.3246,1.2755,3.3429,1.6407,0.34968,1.2659,0.009669,-0.52016,-2.2143,0.64279,3.8496,-0.72866,7.1852,2.9718,-2.0668,4.4765,-7.2496,-2.4115,4.1214,-1.0292,-0.50476,5.1386,-1.9216,1.5121,1.8999,-1.0598,-1.7985,3.5871,-1.792,5.1023,-1.6619,1.8872,3.4997,-3.0418,-0.22509,5.0575,3.1129,-4.8162,-2.0388,0.2283,-0.057195,-0.93748,-3.4933,0.56923,0.26708,2.971,4.6426,1.0337,1.6866,1.2352
5.5556,10,1.5143,1.4439,5.7812,-2.7489,3.41,-2.079,-3.3183,7.1842,-0.69507,-0.74406,2.7963,-0.10578,-1.964,-1.0682,4.4495,4.9621,2.2331,0.54619,3.2292,2.4214,1.8608,-1.9231,4.2369,6.8556,1.7996,0.47953,0.45973,2.6944,2.9716,3.5484,2.574,3.941,4.7517,2.6656,0.90282,-1.1049,-2.5368,2.4631,6.7495,-5.6839,-2.0108,9.2928,0.21777,1.0825,7.4269,2.3795,0.00029267,-5.3852,-1.1205,1.9729
6.6667,0,3.3602,2.6536,-3.6646,5.9006,1.5244,2.9782,2.6097,-0.39566,2.3655,4.3412,4.0725,-2.0298,4.5755,3.0906,8.5533,0.66365,-0.9349,2.9787,-0.99333,-1.9403,1.2903,1.8108,-2.2396,-1.2326,-4.3244,-0.85113,-1.4879,3.4468,3.2401,3.0044,-1.149,3.0841,2.7526,1.5555,0.87973,-0.63927,-3.9344,4.6584,2.478,0.59428,-1.9294,-2.5303,1.808,1.1055,6.187,2.0025,2.164,-0.15279,3.8803,1.7086
6.6667,1.1111,1.2037,6.3258,-2.2678,4.2495,6.2225,0.71921,3.2999,2.1537,2.7319,4.4643,-2.9467,8.4675,3.6871,-2.5914,1.0311,-0.57301,1.6906,-3.1037,0.052654,2.4141,3.7961,1.7616,-0.27409,4.0827,0.67578,-0.58046,-1.3351,-2.013,4.7052,0.53669,0.71927,3.512,2.0979,1.4805,0.78716,-5.8534,4.7542,-5.8109,-1.2837,-2.4949,-2.0746,-2.0887,-5.7474,-3.4866,2.9973,7.0609,-0.93699,2.3449,-0.495,-3.3927
6.6667,2.2222,-0.42877,-3.2647,-4.7203,-2.889,-1.66,-3.1511,2.1598,0.4066,6.9116,0.93377,-0.071575,-2.3609,5.606,4.0421,-3.4865,-0.42058,0.37704,1.2318,-8.092,6.1023,-6.938,-0.77928,-2.2393,-1.143,2.1895,3.1485,4.9496,-5.4296,-4.2768,1.593,-1.418,0.87971,-3.3286,-1.1964,-4.0585,-2.7763,2.3485,1.7747,2.7026,-3.967,-0.062911,-5.7503,-0.27224,0.19421,2.3025,1.2151,-1.8838,-2.2173,3.6532,0.58923
6.6667,3.3333,3.1328,2.769,-1.5363,2.6551,-2.355,1.4566,-0.60746,-3.6941,1.7037,-4.1761,-0.28604,1.1871,-0.80994,-5.5627,0.48245,0.49108,-0.8182,0.77343,0.71448,1.5848,-2.4273,-1.0044,-1.0168,-1.0609,1.5557,2.5478,6.1112,1.7209,2.7261,2.1748,6.9544,-4.9315,-3.2943,1.7419,-1.523,-1.1917,-3.9605,1.7285,1.2815,-1.7738,-0.11133,2.8473,3.4219,-2.4152,0.043675,5.2789,3.3681,4.4918,5.4779,1.609
6.6667,4.4444,-2.9146,-1.9698,-3.0075,-0.70751,2.3739,-4.4016,1.0056,9.752,-2.0504,3.793,-0.65837,-3.0054,-1.2163,-2.8886,4.2866,1.2261,-1.0834,0.38231,0.43865,1.1977,-3.262,3.6487,-3.2175,3.9473,4.7492,-6.588,0.6349,2.0277,-0.17786,4.6655,4.5506,-2.5794,2.3965,-2.7517,-2.0163,-3.0532,0.1517,8.5275,2.5207,-0.15414,-3.6954,-1.2948,-1.0176,1.5436,2.0665,-0.60719,-1.0422,-2.5645,8.2395,2.4347
6.6667,5.5556,1.0222,-0.9656,1.9203,0.77577,-0.60158,0.18194,-3.8969,-1.3324,-1.8494,1.2754,-2.6232,1.661,6.1832,0.2729,-3.5298,2.2682,1.589,-2.9458,2.6183,1.9121,-1.6124,-0.08816,2.7937,1.6709,-0.70828,-2.7397,-0.79525,0.78447,-1.4623,-0.13129,0.57946,0.85642,1.0453,-3.2046,-3.4035,3.8894,2.6687,2.8523,-1.2027,1.6334,-4.495,5.7516,7.0886,4.3811,-3.2969,-2.5918,3.6035,-1.9398,2.2057,-0.27962
6.6667,6.6667,-3.1389,3.0868,2.0353,-0.64515,0.41199,0.34549,3.8231,2.5023,1.2466,-0.23688,0.68825,-0.064102,0.7565,-0.064575,-0.12472,4.0421,1.4858,0.36824,-0.53817,8.199,0.0039884,3.6126,2.8773,-3.589,2.4162,-3.2071,-3.4271,-1.8942,3.5799,3.5537,-2.5174,-0.62968,4.2885,-3.7349,-0.4728,2.4839,-4.5688,-0.96321,4.0187,4.5976,1.5046,-3.0964,-0.26217,-0.4709,-6.3176,-0.49749,-2.5374,-2.7617,0.47901,-0.18647
6.6667,7.7778,-3.0086,0.23307,0.60679,-0.39086,-0.46365,5.2153,-1.3692,-1.4266,-1.9137,-0.010399,2.0826,-1.0488,5.4096,-0.82664,-0.098153,-2.2955,1.2823,-2.7251,-0.4547,-3.4768,0.75686,0.69517,-0.32536,-3.1809,-3.8222,1.8318,0.012066,2.852,-3.7559,0.83671,3.3858,0.57589,-1.6879,1.8844,2.968,-1.556,-2.8859,-1.817,0.90392,-1.5359,-2.3837,-1.2258,1.2031,-0.62729,3.6029,1.717,1.8272,5.9424,2.9065,-4.5172
6.6667,8.8889,4.1675,4.9058,3.7642,0.67662,-1.6438,1.6921,1.2421,0.053017,8.384,8.3777,-3.8436,-2.3932,1.8515,2.4671,1.2889,6.3804,1.1977,3.5945,-0.14862,1.2873,3.1787,3.5326,-2.701,3.4963,0.7706,5.4192,3.1876,-1.6637,-5.0398,-1.0953,-0.50249,0.91333,1.9501,1.6537,5.4269,-1.2934,4.9207,-2.325,-1.4069,7.4412,3.8348,3.6115,-0.43484,6.0826,3.7618,4.9282,-2.3224,1.7869,-2.1423,-0.61598
6.6667,10,-1.3155,4.0752,2.979,4.2803,2.3997,0.02593,0.17325,-1.3321,-1.59,-1.6126,2.833,3.4783,3.4556,-0.92645,1.4705,0.8709,6.0399,1.0664,-0.6004,-0.56102,-0.49504,-3.5758,3.4745,4.3686,3.7567,4.8672,3.5586,-4.8603,4.8449,-1.994,-4.9416,2.4352,-1.799,3.2046,4.9336,-3.0645,3.2543,2.1754,-1.7101,-0.43718,1.0731,0.17199,1.3129,-1.0853,3.3822,5.5951,-3.0988,4.4741,-0.088917,0.53731
7.7778,0,8.8075,5.5964,3.1531,2.7395,5.8525,5.1169,-2.6367,-0.35968,5.8427,6.0698,1.7772,1.6822,2.7669,0.32882,-0.9971,1.6027,-0.37759,4.4267,1.258,6.9773,3.4216,5.5993,-0.5547,2.875,4.1747,1.7232,0.66229,1.4415,1.7437,2.7204,3.6743,5.0646,-0.16632,1.1569,2.7962,-0.088581,-2.0039,5.9966,3.0011,4.114,6.1886,-0.29827,-1.0687,-3.8247,3.9744,2.1795,4.1729,-1.7586,0.93359,5.9134
7.7778,1.1111,0.93482,0.61268,2.4976,-4.2527,1.0129,-7.0442,-2.787,2.5647,5.9126,1.3251,6.2103,4.5914,2.665,-3.6688,5.4556,0.77995,4.1382,0.93525,5.678,-3.7683,-2.9354,3.0617,-0.77689,3.8392,5.0816,1.0594,1.6303,2.6811,1.229,-0.67435,1.1972,1.332,-3.3746,0.11372,3.6978,1.9499,4.7677,4.1739,2.3458,6.0497,7.0892,2.3235,2.1659,1.9796,8.1399,-0.095121,2.0568,-0.26588,0.24173,0.87128
7.7778,2.2222,-4.7644,3.8078,0.7408,1.8511,0.098679,-2.2378,0.887,-0.44348,1.3652,2.7678,-0.97137,0.39122,1.614,4.1236,-3.2653,3.204,-2.9201,-1.2091,0.54422,-0.65618,-0.51262,0.66349,0.13916,0.51913,5.2509,2.5507,5.8842,4.0726,-3.4947,-6.5261,3.5726,1.867,4.7668,6.2572,-1.3497,1.9953,6.6477,2.2461,2.6951,-1.163,-2.8431,5.9016,0.35457,-1.8141,4.1935,-3.4328,-0.47929,0.7332,-0.70938,-2.8747
7.7778,3.3333,-3.0558,-2.3216,-5.2991,-2.2342,3.5109,3.9395,0.2296,0.57838,7.6799,4.9732,3.6006,0.043647,1.2894,4.9538,-4.5388,0.6503,7.0152,3.5414,3.7411,5.0206,1.7386,6.4976,-2.6576,0.61244,-0.14061,1.9198,-1.849,6.4867,2.0377,0.35921,3.8958,4.6082,0.25385,3.8634,-3.1464,-0.8827,-0.66061,3.1319,0.49396,-1.2688,1.6434,3.7839,-0.079543,2.8958,-0.22181,-3.5736,-1.3703,2.4157,3.2642,3.0402
7.7778,4.4444,-3.7932,0.24135,-2.8519,-5.0955,2.9745,-0.5233,1.106,-1.2625,-4.1479,0.97126,5.5473,4.1081,3.462,3.3174,-1.3191,0.43037,7.0826,1.4522,-0.81509,-2.4048,7.1665,-0.40835,-3.9154,0.059214,-0.8902,6.5989,2.3119,-7.7338,0.63089,-1.1547,4.9987,-2.2015,1.2978,4.4899,-1.4538,0.12619,6.2908,4.7176,2.3652,-1.2208,0.36754,-0.80845,-0.99655,2.801,2.5742,4.8364,-1.4339,-4.978,0.04598,0.036173
7.7778,5.5556,-2.9224,2.2025,1.7064,-0.074963,-1.7231,4.0802,-0.37369,0.94642,-4.1474,4.0995,2.3804,3.293,-0.88915,8.285,-1.5495,2.2817,0.18097,2.9306,1.6636,3.9888,3.1799,-0.15447,-0.21898,5.3815,1.4458,0.15963,3.5159,4.8417,5.4308,0.7413,-1.7421,-2.6049,-1.2365,0.7229,-3.2158,2.8674,2.7673,-0.83009,0.11341,3.746,-1.0557,0.26214,2.3577,1.8248,-1.202,3.0483,0.74208,1.7254,2.9633,-1.7002
7.7778,6.6667,7.2985,2.2521,-5.1518,-0.14904,-1.8927,2.3015,-2.3735,1.5146,-8.5512,-3.8188,1.9993,6.0505,-3.3787,5.5473,-3.6265,3.6919,0.37471,3.7888,2.5716,6.0305,1.3185,-0.4348,7.0067,1.652,0.44412,2.3316,-0.11783,-4.1676,0.29315,-0.14675,-3.1657,-1.689,-0.61495,-3.1518,4.4249,0.33128,0.58347,1.4351,-0.54789,3.3123,1.6144,-0.81856,3.0548,-0.86936,-2.188,-0.45538,-0.89437,0.86737,-4.1956,3.6123
7.7778,7.7778,6.2743,0.74251,3.4663,4.1463,0.51148,6.4845,-0.53528,5.5973,-1.2219,1.0602,0.70545,0.88651,1.2404,-2.3418,4.9176,2.9973,2.3043,0.42567,1.3967,-1.4786,4.1114,6.7054,4.2873,-2.5766,-1.4284,2.677,-0.32272,2.1718,-3.3315,-1.6657,5.3547,-0.48221,-0.32942,6.9178,2.6311,0.38548,5.5558,3.9659,5.2733,1.4218,2.369,-0.67497,6.8516,2.672,-1.1,3.96,7.3441,0.33069,-1.6128,0.93623
7.7778,8.8889,2.4481,2.4749,-0.81158,2.077,4.3894,4.8383,1.5436,-2.3461,5.8827,6.7503,2.7217,5.4478,0.9694,1.9118,2.048,0.69215,3.4992,5.5946,1.4979,0.30321,-5.0298,-0.6291,-0.3245,-2.0912,-5.9865,1.1975,5.9872,0.59829,2.5222,4.5911,4.7437,6.9614,-2.84,-2.4664,2.3985,2.2747,4.4217,-0.62328,-3.9504,7.7459,0.33285,2.4592,3.3932,0.6398,-1.3675,0.88522,2.7556,3.9742,1.0879,1.5183
7.7778,10,1.5524,4.4843,6.2107,6.7595,-1.4995,-1.3475,2.7302,2.0761,-1.3257,5.3141,-0.048656,3.4786,3.297,-2.6031,1.8149,3.1736,4.5025,1.8085,-0.24018,-1.0165,3.1809,3.1985,1.594,6.4877,6.2031,-0.045322,-1.5404,2.5747,-1.7686,-3.0092,1.353,9.5171,0.55601,-0.61513,-7.1415,1.1974,-3.3351,3.2218,9.0552,5.9314,1.8097,6.1081,3.6806,0.16978,3.092,2.7081,2.9121,0.95648,1.1883,-0.69609
8.8889,0,6.1714,-1.6222,9.0213,3.9676,5.3141,6.7164,3.7381,3.7094,6.95,5.9588,11.923,0.64981,4.6772,1.8311,4.9137,1.0586,6.4815,3.3259,9.6606,3.8988,3.639,3.777,0.51975,-0.73047,5.1601,-2.8466,1.1979,4.7305,3.3046,3.265,9.4067,-0.34572,4.4341,6.53,3.8911,3.7611,7.7393,5.6858,3.221,3.5729,6.8578,3.1465,0.70762,6.6718,6.6834,7.2522,7.5898,4.9908,-0.81269,3.7304
8.8889,1.1111,5.4799,0.77736,-3.257,5.1039,4.1036,-4.1423,9.7105,6.5153,3.0784,-0.21893,3.7234,-1.4259,10.648,6.817,3.2741,-3.5834,8.2654,4.3837,-2.7143,2.46,1.6746,0.11885,1.6586,2.8435,3.5471,3.4791,8.8608,4.8185,5.3573,5.9371,5.8381,4.8924,5.2878,7.5338,0.95364,4.1838,5.8736,-1.6871,7.5658,1.0842,5.1863,3.8082,5.159,2.0503,2.4373,1.3074,5.7132,-2.1133,6.3514,5.1274
8.8889,2.2222,5.0216,-1.2887,7.7876,0.36649,5.2344,4.6772,4.3024,4.2886,4.089,4.0282,7.0801,1.2123,6.4914,4.8587,4.8534,-0.16569,4.4733,2.0418,5.3432,2.7556,4.3534,1.2081,1.2631,9.4323,-1.0169,6.3798,4.7226,9.4077,8.7974,6.1323,7.6722,3.3097,4.497,4.8799,5.5531,0.27494,2.6246,3.22,5.7653,5.306,3.0422,1.1939,1.3226,5.4996,5.1332,-1.2306,4.024,8.1807,-2.5725,6.4
8.8889,3.3333,2.0101,2.7679,1.5,2.5815,5.7026,7.6849,3.6447,0.81868,6.6701,2.2209,0.44038,3.4262,4.1179,2.0289,6.5043,2.7904,8.4745,1.3152,8.6873,1.5056,3.0446,5.8094,6.0602,6.017,4.0892,3.6744,-2.0163,3.1111,-0.49139,1.636,1.9805,4.1316,-0.95515,8.2426,4.6487,3.1088,-2.6147,-0.95953,3.8924,2.3981,3.3637,-0.39023,4.452,3.0492,-0.31644,2.6931,5.9378,1.6488,5.6884,3.6443
8.8889,4.4444,4.1586,5.0091,5.5529,1.7989,0.80977,-1.8321,-0.46422,3.4558,2.1354,5.3705,4.2302,1.4844,0.1766,0.14111,5.3434,4.6731,-0.48294,1.9655,1.8461,1.1237,-0.42337,1.315,7.0246,5.9574,5.0984,-0.48403,0.79747,-1.1198,-0.93454,-0.53854,1.2819,1.3048,3.7625,4.798,3.6602,-3.8798,4.1149,0.58123,-4.7627,5.1584,7.4707,2.2706,2.2483,3.9288,12.596,4.7306,5.0636,-0.12674,2.0858,-4.4508
8.8889,5.5556,1.3978,4.2875,-4.4841,6.5944,7.2294,-2.1682,4.0312,3.5652,0.4822,-1.4903,-1.1685,0.91209,0.73277,3.3151,4.263,1.4751,5.0099,3.2329,2.7963,-1.6985,3.4527,2.3685,8.5384,2.878,2.5595,-1.0979,6.8716,5.7454,6.1519,1.2645,5.9349,-0.364,-4.1604,5.8774,1.1979,5.0712,7.8082,-0.010494,-0.86187,0.50882,-2.0573,2.3977,-2.1677,-3.9599,2.9786,0.46678,4.5304,7.4401,3.4455,4.6748
8.8889,6.6667,6.4516,4.9242,-0.9982,0.62543,3.6104,0.16282,6.4682,2.4806,3.74,-1.7304,-2.4377,0.52797,-1.5492,3.9834,-4.1402,4.9105,-3.1831,0.092558,-2.3051,3.5911,5.6808,4.7213,3.225,3.1507,7.3226,10.646,-0.79239,0.91864,1.988,6.9545,5.2604,5.7234,-2.9623,3.0567,-1.3297,7.8131,4.8487,3.2234,-3.094,2.9549,5.5913,4.8636,4.6266,4.6291,5.934,6.4627,6.5039,-2.5645,5.6165,6.692
8.8889,7.7778,2.0335,3.1461,2.0403,6.5933,-0.32089,-0.046175,5.4514,0.60847,8.7231,3.4908,2.9658,5.8855,-0.47773,3.3251,4.4762,1.0365,2.0988,0.11711,10.511,6.2272,6.8901,0.77429,5.0252,1.7574,4.9909,0.57927,2.4181,5.8414,5.5976,4.7353,3.0841,-2.4737,7.291,2.1151,2.7033,4.2672,0.014973,8.6791,2.9074,0.7693,2.9262,4.681,3.1941,4.3572,2.7997,0.19711,4.9146,5.5366,7.6814,8.8804
8.8889,8.8889,4.8809,0.12183,-1.1942,4.7745,-1.0669,4.1071,1.0195,6.0895,1.7069,7.3548,8.267,-1.3009,0.96976,1.8047,2.4529,7.4336,-0.92031,0.011212,2.7928,3.751,3.3858,2.9007,5.5682,3.3238,0.18268,6.329,6.5345,4.8901,4.2421,1.7106,0.7087,1.4393,2.1014,2.342,5.9275,2.7476,1.1847,9.8682,8.2138,2.199,4.7611,5.823,2.5904,6.4168,5.0605,4.4838,4.9067,3.4803,5.0223,10.572
8.8889,10,8.2155,5.1286,7.7814,5.6951,3.7445,5.1791,9.173,4.3137,6.7205,7.4056,10.19,-0.13841,8.4014,4.2589,9.7489,11.207,11.831,15.78,12.846,1.3385,1.8752,9.8559,3.3954,4.8651,4.2532,4.8472,3.7921,7.6587,5.303,8.8815,6.8832,0.72886,2.7415,9.7052,4.1122,6.6617,2.2203,-1.1537,5.0556,2.4398,1.6439,2.819,8.9483,1.2867,7.2268,5.4451,5.5626,5.8319,5.894,11.745
10,0,6.5535,14.282,4.5907,8.4858,14.054,9.042,13.972,10.57,9.2544,10.943,9.892,7.9172,11.097,10.07,10.507,11.489,13.111,15.507,9.3042,8.7617,12.387,15.757,9.2198,10.223,8.9028,10.153,11.571,11.817,8.4168,-0.41385,11.103,9.2303,11.839,11.101,13.845,7.4863,9.9956,7.817,7.8902,4.1165,10.864,5.286,15.539,14.653,4.0069,12.203,10.932,9.1727,9.7643,9.4315
10,1.1111,10.193,8.0929,12.066,9.5057,2.7498,7.7652,8.5413,13.671,11.208,9.1653,11.442,12.28,9.3143,9.4653,6.5697,7.9954,6.9966,14.956,9.9427,7.1187,12.18,8.0831,10.152,7.1943,6.1941,10.027,10.103,6.3479,12.28,7.6091,10.418,11.108,7.2398,10.44,8.0616,3.9935,3.2335,10.633,9.9041,8.3245,5.3846,7.0264,7.6822,8.4725,9.8647,11.006,12.038,6.3594,10.325,4.9129
10,2.2222,13.679,7.2462,6.9029,11.973,13.01,9.1549,9.8684,8.7624,12.209,7.3903,10.144,10.434,12.526,12.688,10.495,9.0595,8.9,8.4202,8.4562,5.7938,11.6,11.397,12.069,15.318,8.4228,9.7817,14.008,15.02,11.031,6.1084,7.2096,4.2845,12.118,14.2,6.8421,7.5094,5.4042,8.137,9.8609,9.6797,4.0348,9.8479,7.9731,8.4531,8.4236,9.483,8.5398,7.9861,5.5965,11.35
10,3.3333,16.572,9.2915,8.0302,13.359,6.6955,8.4502,8.3803,10.597,11.349,3.8994,6.0423,7.2697,4.7746,10.953,8.4155,7.519,14.779,8.7288,11.549,10.815,16.729,3.3935,5.8058,9.7065,4.7116,8.5086,10.826,13.514,9.1767,4.8592,6.144,8.1369,9.5814,8.9357,9.8291,3.2043,4.5423,7.7596,7.7941,7.2566,10.22,11.245,13.518,9.3495,11.519,10.439,11.217,8.3573,6.8764,12.992
10,4.4444,6.1748,7.7884,7.6465,16.141,3.9151,4.4879,11.72,6.5478,9.4675,6.972,10.467,9.7687,8.6871,12.954,7.7275,15.178,8.7826,12.586,3.8889,7.03,15.702,8.5013,9.6737,3.8448,6.3725,9.6281,8.4172,9.3272,9.53,5.6462,8.5205,8.8251,9.778,14.869,8.9512,5.5484,11.621,14.077,13.175,6.1276,7.8765,6.5894,12.134,15.066,9.2042,7.1678,10.74,9.7683,11.986,9.9584
10,5.5556,3.3229,5.8437,11.362,13.953,7.1536,7.2738,10.081,4.0094,9.6904,11.722,10.228,6.5099,10.092,10.27,9.3075,9.7993,12.221,10.465,9.4962,7.3193,8.9809,7.6361,8.5662,7.6986,14.229,4.6437,10.149,7.4204,10.999,7.4499,10.71,6.3979,10.76,7.6145,7.8323,2.7405,13.197,12.4,9.5989,11.134,8.7404,13.643,8.2081,10.853,10.066,10.597,5.831,10.306,7.5359,9.1882
10,6.6667,7.441,8.9002,10.417,8.5943,11.608,6.4338,9.2447,7.5817,10.176,6.9751,6.8024,8.757,6.0737,8.9017,10.818,5.8479,9.1705,8.5262,11.942,4.8073,8.6181,8.3347,8.0029,8.4359,9.3913,12.615,6.3753,6.0945,7.059,5.085,11.436,10.994,13.538,9.5816,10.054,7.1927,2.9003,7.2218,11.968,13.098,0.81155,9.7297,9.6926,9.6291,10.324,8.9752,11.282,7.7736,10.252,11.103
10,7.7778,9.9713,8.2629,2.7077,9.1202,8.5512,9.6718,15.747,6.8825,0.58064,4.7695,7.5994,5.1302,5.3925,7.0031,5.8574,8.348,8.7919,6.9865,10.255,4.6383,12.975,6.8877,10.25,10.049,6.2671,8.7215,8.0451,7.984,8.8057,6.0324,13.948,10.278,9.6497,9.9531,8.8069,4.8104,6.7571,17.557,15.097,11.441,11.458,9.3321,11.385,9.3684,9.013,9.328,8.7701,5.2684,11.968,14.199
10,8.8889,14.551,10.517,7.0202,9.815,5.7202,9.6278,7.6656,4.0471,8.8749,7.8612,7.8309,5.4752,11.279,15.879,12.454,11.468,10.688,8.2334,4.2646,9.6099,7.9524,7.0991,11.151,5.9639,14.364,11.757,12.193,8.842,7.7632,10.121,6.7916,10.709,8.3749,4.4964,15.337,11.419,5.2397,7.6498,8.2587,12.112,9.8001,8.4632,5.4604,5.6897,9.432,9.2475,9.683,10.459,4.1747,7.1496
10,10,9.5139,5.9273,11.682,11.734,11.584,7.0632,10.184,16.569,13.771,7.3072,9.7749,14.012,9.2973,7.5168,4.7828,6.3947,11.441,4.5366,11.999,11.156,6.9897,10.525,11.411,6.9138,13.52,7.3048,8.9553,7.8633,5.7328,14.185,12.415,8.0991,8.5369,14.031,11.935,8.8299,13.262,11.884,9.0963,17.309,3.9457,10.548,10.647,12.573,14.244,11.735,8.1892,8.1646,9.7583,10.914
