0,0,-4.4425,-1.4135,1.3919,0.20458,-4.3483,0.28801,-0.0062104,0.24532,-3.3531,0.75208,-5.5066,0.055659,3.2803,-4.7256,0.39719,1.015,0.59096,4.7073,-3.2478,-0.090085,-7.2251,-5.1813,-1.7299,1.7589,-9.0946,-0.099737,-4.0361,3.7878,-2.3009,-3.291,1.4702,-1.9608,-2.4765,-3.6404,-2.9967,0.49787,-0.92412,2.1334,-1.02,-3.0964,-0.088196,1.5678,-5.41,-2.3426,-0.98061,-1.373,-1.7184,8.1748,-0.61661,1.027
0,1.1111,2.3054,1.2921,-0.15647,0.1102,0.099869,1.4844,0.42083,2.7006,-0.59313,-1.4555,1.8534,1.7272,-0.47973,-2.5681,-2.4151,-0.35099,3.2419,-0.43082,-2.2626,-0.1937,2.7664,1.975,-1.4284,-4.1729,-2.1131,3.2852,-7.2839,1.3224,-2.8507,0.85761,4.3778,3.3618,3.4784,2.734,-0.97975,1.5697,-1.9459,-0.33726,-3.1396,0.4277,-2.1497,3.1642,2.1427,-1.1696,0.6609,3.3458,3.3734,3.431,-0.68038,-0.64816
0,2.2222,1.1731,-3.9613,-5.8227,-4.6359,1.4173,-4.4993,-0.78193,0.15461,-2.1351,2.0015,0.7363,4.1089,-3.446,0.0088098,-5.6411,0.49951,1.6308,-6.3953,6.055,6.6406,1.1689,-0.27349,1.509,5.3158,-1.4643,-0.16957,0.95001,8.128,-2.9578,-3.8089,2.642,6.1746,-4.8577,1.8845,1.5419,5.0215,0.61951,-1.1849,-0.75168,2.8893,-1.2287,4.7379,-2.3616,0.29438,0.80249,-2.7016,-1.8414,2.3351,3.5746,0.37569
0,3.3333,0.34722,4.3099,3.0121,-4.1896,-3.6231,-1.382,4.2593,0.37536,-3.6148,4.1555,7.4451,-3.6135,-0.59367,-4.394,-5.3961,-2.9507,3.3397,1.702,8.371,0.86279,-7.4646,-0.28799,6.781,-0.91599,0.80912,0.5744,-0.38231,2.1876,-4.8163,0.51966,-4.0648,-2.977,-0.29698,3.9362,3.4005,4.9262,5.8909,-2.6256,3.4997,-1.0768,6.144,-1.0527,-2.9753,0.57663,1.9754,2.3737,1.234,-4.1479,-6.9652,-2.2765
0,4.4444,-4.329,-2.314,-1.6553,5.0537,-5.1474,-2.6473,1.7393,0.94899,-2.5805,1.4858,-2.4455,1.9481,-2.1709,2.221,4.529,0.48135,1.3037,-0.056315,2.4337,4.2982,4.1286,-0.48968,-3.1648,-4.0072,-0.13131,-2.7168,1.622,-0.10422,5.1774,1.3176,-7.2325,-3.1123,-3.4156,-1.1342,-7.6644,-4.7026,-0.45386,-1.8091,-2.1149,2.1032,3.0426,-3.6332,-6.5772,-2.4286,1.3244,-0.4045,-0.33023,-0.01391,-2.5425,-0.22806
0,5.5556,0.72267,5.5388,0.93336,1.2697,-2.8907,-0.51619,5.3699,3.3379,-2.9372,2.3483,0.97231,1.3256,-3.5687,-2.8841,-3.943,5.7391,3.7518,2.95,-3.7006,-3.7234,2.5483,-5.2226,5.5728,3.3683,3.3345,-3.2697,-0.19537,-1.7332,0.3457,-2.7046,2.7121,2.306,-0.37838,0.94961,-4.616,-2.6408,1.4878,-0.11192,-3.7852,2.4814,-1.2171,1.0665,-2.0681,0.66621,-2.0847,-5.2092,0.52939,-4.8055,-1.5392,2.8437
0,6.6667,1.2061,-3.5048,4.1108,-1.7929,1.2445,0.73435,-1.9696,8.3712,2.2642,-0.25392,-0.20376,4.9903,1.4202,4.5502,-3.9723,0.72932,0.6745,0.78459,-0.72144,0.27764,4.5339,0.51711,0.65314,-2.7506,1.8975,4.8347,3.4905,-0.0020027,4.7613,2.1877,5.6805,3.2225,3.3523,0.10552,3.2816,2.7122,-0.63638,1.0031,6.7429,8.2991,-0.58984,5.3191,0.29248,1.9621,1.1313,1.4677,4.5576,-0.47841,-4.6695,-0.24413
0,7.7778,4.3038,3.8818,-1.7956,3.3967,6.1998,3.2091,3.3669,3.3973,4.4939,-0.49733,3.1806,5.2364,6.2104,1.7689,-1.6524,-1.8217,2.1802,0.020369,2.439,4.5917,5.3341,1.228,0.28303,-2.5642,1.0009,3.1491,-2.0845,1.4169,3.9487,4.6535,3.4656,6.5419,-1.6776,1.2958,1.453,0.75659,-3.0356,-1.4682,1.5607,1.7712,1.1376,2.0619,-1.416,3.2933,1.7838,-1.3156,4.1529,-0.32581,3.3339,2.1276
0,8.8889,1.1076,4.0887,1.6914,2.1395,1.1752,1.8709,1.9757,4.3269,4.1129,7.2286,-0.34555,2.4019,6.7877,5.4534,-3.0272,7.2861,5.0999,2.6309,1.4293,3.426,6.4588,2.0278,-0.58638,3.9776,6.028,1.7721,6.3837,2.7966,2.1952,1.7131,0.64812,4.3767,5.6864,6.5625,2.3049,6.5633,1.7452,0.41641,1.2831,3.9193,6.2195,3.1738,2.4168,3.6417,3.9361,2.5821,2.6608,1.8343,7.8393,5.4985
0,10,5.1624,7.9424,9.1779,6.0649,8.4964,4.5621,4.8075,5.5993,6.2294,2.6438,6.7363,4.1613,10.449,5.0808,6.2084,2.5324,6.4591,1.2416,-0.022101,7.7727,4.4592,6.5518,6.1475,3.8094,4.8577,8.2772,6.9567,1.4639,1.7109,7.1315,10.518,6.2057,-0.63069,6.3056,7.8347,6.4052,11.931,9.1287,5.9639,4.8853,8.5514,10.503,7.557,2.6227,11.269,2.782,2.4281,8.0165,-0.98805,4.6672
1.1111,0,0.63848,1.0357,-0.81181,-3.2383,-0.90153,-8.2599,-0.57703,-2.7234,-1.6135,2.4014,-0.31694,2.2098,0.29509,-3.0632,0.25464,0.38483,-0.90391,6.1544,4.2584,-0.96298,-1.8241,-2.0924,-6.3786,-0.087327,-2.9505,-6.3965,-1.1105,1.7113,-2.331,-0.61438,0.80256,-4.0736,6.4111,-6.3756,-0.6883,3.9227,0.89576,8.1088,4.4351,5.8179,0.53875,-2.5095,0.52697,-2.6037,-4.8696,4.0076,-5.8709,-0.94997,-2.0956,0.9667
1.1111,1.1111,-5.6926,-2.7687,-0.054683,1.3702,-2.4635,2.6988,2.7034,2.0555,-3.0939,-0.33761,0.34646,1.5473,-3.3807,-6.5152,-0.87238,-0.4185,0.015387,-1.0746,3.4805,-3.5532,-0.068277,2.726,-0.19005,-6.8653,-2.0016,-0.022085,1.4617,-3.8954,1.287,-5.1676,3.9153,1.6503,3.1818,-5.2259,-5.0299,1.5427,1.3037,-1.2574,1.5215,-0.36492,-2.7236,3.8198,-1.9428,-0.67653,0.55722,2.3448,3.0322,-4.2876,3.2022,2.5179
1.1111,2.2222,2.237,0.70049,1.086,2.6914,0.34431,-3.3386,0.32657,0.79452,-0.11993,-0.52248,-3.3106,2.2697,0.035089,2.5896,0.36515,1.9834,2.0889,-2.4754,-0.5789,-2.5687,2.497,0.96939,2.0995,-3.3443,4.4136,-2.6801,0.72648,1.2697,-4.5908,5.5073,5.8778,-0.099768,-6.1,2.499,0.26027,1.8993,0.52424,-0.3189,-0.016921,-2.5874,-6.8115,-0.85482,4.4097,-1.2688,-1.0684,2.745,-3.899,-4.7469,1.6474,-1.1069
1.1111,3.3333,-4.0664,0.68137,1.9958,-0.5995,-1.0997,-2.4908,6.507,-2.6218,-4.2199,2.8872,0.13662,-3.1541,-5.3923,2.8939,-1.6917,-3.7948,0.53032,3.0599,-0.89302,4.5313,4.4611,-4.0232,0.38921,-3.2139,-0.16145,1.1505,-4.9244,0.92038,4.5837,-1.3451,1.3278,0.8458,-5.1749,5.8671,0.63793,-5.6821,-2.8291,-1.6162,-1.6392,-0.38191,-0.53198,4.2696,0.2319,-3.8157,-2.3958,-1.8264,4.4112,0.99327,-5.6681,4.0708
1.1111,4.4444,-3.9149,-2.6373,0.71151,-0.55881,4.8859,5.5634,0.56978,2.8466,4.3649,0.90978,-2.2931,3.6989,0.59114,0.4945,0.14335,2.9142,7.6997,1.3602,10.115,0.98017,-2.6296,1.4997,-2.8055,-5.7417,-2.9655,-3.2036,-1.7511,-0.9185,1.0308,-2.4034,-0.41586,3.9132,2.0413,6.5584,-0.79582,-0.064242,-2.7073,1.9581,1.1636,0.7094,1.8237,-3.1947,9.0195,0.014501,6.4352,0.9126,4.0896,5.56,3.8705,-1.2153
1.1111,5.5556,-2.5472,-1.2908,-0.79142,-0.27839,-1.8589,0.79218,4.9912,-1.3091,2.6398,3.7449,4.1331,2.9809,-0.51538,3.1769,-2.2912,-1.4691,2.1325,3.7162,0.027951,1.4543,-0.75539,5.218,-1.0896,4.8174,-3.49,2.4512,-3.3004,-2.6857,-3.9805,5.6618,0.75916,2.0444,0.70762,1.6277,-0.38154,-1.797,3.0622,1.8327,2.1506,7.6459,3.0815,-4.8747,5.3263,-1.6704,-2.2934,2.4429,3.0988,-0.67834,1.9798,-1.916
1.1111,6.6667,1.4388,2.9272,0.18006,-1.2558,-4.8741,6.5166,-5.2348,1.5868,6.1093,2.0396,3.7015,2.5349,0.076155,-0.79235,-0.57422,-2.2543,0.96482,1.708,6.1331,2.2949,-0.29392,0.45276,-2.466,3.1488,3.2109,-1.8657,-2.2451,-0.49441,3.9187,2.381,-4.175,-0.095409,-2.8469,7.4695,2.6582,1.8107,-0.050958,0.097399,6.1526,2.9594,1.2799,4.4204,-3.2419,-0.58099,2.7374,-1.9205,2.8013,0.37548,1.0972,3.8203
1.1111,7.7778,5.1759,-0.0098591,2.4133,-0.28795,4.2859,-2.6132,6.5366,0.14503,0.89576,0.3063,7.1446,4.2648,0.42676,0.45,-1.537,0.9444,1.2784,1.9113,0.37594,-2.6217,3.2159,1.6991,3.4314,1.0937,0.79438,2.8371,2.1093,9.1736,3.6498,3.5852,0.69015,-3.0201,5.4818,0.70043,0.39345,3.5039,3.4862,-3.956,-0.36253,2.2783,2.5325,0.89995,4.9711,1.0918,4.2668,4.7687,4.4534,3.0801,-2.3754,1.599
1.1111,8.8889,6.7712,4.4415,4.577,0.3339,2.8937,0.95949,1.7743,7.279,7.0828,-0.40251,5.9132,1.2695,3.5547,6.7879,4.5478,6.2202,0.72907,0.87537,2.9049,3.1522,4.2819,4.4684,-2.8461,8.1809,1.58,3.949,2.9926,3.6986,0.81988,5.5297,-0.60985,-1.8043,-2.1938,4.2213,-0.97177,0.49259,4.9889,5.8878,3.043,5.1194,4.258,8.8485,-2.3917,-0.086586,3.0676,4.6462,4.5434,3.6039,5.3042,5.5947
1.1111,10,3.0722,-4.6078,-0.88219,3.6237,2.2737,11.167,8.6826,6.0073,8.2301,9.2281,9.1787,0.66316,0.54005,4.9808,6.1751,3.6777,2.8536,2.5074,4.6849,6.7077,5.618,2.9376,4.2797,-2.2359,5.9601,9.493,6.4265,1.0806,2.0313,6.9851,0.3752,4.705,6.0369,8.2044,-0.90733,6.1301,0.60797,5.2878,0.036916,7.2843,4.3735,6.8096,5.8904,4.6994,4.0251,5.593,2.5703,3.7578,9.3898,1.0255
2.2222,0,-0.10568,0.60067,0.70875,-1.5352,-1.0039,7.3584,5.5013,-0.40671,-0.63514,-2.8452,-1.0899,3.8061,-0.22943,-1.2371,1.7926,1.3105,2.4866,0.1452,-1.4701,-1.3708,5.7713,-0.73468,1.348,1.7148,7.2766,0.86925,-3.5504,-2.503,0.48426,-2.9805,3.6275,-1.0782,3.4632,-2.3825,1.2297,3.0007,1.0296,-0.31392,-5.7211,-2.3967,3.7,-4.5486,4.2643,-5.0593,0.40035,-1.6744,3.0292,3.1055,3.7414,3.5062
2.2222,1.1111,-2.4701,-2.7828,-1.1082,2.6256,4.2647,1.0687,0.74285,-2.8088,4.1878,1.9009,1.4975,1.2439,0.95978,6.0851,0.97709,3.0482,2.6294,-0.28292,6.9195,2.9679,-1.8553,-4.3913,6.4158,1.7466,-0.44363,3.2882,3.0143,4.2279,4.564,-5.379,3.2727,-0.5137,-4.1652,1.4938,8.0235,-0.70438,-1.8396,-4.7026,-2.3613,0.11844,-4.3122,3.5748,4.054,1.3524,1.3943,1.4625,-3.848,0.99637,-3.288,2.479
2.2222,2.2222,-2.5391,1.259,-3.1289,-0.99555,-3.2726,2.6098,2.0343,-1.3103,0.29979,-3.4301,-0.91742,0.24758,4.1876,-2.6043,4.9691,-2.3562,2.4676,3.7541,0.49489,0.11527,1.2733,-3.2853,-3.708,-1.3627,-1.9655,-3.5421,-1.0682,-4.942,1.6617,-3.6064,-5.3096,2.0863,-0.76785,2.7537,0.60641,-4.8632,-6.9678,0.0081976,1.8224,-2.3756,6.3796,3.5984,0.052644,-5.7178,3.4005,6.0372,-5.0039,-2.9084,1.972,-0.69973
2.2222,3.3333,1.5847,-2.0237,-0.74612,1.847,0.95234,2.8834,2.3728,5.4184,1.278,-6.1288,7.6861,3.069,-2.9299,-2.4265,-0.46126,4.3795,-0.23401,0.86711,-2.212,7.5414,1.9703,1.7857,4.5314,-0.84784,2.0955,-0.84466,1.2255,1.6589,4.1316,0.62727,-2.045,1.6502,0.84923,0.50483,-1.2787,-0.95412,4.5878,4.5423,0.029079,2.0389,0.76616,2.1886,0.30215,0.87295,5.6616,0.80241,-0.33962,-7.4512,1.9157,0.48361
2.2222,4.4444,-1.5394,3.8106,0.11124,1.1723,-0.65316,3.4281,-2.8476,-1.9081,-0.86629,5.0189,-1.6493,-5.2123,-4.4146,4.8321,-4.2413,-1.1946,4.3943,-0.32696,-2.9246,3.3822,3.5608,-0.28362,1.4248,4.9417,-1.2437,-3.3863,0.35317,2.0971,-2.1498,0.88293,-5.7061,-0.14975,-0.58919,0.67518,-1.876,6.3531,-1.194,-3.1929,-0.45508,1.0366,-1.2606,1.5698,9.3303,-0.46791,0.75151,-2.1016,-3.9909,5.3052,3.1783,5.1675
2.2222,5.5556,-0.55034,3.0908,-0.88361,0.62578,-0.22676,5.4397,-0.96263,-0.32704,-2.625,1.1829,-2.1908,-2.7988,0.64231,-0.0052912,-2.624,5.65,-0.39474,1.6977,1.1923,1.2603,-4.1105,3.0557,0.37639,-5.764,-5.5185,1.5661,-3.664,0.48486,-6.4163,3.597,1.7469,4.5291,-1.2905,-1.6587,1.718,-1.7203,7.4173,-2.6939,-0.83586,3.1939,1.2477,-0.38994,0.65141,2.9492,-3.1617,-0.92831,2.5192,-1.2085,-0.38351,-0.47167
2.2222,6.6667,0.59769,-2.8677,5.1269,1.3886,2.9903,0.38183,1.0335,3.8992,2.0169,-3.6648,-1.1283,0.99767,4.2041,-0.59669,-3.8294,-0.42937,4.2884,3.607,-2.7301,-2.2616,1.2234,-5.7779,3.1783,0.04457,1.9869,5.3316,2.159,2.1523,-0.59905,4.51,-1.7936,-0.34287,1.6035,3.3998,1.6408,0.051056,1.1401,4.16,-1.0515,-2.3109,-5.2105,0.99058,-2.1232,2.3893,-5.2535,-4.6827,1.6278,2.4162,0.10912,-0.37296
2.2222,7.7778,0.4034,2.1982,1.4157,7.4295,3.7475,-0.8144,0.98777,1.9247,4.1231,1.5353,-1.046,-1.5208,3.4847,2.9248,4.6269,0.6674,0.64482,0.25935,4.601,1.6071,0.45962,1.6218,3.3058,5.0157,4.9783,0.78346,2.8249,-0.48485,1.5946,-1.8677,8.2146,0.21773,-1.3837,3.9917,1.5539,5.4224,1.1873,-1.7167,3.9849,5.506,0.92746,1.327,2.0531,2.9545,4.2832,1.9676,4.1722,11.309,2.4065,0.68889
2.2222,8.8889,3.3966,8.8944,-3.4103,2.7439,-0.85428,-0.095799,5.384,5.4801,1.1991,2.8237,4.7818,3.412,-0.11529,2.1904,1.7574,5.9307,2.9956,0.99954,-1.7914,2.1293,3.6288,4.3958,-0.022014,-0.5327,8.7048,1.3777,8.4481,-0.36381,3.5965,4.4318,6.1295,-2.2598,5.7097,3.1681,2.839,6.8111,5.2324,-0.39948,7.5043,6.5211,0.97347,1.4373,4.4622,-0.56443,-1.7548,-2.9022,-4.5871,3.702,4.335,0.13216
2.2222,10,0.96567,2.5179,3.6187,10.77,4.5694,7.5529,2.6345,9.571,2.7336,7.7905,6.1563,0.34695,2.4341,6.2669,3.9564,10.385,6.2051,5.4923,5.3319,6.1507,6.369,3.3241,6.9565,9.1667,3.2078,0.059013,7.3105,7.5117,2.3199,1.5843,0.56678,3.5568,6.9636,4.3906,11.142,6.3664,3.3706,7.5042,5.6424,1.376,5.1901,3.2089,9.5252,3.5081,7.7902,10.125,-0.031021,4.6785,5.6613,10.618
3.3333,0,-0.66366,-1.4158,4.0803,0.70461,-3.655,3.0926,1.4567,0.46862,1.5053,-0.24685,8.0932,1.244,4.4276,0.64147,-2.2122,7.8908,3.848,1.304,1.577,2.2717,-0.92967,1.444,3.7655,3.3704,-3.1504,-4.911,-0.9991,-4.2354,-4.4662,-6.4205,-2.7844,-2.4616,-0.83601,-1.0306,0.74544,2.3815,3.0899,0.28545,0.1757,2.2295,-0.7598,-4.2772,1.6073,-1.3686,1.6086,-0.74794,-1.2684,0.056307,-3.0479,3.7196
3.3333,1.1111,9.6119,-0.65989,-2.73,-2.7875,1.6374,4.6705,-1.8133,-1.6119,-0.8791,2.8469,-0.56606,0.94315,-3.7657,-1.0052,1.5845,-1.0685,5.9021,0.29466,-2.8329,3.3579,2.8956,3.6166,-5.2986,-0.81523,3.1206,-5.1035,-6.1882,2.311,-2.4104,2.1713,0.54037,1.7711,-1.1784,0.47852,-4.8679,-1.7494,1.3811,4.8307,0.13832,-2.0096,-1.2419,-1.8999,1.1948,1.3725,-1.0149,-1.4915,-1.9594,4.6975,-0.79822,-1.1304
3.3333,2.2222,-3.6963,-2.8465,-1.3366,2.1177,-3.6368,-0.5783,-2.1177,0.015057,-0.9193,1.902,1.5463,7.0522,0.62614,-1.155,-6.51,3.0828,4.2203,2.9053,-4.3115,0.046184,0.85238,-1.9116,-0.65883,-0.74231,3.9912,0.11712,1.669,-1.6068,5.5906,4.9523,0.24592,-1.6345,0.37766,0.8811,0.71221,0.23663,0.26885,2.0851,0.20362,4.1968,1.5448,1.1859,1.5344,-2.4933,0.82817,-1.6276,0.64889,-5.1892,-4.6662,-1.9303
3.3333,3.3333,1.2955,7.5122,-0.81343,-1.2339,-1.2063,-3.828,2.5751,-2.701,1.0069,-3.8862,1.0422,-1.9789,1.4825,-1.7745,0.85658,1.3166,5.7474,-0.0085253,1.1942,0.9647,6.5692,1.2327,2.0042,5.3708,0.96388,1.9227,4.7818,-3.6116,4.1507,0.96795,0.99026,1.8193,2.024,-0.50518,-3.2491,-2.3598,0.83603,-3.5111,-0.022762,-6.3013,2.6783,0.89433,0.84668,-0.99894,-2.0999,-0.61397,-2.8702,-0.44737,-2.5579,-1.2287
3.3333,4.4444,3.4639,-2.9127,5.2799,-2.6022,1.8683,2.5269,6.114,3.94,3.1468,-7.1383,4.3368,1.1101,1.4956,0.099992,-2.1421,-3.5002,1.2831,-5.4377,-5.0522,-0.052184,-4.3123,-5.0345,-3.2569,4.1251,1.0986,1.196,-4.7472,4.248,0.39721,3.2379,1.8132,0.82496,-2.0632,0.68434,3.4693,2.7655,2.9654,-3.9913,-1.2288,5.9177,-3.3258,-0.64982,0.43271,3.0951,2.95,4.0879,-1.0581,-4.1418,-2.4305,5.4651
3.3333,5.5556,5.499,2.2692,3.895,-2.8114,-2.1989,4.6246,1.4002,3.2761,1.0001,2.138,2.7123,1.5015,5.9178,3.1655,0.85791,1.2387,4.1673,1.9237,-2.8101,1.0883,-0.7163,4.7493,-0.74761,3.1734,2.4364,-3.3956,5.0143,-0.45932,0.11531,3.7947,0.69234,1.8763,-0.94193,-0.73796,-0.54679,-1.7465,-0.51211,-0.79198,-2.1129,2.7756,1.3814,-1.0472,-0.1739,4.2126,3.9945,2.9785,-2.3089,-1.1684,4.8256,3.0771
3.3333,6.6667,3.4342,-3.1897,2.0899,-1.379,2.1595,1.5607,4.2559,-5.9558,-0.7341,-0.25369,5.6057,-3.999,7.2564,0.49321,0.87644,-2.7431,0.28919,2.958,2.5806,-1.462,4.7401,2.7062,0.67907,2.7527,1.4016,-2.9759,-0.51446,-0.51177,-4.7222,-0.40864,2.2226,1.4747,-0.52424,1.1422,-5.7621,0.6301,-1.1122,2.0458,-6.5293,1.4661,0.30174,3.8487,0.022714,2.1861,-0.25158,4.605,5.8169,-1.0615,-0.86233,5.0104
3.3333,7.7778,-0.79666,7.3459,3.9244,3.7458,1.271,-0.88974,-0.47182,5.375,-0.55253,-2.6552,-1.152,-0.31839,0.59136,0.86777,2.5967,2.9919,1.1253,-3.1902,6.4017,-1.5859,0.90816,1.344,4.658,0.37946,2.608,2.2004,-2.8598,2.5849,4.0358,1.0825,-3.4096,-0.30242,3.489,3.1914,1.0766,3.0411,-1.2454,-2.1696,3.2275,-2.0667,-1.2516,0.57488,3.1164,3.0226,0.26211,-3.3477,6.6347,3.2294,0.80031,-1.5843
3.3333,8.8889,2.7531,2.993,0.8567,3.2257,-0.88904,0.90735,-0.45331,7.0627,3.5141,1.4421,4.3059,2.3053,-0.35944,2.891,-0.097074,5.7469,3.5501,3.9173,-0.060195,4.9012,2.0664,2.7259,3.7923,-1.3276,4.858,6.632,7.7436,8.675,1.6726,3.972,11.596,0.91761,4.2106,-4.9733,3.4444,6.0759,7.1406,-3.036,2.0674,5.6364,0.59578,-0.05239,0.37948,1.8467,2.7689,3.9883,2.3985,0.36772,-3.9493,3.5845
3.3333,10,5.9108,8.3831,4.6494,9.476,0.73331,5.5866,4.005,7.8837,1.7413,3.9768,1.5133,6.1229,4.6433,9.3676,2.7631,7.6587,6.2646,3.6196,3.8754,6.0688,9.6231,-0.35848,5.5466,4.2161,9.3455,0.28484,3.9129,2.1798,4.8953,4.3839,2.3396,6.6598,4.1117,5.5894,1.7357,-0.88055,0.19755,11.899,8.7996,5.7717,4.9169,6.9144,8.5004,0.7892,2.8452,8.8693,5.4065,14.296,10.146,11.622
4.4444,0,0.050818,0.97,-2.3609,4.6974,-1.4379,-1.6302,2.8631,0.52997,7.9006,1.1003,3.6211,-0.067791,-1.6507,6.1841,-3.0417,-0.40473,3.2459,-4.0956,7.5689,-3.6183,0.37761,-1.2,-0.32526,0.47003,0.9273,-0.80186,4.1998,1.9271,2.1258,-1.1921,-2.8942,-3.752,1.5382,2.8009,1.794,2.1445,-1.1509,-4.8849,-3.3571,0.34831,-3.8153,2.8028,2.7116,1.6411,1.6028,0.33934,-1.973,3.1331,-2.977,5.5805
4.4444,1.1111,4.9648,-6.2488,1.8284,-1.621,4.3287,0.59116,-3.0228,-0.097374,2.6473,0.3579,2.7177,-0.88164,-0.18486,-1.9557,2.0924,2.5048,-1.2367,1.6295,-2.7561,-0.409,4.0438,2.6113,1.8092,0.93591,5.8332,-6.5298,-0.65134,-3.71,2.1175,2.5445,4.457,-1.403,4.0268,0.50938,2.4518,-1.7669,-0.11169,3.6697,3.037,-1.3535,3.2392,3.8914,-3.681,2.1167,1.9303,3.3404,-1.4944,1.2956,1.1641,-2.0003
4.4444,2.2222,-0.83835,4.5502,2.98,7.85,0.69421,-0.23188,0.60053,0.78339,1.0481,-2.4037,1.1744,2.718,3.8038,0.055128,-4.6033,1.5896,2.3105,9.1855,-4.898,-3.5106,1.6639,-3.2367,1.7158,4.2077,1.1628,-5.0226,-2.2347,-2.027,-2.2708,-4.8879,0.42336,3.0992,-1.6008,1.9866,0.67422,-3.3024,1.3349,-0.5725,1.6965,0.98934,-0.054129,-1.0573,4.2577,1.3826,3.294,1.4743,3.6958,-4.9896,0.82769,-0.33226
4.4444,3.3333,1.5249,4.7958,-0.045639,-4.8591,-0.72543,3.3545,4.764,-2.2048,5.9934,3.0975,1.704,3.517,3.1992,-2.3521,-1.0273,1.1523,0.43045,2.4027,-1.7823,-1.4186,-3.0549,8.0064,0.15709,2.8346,0.68056,-1.7865,-3.6572,0.035532,1.433,1.3922,1.262,0.81102,1.9659,1.7757,4.4822,2.9674,0.87014,0.01034,2.7845,0.82616,3.5336,1.1486,5.5479,-2.3741,1.6909,1.8247,1.8821,0.21272,2.7111,1.4399
4.4444,4.4444,2.857,-0.62794,-1.0894,-2.0101,-0.58425,-1.0821,4.351,-2.5291,-5.2422,6.1673,3.1153,-1.9112,3.817,3.5111,3.8141,0.93347,-1.9921,-1.4457,1.3397,2.5513,-1.2079,0.47438,1.6845,1.2568,-3.4245,-3.0508,4.1453,2.0662,2.0807,1.1046,-1.0439,2.9514,1.5418,-1.0375,-2.482,-3.2154,-2.7412,0.71268,1.0378,0.5193,-1.4343,1.0078,-1.0696,5.5661,-2.2913,-5.1209,0.064661,2.617,-4.3803,0.82651
4.4444,5.5556,3.2762,-0.99257,-0.59186,0.50787,3.1515,-1.3059,3.1034,0.29344,-1.4176,3.1381,-5.0803,0.030293,0.62793,4.5573,3.0345,-0.4013,0.9316,-4.3565,5.9881,-1.2444,-3.2891,-2.1274,1.5471,-4.6729,5.6435,-0.6176,-0.88319,-1.3263,-2.2548,4.0502,3.4838,0.67034,-0.31304,2.9546,-6.3419,-0.65607,1.0556,-6.5442,6.2423,-1.2154,-1.0866,-0.10859,-2.1183,-2.774,2.4933,1.5349,-0.73317,3.9681,-5.2389,4.2373
4.4444,6.6667,0.81464,0.95785,3.5879,-3.6006,-4.1147,2.0349,6.7022,-0.63805,0.6923,-3.9492,1.0018,-0.5428,1.1782,1.2204,2.9993,-1.9248,-2.1427,2.2197,4.3572,2.2271,-3.1281,3.0883,0.28663,3.5121,-1.2475,2.4901,-3.4208,1.825,-1.0353,-0.44669,6.1094,-0.54307,1.2904,1.1664,-5.5273,1.367,-2.4859,-2.5503,-1.5903,-2.8587,-3.584,-2.127,-1.5544,2.79,1.4215,0.45448,2.9854,1.2085,1.9311,0.21786
4.4444,7.7778,10.919,2.7749,5.4601,4.1898,0.47541,1.1537,-1.6475,-2.3652,-0.4917,1.679,-2.0184,8.7656,10.435,2.5291,0.89775,2.7145,3.8141,5.4708,2.7076,3.1311,-1.2309,4.549,3.9003,-1.0536,6.9236,4.0183,1.8672,2.0402,5.0926,4.9024,1.4553,-0.93365,-0.9027,4.5176,3.7549,-1.017,-1.6252,-0.1773,-3.4813,5.0051,-0.94825,0.97866,1.8415,2.2943,4.6709,5.4468,-1.314,3.0673,0.73627,3.3862
4.4444,8.8889,3.5271,7.2969,4.6772,-0.82167,6.2416,0.56857,3.086,6.0864,2.9976,4.5037,6.4139,1.2594,5.876,5.3242,2.4573,2.7138,-1.8624,0.69318,5.053,2.9564,4.9448,6.5371,1.311,3.1651,1.1712,3.3293,0.42885,2.9739,-0.59179,0.17973,1.7566,4.0067,2.2187,6.9832,5.3842,9.7794,3.0236,4.9252,6.0938,3.4726,1.6788,-1.0381,6.5629,1.2141,-2.1376,5.3102,6.9731,8.0211,9.1312,7.0481
4.4444,10,8.4874,6.4445,4.6414,5.4781,2.3841,4.4234,6.6164,2.1271,6.1783,8.8025,2.242,8.1655,8.834,3.1958,6.6079,5.1357,2.0877,6.5585,7.9648,6.4926,2.2997,9.5584,5.08,7.2774,0.83079,5.4414,5.7385,7.2047,2.9177,9.1911,6.65,-0.93666,3.262,6.7379,2.7532,6.2206,5.0684,1.2591,0.31309,1.9134,2.5566,3.7366,5.9239,4.6391,9.2409,-1.1462,9.7388,5.203,3.5978,8.3409
5.5556,0,0.73685,0.039157,0.43644,-0.32774,0.87031,0.61789,0.46999,2.8444,0.52174,-0.65779,3.3935,1.0461,2.3056,3.13,-1.2787,2.7551,-0.22343,1.7934,4.4637,-2.356,0.12447,-1.4461,0.10158,4.7795,2.3323,0.51958,3.1784,-0.92915,0.66609,-10.242,-2.1235,1.8577,3.4267,-1.0607,-1.8155,4.1796,0.47507,-1.8607,0.91758,-4.4477,2.984,3.7279,-2.6044,1.5905,5.0371,-4.2866,2.7752,1.5983,-2.2303,-1.0882
5.5556,1.1111,1.41,-0.10896,2.4018,-1.689,2.2068,-2.559,1.609,3.7711,-1.0569,3.2879,1.8386,0.064406,1.6688,0.39124,5.0398,0.019067,3.941,0.41058,-1.5144,-10.233,0.81858,-0.70797,-0.37541,4.5158,-5.872,-2.202,4.6935,0.15883,6.8194,2.9832,0.88778,-1.5617,3.5177,4.5913,-2.6537,4.6444,4.3652,6.834,0.67347,2.7701,-0.9046,-1.9147,0.64222,4.1157,1.3678,-1.3272,1.9036,2.5314,-7.5051,-7.7844
5.5556,2.2222,-0.93894,1.07,-0.76643,-0.19081,5.1977,-1.9219,-2.6006,1.7655,-0.96661,8.7926,-2.9566,3.4197,2.297,0.3715,0.48322,-1.913,4.3786,1.0832,2.1166,2.2701,-2.456,7.8603,-1.5887,1.6102,4.0942,2.4083,2.1482,2.9032,-2.4533,3.8609,-0.31265,2.1182,0.21863,11.118,2.2636,1.9725,-3.9036,-2.9486,-1.813,3.7368,7.5805,-5.2681,-1.6832,2.4379,-1.5498,5.7831,1.0032,-3.8235,4.4469,0.14918
5.5556,3.3333,0.39498,1.2081,-2.3835,-0.53194,-6.7872,-3.5236,-1.6724,5.6052,2.7645,-2.5283,1.2368,-0.88845,5.2105,0.24708,1.5552,0.037269,0.93006,2.4682,3.5537,-0.036675,1.7675,1.0961,2.4391,1.5139,-0.054492,0.016653,-0.34808,3.0955,2.7764,-1.6644,-1.1746,-1.7771,1.5271,9.3361,3.0419,-5.4273,4.1047,2.7871,1.3182,-1.0009,-4.7634,1.6748,-1.0944,1.8542,1.4115,2.8893,2.0494,-1.3582,5.9378,4.0979
5.5556,4.4444,2.7545,5.3571,1.7895,-0.095917,2.1996,-3.0669,4.7763,1.0489,-1.6187,2.8973,2.5172,0.016094,1.3292,1.028,-0.99521,-3.8569,-1.804,-0.28378,5.5725,-3.4271,0.42372,-1.0465,-7.3602,2.2006,3.0813,2.0909,6.2905,-1.9065,1.2892,0.64516,1.2339,-6.1079,0.82037,1.4461,1.8568,4.3741,1.967,0.73792,-2.9982,-1.5174,2.16,3.63,3.6803,-0.83551,-1.5535,-1.3533,0.91861,-0.54721,1.3304,-2.0298
5.5556,5.5556,3.9105,2.1118,-0.58595,1.4082,0.41377,0.76568,-0.72432,-2.0621,3.9223,-1.4422,-0.11368,3.8239,7.967,3.4033,2.7389,5.7269,2.1256,-1.938,1.7067,4.4779,1.7652,-0.38168,5.0688,-2.1755,2.1337,1.1311,-2.7212,1.8321,4.2909,-1.8852,0.52238,-2.221,-3.2153,0.85037,1.2923,1.2858,-1.1554,3.6427,6.9078,-5.186,1.9282,3.1925,1.0612,3.5291,-0.68504,0.89651,-0.40939,2.3455,4.0699,1.0878
5.5556,6.6667,1.794,-0.8409,4.6593,0.19248,4.2078,1.1801,-5.984,4.2402,4.6573,5.3008,5.6482,4.1287,5.111,1.7634,-1.8785,2.3862,3.6712,3.786,0.67209,-3.3358,2.5889,-1.7763,-3.3291,0.33191,2.0011,-1.3847,-5.782,-0.30626,3.4089,3.2379,-0.41279,1.819,3.546,2.4051,2.1358,-2.6156,2.9384,-0.90128,-4.5906,-0.62604,3.2958,-4.6591,-0.78717,3.5291,-1.8796,-3.5879,3.5431,5.2313,5.1295,6.7161
5.5556,7.7778,0.93915,-1.7105,-0.00098482,4.0464,0.58513,3.647,3.6248,5.2803,4.9201,-0.75154,2.8304,4.3347,-0.89523,1.6374,2.2344,0.6587,-2.9181,5.6362,-1.0894,6.3549,7.2762,-1.8104,-2.1233,4.5332,4.1728,4.4765,-0.57447,-1.5846,-2.452,3.542,2.6347,4.3543,6.8357,1.6001,5.5081,8.4551,5.1896,4.5828,-1.7776,-0.29828,2.8753,5.6157,6.1463,-2.6741,-2.2304,1.3221,-2.8117,-1.5359,2.6996,4.375
5.5556,8.8889,2.5331,-0.26295,4.4634,4.1651,-0.28461,2.1961,3.9824,-2.5147,5.7062,5.3839,6.5133,-3.0344,-0.38189,3.647,-0.053171,5.5154,-0.74157,-0.086045,3.9372,0.032978,4.6846,4.6874,6.3376,0.20142,7.4297,-0.43085,2.3919,5.8649,3.8984,8.2389,4.174,4.8432,5.755,4.5215,6.9591,2.3692,4.5785,0.31538,2.4019,2.9266,5.3274,-3.1137,5.9363,6.8106,-0.59049,3.0958,1.4692,0.96576,4.1474,2.8353
5.5556,10,6.5999,4.6285,1.3698,3.9981,10.253,5.2712,4.6279,2.1157,4.944,7.772,8.7174,2.9128,8.0799,7.7151,2.348,8.1446,6.0024,3.5345,5.3109,10.58,5.4185,6.4464,5.89,5.7428,9.9119,5.2611,5.953,0.45942,3.0352,1.3981,1.7761,10.021,9.8047,9.369,9.8006,5.7639,6.4698,3.8316,10.398,7.1366,3.8989,8.3001,1.9096,4.1657,6.1764,6.3044,1.6871,4.0722,2.8139,3.8887
6.6667,0,5.743,2.1616,1.543,1.1079,0.71317,4.3329,-4.2394,0.79381,0.80832,-1.4336,1.8814,3.127,-2.8731,1.06,-1.7902,2.1514,0.96801,-0.32618,-2.8122,-2.4341,-4.5552,1.3819,3.8233,3.6694,1.127,4.8375,4.5962,-1.9182,-3.2805,-1.3379,-2.064,-2.2934,2.7551,3.3368,2.064,1.6887,2.2753,0.21436,-0.23983,3.3443,6.0706,2.16,-0.67929,3.4224,-2.4066,-2.3971,-0.24578,-1.6098,0.52719,2.7615
6.6667,1.1111,3.4283,1.7925,-0.71963,-1.6466,5.6014,4.237,-4.4593,4.5919,4.6113,-3.0448,0.75902,0.18811,2.1835,5.8918,3.1562,1.8833,-1.316,7.922,1.9749,-4.9699,0.80327,0.063315,-0.30792,1.0713,-1.1289,9.5919,2.4435,2.5162,-2.6962,4.071,-2.9645,2.0927,2.8899,-6.9703,0.78727,5.3953,-1.1177,-0.40033,0.51519,-3.8433,-0.25809,-2.7938,2.4113,2.2576,-5.8379,-2.6618,0.25487,1.621,4.5767,-1.5988
6.6667,2.2222,3.4174,7.3606,3.8209,-1.5848,1.23,1.3759,1.8111,-5.1373,-2.4437,-5.3878,0.65942,1.1636,3.1643,4.5997,2.9516,3.0806,-5.1855,-4.0454,1.2259,-0.6084,1.5126,2.8616,-0.85144,0.85563,-0.09627,4.2275,0.44814,6.4333,-0.2368,2.6502,6.2087,4.2134,2.7124,-1.6552,-4.2316,4.8581,3.5647,1.4527,2.5349,-2.1509,-1.2529,3.4424,1.7391,-1.6643,-1.6953,-1.7031,-0.24388,6.5214,0.47284,-0.30839
6.6667,3.3333,2.0484,7.5429,2.1235,3.0687,-0.74284,-0.40006,1.9533,1.1377,-1.2081,4.1749,6.4777,4.8229,-4.7512,3.0786,-0.64201,8.5145,1.0877,-0.44268,7.0101,2.301,-3.9998,-0.021673,-4.5377,0.13208,-1.5709,3.0273,6.3439,-0.81086,-0.55702,3.4558,3.4409,0.33696,4.2947,-1.9781,-2.8854,5.0018,-2.2936,0.51204,1.4717,4.5275,1.4391,1.4798,-0.21378,-1.7697,-3.5261,2.5655,2.8252,1.8346,1.3856,4.2815
6.6667,4.4444,5.8689,1.4098,7.4991,4.5331,-3.5103,-1.4033,3.2682,5.7721,6.966,4.2582,-2.3258,4.7673,7.4287,-2.2684,2.2894,2.8669,1.522,5.8111,7.2508,2.962,5.5,0.28372,6.5739,2.1925,3.4425,4.1693,1.0808,0.39632,3.6369,1.7468,4.228,-2.9666,5.5602,3.0075,-0.59085,0.16264,0.10018,-6.3284,3.7473,-0.22183,-1.0083,2.3938,0.99347,1.6452,-0.06633,4.2455,2.4709,1.86,3.3933,2.5438
6.6667,5.5556,-1.1615,1.8916,1.4807,0.90152,-0.27617,1.4601,5.8735,1.3452,-1.7162,0.81512,6.952,1.1084,7.6383,-2.1093,-0.57624,-1.9855,-2.0042,-1.3983,0.40992,-1.4787,0.51719,-2.9346,2.0363,3.9226,1.6907,0.43331,6.5941,4.8189,-0.39291,2.4715,-6.4709,-2.513,-6.1881,3.2748,1.8973,2.8353,2.2814,3.2873,2.9154,4.9566,0.97654,4.3954,-3.9471,-0.23495,2.7221,3.341,3.1635,-3.0282,-0.11955,7.0183
6.6667,6.6667,1.2024,0.1776,3.5949,3.2956,-0.69809,1.8831,-1.7448,0.88525,4.7172,0.80066,2.2671,0.084871,4.9576,-0.37649,2.1845,2.5558,-2.0926,5.043,0.75177,6.8468,1.2651,5.8112,3.693,1.1713,0.29954,0.80608,2.4619,-2.1408,2.6047,0.90046,-1.285,2.0241,3.9765,2.5869,1.313,11.671,-0.65936,3.3562,-1.247,-3.4888,0.62629,-1.6916,4.7061,-0.19597,3.1931,1.8503,4.7165,7.0704,-2.9776,3.1711
6.6667,7.7778,-0.28503,6.592,9.1074,2.4704,4.6967,7.1609,0.63688,-1.1985,0.37909,0.77907,0.54042,4.2321,3.1701,0.16736,3.172,4.8458,5.3822,4.5231,7.423,4.1902,3.4612,3.3156,8.1628,1.9157,-0.60023,6.8828,6.1097,5.3163,1.4656,4.5952,6.5078,-1.7489,0.067227,5.0638,5.7624,-0.076882,0.13218,1.5851,-1.5727,5.5178,0.8946,4.9726,2.4269,0.95149,6.031,1.4653,-0.73033,4.4291,1.8792,2.5016
6.6667,8.8889,5.7072,8.6574,3.7588,5.4378,2.3002,3.1948,3.3928,5.4903,0.11788,2.1401,2.5518,2.2145,5.775,12.995,1.9524,-2.0927,4.2643,2.0654,4.1863,7.1359,7.3231,0.93202,-1.1791,4.7054,3.4467,2.3538,6.8273,2.9258,4.4571,4.7066,4.0985,3.2113,6.7346,5.0047,7.5848,3.5332,5.9018,6.8952,4.0138,3.598,0.88084,-1.157,6.4279,7.6582,3.3611,6.0722,3.6008,2.2418,2.7151,5.859
6.6667,10,7.3128,4.9956,5.8796,6.5625,8.4857,6.3663,8.9619,8.2861,4.722,8.0894,9.432,7.4997,5.135,5.5545,8.8705,8.0467,11.816,8.752,1.4934,12.462,7.4468,9.824,6.7948,5.558,8.3369,2.1669,9.4306,4.8058,6.0216,12.654,5.8125,6.4236,9.7971,1.6511,2.5875,12.676,6.0071,12.061,7.9637,7.2758,2.2151,7.6888,8.1231,2.4432,4.3054,4.8583,6.6167,4.2125,3.5019,4.9562
7.7778,0,7.4206,-0.57922,2.6731,2.0336,4.9257,-1.4471,2.7346,1.1465,0.29935,1.4418,4.5986,-2.9684,2.9391,-3.7185,0.29122,-0.89887,2.0092,4.6955,2.0447,7.8886,5.7744,1.7051,4.8865,4.5989,-2.2234,5.5861,7.0255,4.1087,2.1338,3.3903,3.9141,4.7897,4.6018,5.0606,0.99224,2.0579,0.15067,9.3906,5.8114,-0.58514,-0.99652,3.4243,0.35611,0.31036,4.814,5.2539,-4.5964,3.3676,2.7183,5.2972
7.7778,1.1111,4.3449,4.3062,2.9442,-1.221,1.7962,1.1999,2.0593,-5.2522,-1.9479,1.6249,0.53198,1.4521,7.2037,2.2013,1.0553,2.9235,2.9734,1.2247,5.3634,-0.10675,6.0244,4.8537,1.2514,0.32544,-2.3514,-3.0989,7.1402,1.6476,-1.8215,2.868,2.6052,-1.2633,-3.4927,5.878,0.65374,3.4973,2.8662,3.5729,0.77761,3.6779,1.2694,7.8299,2.8773,2.0232,5.5971,2.6371,1.7005,2.4616,6.1886,7.0924
7.7778,2.2222,3.6321,6.0586,4.9655,1.5891,-1.5141,1.3467,2.3408,3.8235,0.28953,2.0925,1.1415,-1.4776,1.0953,1.9776,-5.4442,1.121,1.8887,5.2545,-0.62751,2.4177,0.13171,-2.2743,1.9751,3.0706,2.3681,0.68738,4.1785,-1.1135,1.9929,-1.28,6.0034,4.2549,2.5981,1.0855,-1.8133,-1.0565,5.5961,-1.0308,5.4322,2.1179,1.5415,4.9737,0.14782,-1.2632,8.3854,0.54265,1.2335,0.61505,-0.8898,4.7105
7.7778,3.3333,0.72525,3.4557,1.3674,-0.77908,-1.9697,4.4891,6.4167,0.7295,-0.098761,-0.41318,3.5435,1.5533,4.0184,-4.8244,2.9136,3.7403,1.4129,3.8527,-0.0065869,6.5561,1.339,0.028311,0.63043,1.2633,5.541,2.236,2.9829,3.154,0.3257,7.2862,8.0361,3.523,-1.6264,-0.69563,3.7126,3.3888,-2.2377,4.6203,4.4629,0.035964,1.968,-3.8132,2.8965,1.8826,0.38102,4.5768,-3.3256,1.064,1.2369,-2.9208
7.7778,4.4444,3.8614,-0.46911,4.6503,-0.66872,0.86197,0.95277,-2.9913,2.269,-2.427,0.099682,5.1798,1.5903,6.1526,4.2723,4.9084,3.1794,0.78082,2.1269,-0.22992,-4.6007,3.0136,5.5864,-1.8347,3.1277,1.5095,3.273,7.3289,3.994,1.956,-0.37446,1.2661,2.1138,8.6509,6.3774,-0.91575,-2.1473,4.6863,5.9103,5.7214,-2.5025,1.6633,0.12047,-0.41212,-1.32,-0.544,-2.6542,-1.5897,1.4234,-1.2787,0.2626
7.7778,5.5556,4.539,-0.42387,4.2221,0.58109,3.1671,0.33931,2.6355,7.1379,5.8164,5.5027,9.702,-1.1173,1.0334,-0.42903,4.2562,7.2691,-0.94493,4.1062,6.1537,4.4942,-0.13695,2.5132,1.3641,3.2455,2.6805,-0.58345,2.8766,-1.1031,4.417,1.7815,-0.13529,5.1497,3.1838,-1.1015,7.3957,4.3346,1.4589,-0.70236,10.618,-2.7724,1.4757,1.9441,-0.30306,1.732,4.2731,0.56763,-4.2654,3.9712,5.0712,0.21168
7.7778,6.6667,2.5017,4.8554,6.0333,1.3951,5.2089,1.0565,1.5978,0.8071,-4.3516,6.7883,6.7456,4.0129,4.9031,2.7736,5.3517,1.9608,5.046,0.46645,1.7275,3.362,3.7326,4.9545,2.4447,2.1414,-0.43676,4.9588,-3.6288,3.827,-1.0422,6.3632,1.4451,3.2111,-0.036943,2.8911,4.6882,5.8464,7.8451,2.6732,1.3744,6.6265,0.80679,4.444,3.3718,4.215,7.4235,-1.5067,1.022,4.5424,3.0903,2.6985
7.7778,7.7778,1.312,3.3752,6.6847,5.5823,0.16488,9.3138,8.0025,0.0027528,3.64,5.1092,-2.9823,8.8198,4.698,4.8653,-1.2199,4.4995,3.0864,7.0225,-3.1438,1.3593,-0.038765,4.6449,-0.051288,0.96381,1.6258,3.3427,1.7014,4.3593,6.1629,5.1826,4.215,3.8252,7.1819,5.1041,3.2363,-0.65551,2.2888,2.7324,3.1887,1.6107,7.4359,2.8206,3.0361,10.603,5.8089,2.1054,5.0077,0.80352,-0.69667,-0.17208
7.7778,8.8889,1.4353,2.7673,8.8895,6.0007,9.2324,1.9788,7.2298,3.1393,1.5337,6.3648,5.9113,12.605,3.4426,0.9867,6.4571,2.72,5.3209,8.4151,12.556,6.1378,4.5163,7.4991,6.1947,5.4352,5.4613,4.7359,-0.17979,1.8205,2.1567,-0.24009,5.8489,8.7232,7.8191,3.7634,5.0034,4.5261,6.9798,3.2094,6.7288,8.6968,3.2032,7.8233,9.5237,5.5888,5.9808,5.1828,6.0085,6.9944,5.8796,2.9476
7.7778,10,7.0175,8.01,2.5776,12.699,6.8553,1.5491,3.5769,8.8082,6.9608,7.1815,4.3184,5.3355,5.6304,7.2322,14.048,9.7783,4.5984,9.751,4.7283,7.8499,4.459,2.5433,5.4786,-0.75628,6.227,8.1743,4.8063,3.7233,7.4634,5.3264,5.0655,2.9504,6.4119,3.4314,5.6562,10.072,10.124,6.9821,2.1635,7.533,2.5401,6.7741,7.6264,6.7721,6.1577,9.9369,7.1397,5.173,1.3255,7.0839
8.8889,0,-0.30468,6.9798,7.5365,3.4973,0.90531,-3.1075,6.0342,4.8546,3.5726,2.936,4.6395,4.8337,2.2788,5.1482,-5.8915,3.2096,2.5976,2.6555,6.2048,-0.061138,-1.7088,3.1179,6.7018,-0.44678,5.0592,2.6936,0.26754,4.6855,0.58231,-0.63912,-0.50966,3.6235,4.2473,1,-0.9757,-0.17588,1.417,0.98028,2.6777,1.1554,5.6658,4.1501,0.25462,6.2634,-0.30594,2.2371,0.78824,1.3568,1.7602,0.29467
8.8889,1.1111,1.1204,0.12046,-1.3189,2.6994,5.2607,2.0685,3.0315,1.2772,6.0852,2.7962,-3.1846,4.7959,-0.18816,2.8127,-0.10232,8.0541,1.7919,-0.32189,2.7437,-1.8324,8.8678,4.1428,4.7326,5.4669,0.40027,4.4447,2.8938,3.2911,2.8987,5.1149,8.7832,-1.249,5.792,2.6485,1.7435,1.4676,5.9052,4.3486,5.1686,2.7939,4.504,1.1219,6.9792,5.391,3.0027,0.10359,5.9719,5.8965,6.4668,3.3767
8.8889,2.2222,2.4535,3.3547,8.1609,9.091,9.6908,1.0838,0.72096,3.3506,-0.44103,-0.11212,3.3307,6.8225,3.8632,0.48365,9.0237,6.7847,0.60273,4.4383,7.8819,0.84815,5.4876,3.3858,1.3586,2.0764,2.2328,-1.4599,6.742,6.427,7.4325,7.2934,-0.37178,0.71233,7.7629,3.5813,0.16765,8.2365,3.9724,6.9394,4.0131,6.6627,7.3769,8.5359,-0.17349,-1.5173,1.4717,-0.85715,3.4112,3.9074,6.3578,2.3444
8.8889,3.3333,1.222,2.3888,3.1564,5.9452,2.6188,1.8123,-0.46351,1.8364,0.73846,0.12775,5.8027,2.5138,4.4987,-1.5186,6.3033,6.6455,5.4711,3.3892,7.0601,3.4579,0.20674,-0.16828,9.3809,4.6877,1.7578,2.7179,2.0545,6.5323,1.633,5.609,0.88296,-0.063371,6.1423,6.2232,2.3311,0.67968,6.9945,5.3345,11.048,5.6926,0.35858,3.9087,5.1834,3.6354,0.49882,7.5976,0.18487,1.4128,3.7884,4.0152
8.8889,4.4444,6.5583,3.8122,3.3415,2.0701,4.0319,-0.51429,5.3133,1.4814,6.3435,3.0274,4.395,4.1754,6.6555,3.7142,3.9271,3.2005,2.3084,4.9929,3.7869,6.2876,-0.53119,3.899,4.7725,3.5573,3.4982,4.073,1.7838,2.2181,3.6395,2.7268,4.099,3.0396,3.3067,7.6649,5.0201,3.0621,-1.1945,0.76052,2.2561,4.768,9.3684,8.1316,-1.1868,5.0207,3.4893,1.1075,0.35036,0.45375,1.7479,1.0429
8.8889,5.5556,1.2988,4.3076,3.003,3.7163,3.0817,5.32,1.5621,4.331,5.4504,5.7523,3.7693,-0.74943,4.3362,4.5549,2.9814,1.7021,-0.68429,1.0465,-0.86605,5.2735,5.1985,1.6231,4.5366,4.6123,1.8679,4.091,1.1723,6.0245,2.6728,3.5808,4.7978,1.1642,9.0213,3.9389,2.0331,1.8381,2.5757,8.6536,2.0065,3.8711,6.1029,2.8627,0.94885,3.6595,1.9468,0.77343,-3.1463,3.0642,4.2959,2.4001
8.8889,6.6667,1.9482,0.54786,2.4411,6.5215,3.0801,0.98075,5.2698,5.4057,5.8712,5.9947,-3.1028,2.6391,3.2254,7.3806,2.1068,3.4618,7.6911,0.98634,3.2401,4.7132,5.2808,4.3096,4.0754,5.9258,1.5129,7.8817,3.7191,7.4615,0.52779,3.2203,5.4141,6.2434,4.8271,7.8228,3.329,3.7936,2.5242,5.4068,1.9409,5.473,4.4548,10.014,7.5543,3.8011,4.8426,1.3585,3.8634,4.7672,0.98681,4.85
8.8889,7.7778,1.7615,3.8367,3.7857,3.7064,4.4764,9.0558,7.4892,4.7627,8.3296,4.0648,6.3579,2.4291,2.836,8.821,5.0533,1.801,3.3499,5.5002,1.7876,3.7171,8.2608,7.8723,2.2362,4.8621,5.3328,4.1873,7.3741,0.98189,5.9897,6.4847,0.6483,2.8775,8.6821,6.9589,5.1261,7.8047,6.3671,4.6368,7.8841,1.1549,2.3358,3.4576,7.4186,2.1903,4.4073,5.0487,7.5636,3.8089,7.238,0.75314
8.8889,8.8889,8.1023,3.7764,6.9303,5.5729,2.18,8.765,6.569,9.8526,4.017,5.883,9.0935,7.1305,5.4067,5.416,4.9146,3.7119,7.0939,5.1277,7.4667,6.3781,2.6312,3.4657,6.4219,9.388,-1.6878,10.145,-1.7036,7.4653,3.02,6.5195,-0.9555,1.41,6.1802,7.0824,12.354,6.6976,7.5083,3.3688,11.756,4.1947,1.6957,2.8401,6.161,3.0572,8.5992,8.2947,3.5558,9.1875,7.2438,3.6758
8.8889,10,8.0319,8.707,12.223,5.9443,12.974,2.9644,6.3493,7.9732,8.1274,6.2496,8.329,7.4525,8.4223,6.9941,4.8749,8.3056,9.0106,3.3055,7.4934,8.9015,12.415,10.215,9.5168,5.7194,10.424,9.0182,12.038,6.628,12.188,8.2269,10.592,10.477,9.8931,10.608,8.123,7.4074,4.9881,8.9278,8.8844,13.512,12.561,5.5918,5.019,4.6738,10.666,8.0491,12.653,1.4734,10.241,0.23262
10,0,4.2173,5.327,9.6022,3.5725,6.0591,12.585,6.484,7.0324,1.8691,3.9162,2.9266,5.5242,8.5265,5.2466,4.1127,2.7954,0.4579,3.5529,4.4472,1.8508,7.3198,3.7561,8.2615,11.167,0.3827,5.4635,2.969,2.8053,2.1563,5.0705,1.6011,6.65,1.9244,2.0373,2.2774,3.2408,3.2486,3.6893,3.458,6.3197,5.0143,7.9851,1.0493,3.653,5.0764,-5.3226,6.6816,4.014,5.3299,4.7439
10,1.1111,2.0896,13.207,3.1938,9.2481,3.96,2.0587,2.3355,4.1291,6.9187,0.42068,4.6642,3.3068,0.31806,3.6924,3.6578,3.2446,4.7708,10.772,5.5567,4.9566,9.5475,3.2965,5.7875,5.4955,11.304,3.7544,12.679,3.0714,2.5352,6.9966,9.0391,4.1853,2.3639,1.418,7.9682,7.3177,5.5187,7.8193,6.1637,6.8621,6.8823,10.486,7.9258,1.7883,0.62499,4.0566,8.6577,7.1019,-1.085,8.4834
10,2.2222,13.276,2.2629,1.7697,4.7356,5.0356,3.1679,5.8581,2.4269,6.523,2.0474,5.8436,1.198,10.955,2.6924,0.97316,-0.050462,-0.12211,5.1391,4.7584,1.7796,3.3122,6.9497,8.1907,2.413,5.3199,5.7998,7.5614,2.8553,1.2293,6.8167,5.8519,9.5401,-3.5478,5.9276,3.5538,2.3989,-0.32622,4.9193,7.2014,6.8119,5.7759,10.737,6.3108,8.031,2.2144,3.5733,4.1149,5.3872,8.1483,8.0738
10,3.3333,3.5178,1.9466,6.1699,9.644,6.6847,8.3064,8.0461,-1.7358,7.4075,5.2319,8.3526,9.3976,2.0409,6.5467,8.2006,13.807,7.482,7.5207,9.0991,4.1925,10.075,3.9933,4.2594,9.0439,10.456,8.5045,9.6856,6.5354,2.364,9.8483,8.8968,6.7063,6.7988,9.1249,5.5507,6.6575,6.0807,0.26158,6.9811,6.6331,5.8104,3.4858,9.5026,0.16914,-1.1777,7.5959,-1.1162,5.7914,3.753,1.4495
10,4.4444,7.0393,3.5609,-0.60505,1.8573,0.099113,3.2031,5.6884,0.20933,2.1297,3.5182,3.0773,5.5444,10.392,-2.2997,5.0425,4.0297,5.5528,6.4288,6.5897,2.145,8.8436,5.3655,8.8937,4.3676,7.1789,5.8073,3.1163,8.415,3.3488,5.2322,3.3566,2.299,5.2471,10.294,4.5803,6.4751,-1.4575,4.9807,5.8126,5.3673,6.1978,6.8538,6.4277,4.3646,7.101,0.21908,6.5032,3.4119,0.49252,7.8261
10,5.5556,6.2455,5.5233,9.1267,0.86932,7.231,-2.334,11.095,2.2067,8.5385,5.1365,4.4566,5.2304,7.1432,4.9097,5.3211,4.6045,4.3561,6.5812,6.8119,5.3184,5.9889,1.1644,4.1698,5.4127,8.0929,2.5177,1.2547,5.2862,4.0335,1.3112,3.265,3.7475,4.7281,-0.47857,-2.481,8.7398,8.937,7.0706,6.3675,2.206,3.7561,6.0605,9.8141,5.4858,3.87,4.1083,6.8292,7.2547,-0.80672,4.716
10,6.6667,5.1489,3.6366,7.5388,8.9979,6.9815,2.5584,1.9295,10.879,8.1893,4.4555,7.905,2.5745,8.2002,10.817,4.7752,-1.3193,10.291,6.3795,9.8228,6.5044,9.3254,6.3589,10.433,3.5813,1.233,3.9844,7.6244,9.3004,0.42044,5.2968,5.1879,5.3979,7.8244,8.0585,9.1407,5.9032,3.8323,5.762,9.0643,-2.3895,7.9787,4.016,2.3684,7.0593,7.5472,4.8945,7.5092,2.2026,5.4981,5.5262
10,7.7778,10.39,12.023,5.141,4.7054,11.967,9.0625,12.298,8.3504,9.7297,8.8253,4.0489,4.7096,6.5193,5.6681,1.6579,7.1843,9.2225,5.0088,7.17,9.133,1.8475,8.8064,6.7945,2.4711,7.6947,6.032,7.5738,3.8428,9.4081,3.3689,3.8087,10.183,9.4054,3.1112,10.121,9.2707,9.3942,9.2991,3.0202,8.8457,9.0399,0.99567,6.1958,9.8584,4.9365,6.2417,10.658,10.205,9.1667,7.9846
10,8.8889,10.918,1.3015,6.6666,1.8829,9.339,8.884,8.9372,2.3766,15.84,9.7794,11.239,7.4807,10.462,10.247,8.4485,9.6243,8.6997,11.922,13.623,2.382,3.5609,8.3621,15.935,11.366,11.203,9.6107,7.2406,8.1223,5.2567,4.6553,8.1201,12.158,8.1356,3.9638,10.728,8.1263,3.8674,12.658,8.5715,11.348,10.664,9.9618,0.99332,9.2577,8.0432,12.958,8.3002,9.381,7.1982,7.5282
10,10,19.587,3.2969,8.6886,12.939,12.132,4.0771,9.8068,12.218,4.8569,8.7008,11.964,10.622,7.6222,12.128,11.391,13.012,13.105,6.8483,12.734,7.6974,13.564,11.178,10.82,15.599,8.4697,6.9509,10.398,9.0179,11.821,7.8694,10.25,7.3257,10.31,12.762,9.9965,10.931,11.466,9.2281,10.226,12.001,10.643,10.718,16.416,11.712,7.8805,8.0123,10.564,10.256,14.156,11.343
