0,0,4.2657,-1.4536,5.0001,1.0545,8.5078,1.1279,4.7424,-2.1622,-1.4296,3.8931,4.5732,0.98979,0.84226,1.6688,-0.85963,3.3515,4.7114,-4.1311,1.2242,7.567,-0.050179,1.8255,4.9527,4.2048,3.567,2.4731,0.76606,2.816,-0.85292,3.5561,5.0904,-1.5259,9.281,3.4337,-1.0611,0.84747,3.1875,2.3808,-4.8047,5.3368,-2.0394,0.38158,3.9358,1.4249,-1.9166,-9.906,3.39,1.3684,5.4274,-1.5135
0,1.1111,1.9389,0.071077,2.8496,9.542,3.2653,-0.16803,2.5028,1.7289,1.3477,-3.0213,2.553,-1.6599,0.73499,2.5208,-0.64702,5.8621,0.3637,2.3585,3.0232,2.3886,-1.5689,1.1484,-0.4819,6.8164,-4.4938,5.1493,3.2913,-0.88751,0.47731,1.598,1.8749,3.5137,-0.24654,7.1131,2.2455,0.80089,0.14343,5.247,-5.1461,2.4284,-1.6151,3.8695,2.4736,4.8209,3.8239,1.9609,5.7823,2.509,5.8318,3.7086
0,2.2222,1.4248,-0.91369,0.11561,-0.42084,0.20754,1.7478,6.5435,-0.64086,1.1137,-0.52447,-0.26749,5.0689,-0.566,3.225,2.3521,-0.66095,3.0297,1.6335,-1.258,0.79824,2.1024,-0.88373,3.0684,1.2337,-0.88083,9.9056,7.4645,1.701,2.0657,-5.173,0.54411,5.2939,-0.5899,5.3754,-3.7085,-0.87619,0.7629,-2.4035,1.8794,5.9155,0.8628,0.61788,-2.2821,3.0292,3.0213,1.2431,3.158,0.028847,4.5538,0.62561
0,3.3333,-1.9567,3.9245,0.98166,3.3317,0.86759,3.9582,1.8219,4.5334,0.046303,9.5953,1.6706,0.60018,2.2901,3.6948,4.0163,8.4326,4.9142,-1.4498,-5.5923,5.6611,0.40874,1.4091,-2.5706,1.8149,3.0539,0.045437,2.8256,3.1316,5.5737,5.3681,0.99044,1.2168,1.7036,2.3118,3.5401,3.8448,-0.55646,3.4105,5.3055,1.9046,2.3328,2.6881,5.1308,-1.6884,4.6239,-0.94101,1.1272,0.66458,2.0106,0.56056
0,4.4444,1.1428,2.5114,0.11225,3.8449,-4.2062,1.0008,0.056426,-1.0188,2.3145,2.3612,4.6319,0.6189,-0.046273,0.91818,-0.34969,-1.1007,0.85408,-0.33907,4.8169,2.5621,0.14975,4.0852,-0.19216,-3.9311,-3.7607,-0.12793,1.8939,1.4661,0.22002,2.0976,-5.9461,0.53849,5.5712,3.6485,1.5835,4.706,1.9114,-1.0573,-2.6403,4.7412,5.2397,-0.59189,-0.65663,7.0283,1.6491,-4.0802,-0.41307,7.73,1.8549,0.2668
0,5.5556,7.4419,1.9434,-2.6465,1.0089,3.3896,-8.1574,-0.016917,-3.6668,-0.056484,8.3911,-0.54605,2.2238,1.4713,7.9703,1.4358,-2.5908,4.574,1.4516,2.4653,2.1397,2.6902,1.4569,5.0128,-2.9387,-1.6858,7.0465,4.0388,-1.8541,1.2404,-2.8416,2.9455,4.0343,4.8969,0.088906,5.1954,1.1731,10.891,-2.8947,4.5832,0.6598,-3.3841,0.49514,3.6358,-1.6395,5.867,3.7713,8.4403,1.147,-0.95237,4.8345
0,6.6667,4.2034,-0.56042,-3.5924,3.2602,-0.52653,4.5722,6.5815,1.8038,-2.2442,-0.73584,-1.219,4.4651,1.2704,-0.92498,2.1195,-2.2033,-3.8093,-1.9942,4.2741,3.087,-0.96483,-0.83176,3.2197,-2.0115,4.3701,1.2121,2.776,2.9721,0.48575,2.2328,0.50906,0.88945,3.0376,1.1685,5.9623,-1.1618,-1.1809,1.2006,5.1529,-1.5598,0.60676,0.14138,3.5053,1.1926,2.6562,-0.53407,0.83071,-2.4612,-0.0059799,4.1406
0,7.7778,-0.33038,-0.50667,8.8196,2.9865,0.25044,2.3454,-0.85265,1.249,3.9859,1.3485,3.7347,3.3519,0.88661,0.2367,-3.1129,-1.5729,3.9524,0.97446,-2.2264,2.9434,6.0903,4.6207,6.3988,1.9612,-7.2192,-2.446,5.8964,-1.7077,1.7222,5.6988,0.72932,2.9662,6.2565,1.7332,4.0847,3.7566,2.682,3.3095,-1.1175,4.7729,1.7867,-3.5202,5.4604,6.577,-0.62145,-1.0341,3.3637,0.29576,-1.8012,2.2641
0,8.8889,2.6617,2.5062,2.7801,0.86155,5.6658,-2.5987,1.6939,-0.32109,7.397,-0.069122,-2.3018,6.1918,-2.001,2.7957,-0.66215,1.4544,-0.92218,3.7145,-1.2883,-0.50935,-2.7726,-3.1363,6.4221,2.1237,-3.6715,-1.518,-0.50542,0.74386,8.4801,2.4532,-1.4632,2.438,-1.6464,0.086446,1.6373,5.6944,0.73078,2.525,1.7532,2.4933,-0.11667,0.51629,-5.5434,-5.4262,-3.1372,-1.3666,1.5655,2.6306,1.0546,1.0551
0,10,1.6273,7.036,4.6899,0.13564,1.2363,3.5853,2.0953,-2.7845,3.2298,5.4816,2.9804,4.4066,3.5958,1.136,-1.1949,-1.2139,0.45528,0.96684,-1.3776,1.2117,2.9794,5.312,4.2989,3.8415,-0.19467,-2.9038,0.96903,3.9278,7.862,2.6843,-3.4806,6.3119,4.0265,-0.0036656,5.5995,1.6242,7.2352,-0.12404,4.8436,3.3182,-0.41407,3.6728,-5.233,5.6708,-0.55879,0.87759,3.1867,4.7551,-5.2114,-2.2616
1.1111,0,-2.5143,3.6705,-2.2218,3.2944,-2.6532,2.0935,-9.0844,0.69292,1.6486,2.3017,0.61743,4.2812,1.7473,1.1567,0.54274,1.0949,4.498,4.3801,1.4841,-3.1771,-2.5218,0.48384,-3.7141,0.033303,1.2972,5.9259,4.156,-4.2742,-3.0672,-1.9751,0.58138,1.4425,4.7159,2.1404,1.0656,3.6506,0.091746,-1.9561,-1.4973,-3.2633,2.3252,3.5134,-0.52639,-0.83109,3.0345,-2.304,0.89605,-0.79678,-1.6794,5.7591
1.1111,1.1111,7.9176,-0.30495,3.2019,1.9015,-1.6494,0.93377,-0.66237,-5.1304,0.38853,0.093389,5.4195,-1.0413,-0.40957,2.0801,2.4173,4.4405,-0.58654,0.24262,1.3776,4.1058,-0.38882,-4.2218,-0.37913,2.9361,-3.5275,-2.4554,2.038,2.5616,0.99641,1.2387,3.0814,-2.6921,4.2052,7.2649,-8.83,1.6451,2.9186,3.5191,0.62063,-1.1203,3.2038,4.3505,-1.5817,-4.0703,-4.7509,4.78,-0.76293,-3.8523,-1.0041,2.8798
1.1111,2.2222,-2.0475,-5.6393,0.33342,2.8026,4.2047,1.5246,0.78937,-1.5174,3.7274,-0.86084,-6.352,0.89097,1.1606,3.8961,1.6855,1.1831,4.1276,0.32946,0.19947,-2.8437,-1.826,0.18776,-0.15063,3.3545,-0.46127,2.9296,-3.8047,-5.829,-0.83061,1.6168,3.2599,-0.90876,1.8175,-0.87352,7.4251,2.2989,1.8829,-1.1635,-1.0456,2.0127,8.1136,-2.4876,-0.63599,5.3593,-2.1556,-3.6637,0.14054,-0.24737,0.49277,1.8134
1.1111,3.3333,4.3097,-2.7085,3.6917,-0.44781,-1.3825,-4.1428,-0.27462,4.9004,6.7451,-3.519,-2.0444,-3.2114,8.3097,-0.26438,0.32587,-0.96246,0.63942,-1.4911,1.641,1.065,4.4305,5.366,3.3818,-2.2352,0.6578,2.8663,-1.7677,-1.7209,-2.0663,-1.2443,-1.9683,2.6442,2.7062,1.9207,2.7759,-2.8355,1.6555,1.0686,0.69188,1.5007,3.3113,0.27148,-2.8449,6.0867,0.64375,1.7766,-2.7014,-2.7728,0.20362,-4.7348
1.1111,4.4444,2.1095,3.1988,-4.5428,3.8815,-2.8902,-4.8042,2.2504,-0.96823,2.4949,1.7338,-0.13213,-0.75517,-2.4472,1.0229,-1.4981,2.8337,4.4118,2.066,-3.5456,-2.6,-0.6197,1.0304,-0.13179,1.4623,2.8607,4.5889,3.1141,-1.1526,-0.53011,4.0161,3.5913,4.9865,6.6169,-0.78963,-1.529,0.7895,-0.79434,-0.057445,2.7105,3.1093,5.2922,-0.51447,0.39824,-0.37905,-0.042898,7.1433,1.4337,-0.4335,-2.9503,5.4631
1.1111,5.5556,2.3182,-2.0703,2.3782,-0.39943,4.277,-1.9225,2.0413,-1.9283,5.7226,-1.2251,0.5896,4.997,0.86948,0.23493,-2.0762,-0.96427,3.038,1.0204,-0.069697,1.2609,-2.1166,2.5383,2.8803,3.6773,0.024819,-0.56478,7.8013,-0.057779,-0.11114,-2.8383,0.95918,0.48653,1.2261,0.22337,1.572,-3.8242,0.23115,-0.70456,5.4427,4.7812,2.9383,-3.1531,3.4286,7.0461,4.4606,1.6235,-1.0946,2.0274,-1.553,1.2592
1.1111,6.6667,1.4502,-1.4766,3.1348,-2.0146,1.5734,-0.088474,3.2204,1.8227,4.1832,-1.259,-7.8645,-7.1088,1.5961,3.0805,1.8516,0.43872,-2.4637,0.53112,-1.7173,1.5587,-2.2335,-2.5856,-2.8852,0.29751,0.2633,-4.8102,3.8578,-2.9556,3.36,-4.2511,-4.1006,-1.2879,-3.1426,1.394,-1.3195,-1.4107,-0.54927,2.7627,-1.7764,3.3821,3.3704,-0.19714,-3.3418,-2.0951,-2.1585,2.8746,-0.44189,1.6524,3.1549,3.8013
1.1111,7.7778,-2.0842,3.293,6.718,-4.3889,0.10374,-1.6163,-9.5188,2.4644,-3.4836,2.195,-1.2361,-1.7433,-1.0472,0.98488,5.2205,5.3268,2.8538,-0.068279,5.2173,3.3239,2.8909,3.0218,3.5319,0.35529,5.3102,-0.49734,-1.0912,1.0604,3.0688,9.2412,4.6388,-1.0551,5.1294,3.2863,-1.6497,-3.4706,-0.4626,3.8371,1.1753,-3.8303,5.2808,-1.4609,7.7993,0.65458,2.639,1.3152,2.5375,1.4282,-7.7769,3.8287
1.1111,8.8889,2.8131,2.1866,2.1817,0.7931,-2.9914,-1.1549,-2.3716,1.4518,1.8669,3.0348,2.1106,-0.73177,-1.0915,-1.7657,-1.5637,7.7891,-0.61314,-7.0888,3.7206,-0.3435,-1.4207,-0.39802,-5.553,-0.013642,4.3343,0.63229,-0.72703,1.998,-3.0944,-2.7533,0.29524,3.3033,-2.6924,2.6139,2.1745,1.7261,2.374,-0.87678,0.63442,-2.4588,-0.051186,7.1229,-3.1357,-1.6368,-1.2045,1.5397,-6.4894,0.82335,4.6798,-5.0717
1.1111,10,4.7715,-0.93921,1.892,5.7139,2.425,5.3016,-1.7733,1.5191,-2.3445,3.9076,4.3204,1.4624,0.94337,-8.4608,2.8149,2.0057,2.692,0.56128,-2.2881,-1.3666,-0.97179,-0.98659,-3.7245,2.8247,0.96144,-0.41215,0.47257,-1.3979,-0.2666,-1.0682,2.7065,0.039827,-3.6875,1.7332,1.0661,3.3562,0.39868,4.9411,5.1718,2.5552,5.1527,0.43337,-4.3411,-3.1575,-2.2452,-1.5913,4.7807,4.7246,-4.8706,0.00022817
2.2222,0,9.4965,-6.8824,-2.8672,0.44475,2.5146,-0.013925,-0.36216,-2.1879,-3.0129,0.52459,-2.1373,-1.7342,6.5595,2.1095,-4.3393,1.2479,1.0686,1.66,-2.7382,3.2209,3.904,2.8646,-3.0015,1.8486,-2.8824,1.0111,-2.1744,-2.1863,-4.6165,5.1671,0.74608,4.8428,5.1287,-3.5257,0.87713,-0.44455,2.2836,0.90066,4.2792,-1.0869,-0.2917,0.96394,-3.0191,-4.4835,-5.2857,1.1158,2.2754,-1.4849,-1.488,-0.17387
2.2222,1.1111,-1.5478,0.25945,1.6684,-0.72471,0.92919,0.41792,-2.6759,-1.9797,4.5318,1.2773,1.39,-0.52751,-3.9594,1.5928,-4.9517,3.3968,0.2611,-0.57407,-3.8918,-0.65843,-0.43683,4.0441,-1.4318,2.7265,1.0032,-1.392,0.35467,2.3427,4.71,2.8526,-0.72517,1.6961,5.3311,-1.663,1.3757,-7.5346,2.4222,0.70237,2.6909,-2.3046,4.8928,-0.60701,0.61678,-1.9223,0.30663,3.8024,-0.47836,-0.020297,1.506,-1.8749
2.2222,2.2222,3.6377,-1.8967,-2.1465,-1.3729,1.4811,-0.89622,1.6379,1.4474,4.8326,-4.6363,2.9879,3.22,0.34497,-1.3168,2.2104,-0.05781,5.1722,3.8464,-5.5196,-2.1302,1.718,3.7479,-1.7052,-1.0103,-5.3317,-2.8219,-2.6357,-3.1186,-6.4171,0.87489,-0.54638,-0.474,1.0794,-5.7631,1.7856,-0.95414,1.3216,0.09237,-0.47759,0.64593,1.0151,-4.7191,3.5843,0.85625,-0.089657,-4.2325,7.0039,-5.9794,-1.1298,4.9355
2.2222,3.3333,-3.0442,0.70523,5.7874,-4.6629,0.060349,1.1856,1.8019,3.1132,4.1051,2.2677,-2.9353,7.8164,1.538,3.2404,-0.28696,-2.1694,-0.53308,2.2078,-5.884,-0.81155,1.3089,3.1389,-5.5904,2.112,0.19159,-5.4027,-1.5598,-1.8065,-1.5401,0.55525,1.2614,2.445,0.0031464,-0.21748,0.56662,-1.2859,9.5285,3.8052,-0.92221,2.9497,-2.4373,6.2893,-0.43237,4.8039,-3.6394,-3.3483,1.7476,1.2566,1.5954,2.5782
2.2222,4.4444,2.6395,0.48187,-2.4324,-3.6311,0.72904,1.6108,0.80772,-6.444,4.8333,-0.75929,-2.8905,-1.6115,1.7759,3.0505,5.6974,6.0247,1.0602,0.82453,2.3096,4.1562,0.84815,1.1809,-0.39987,2.3603,0.92176,0.06253,-5.1882,0.36755,2.3663,-0.80457,-1.8813,1.4511,-0.080297,0.7341,-4.7106,0.86755,-0.31454,-1.9441,-0.41599,2.6997,-3.1292,-2.8578,-2.6117,-1.1708,-7.5008,-3.4114,-3.4815,-4.6187,-2.8181,2.6761
2.2222,5.5556,-0.7846,-4.2143,-4.2116,-0.56559,-0.50782,-5.2131,5.998,1.0132,-0.73219,4.9464,-1.0311,-2.1303,-5.2721,-1.2068,1.374,0.81715,2.633,-1.8188,0.11851,3.3551,1.0449,7.6367,1.8278,0.68744,0.09864,1.921,1.6692,-0.61348,-1.609,1.0723,-1.194,4.2847,-0.21333,1.8232,4.3226,-0.56476,0.27095,-3.0831,-1.665,7.2739,0.5512,-0.59239,-2.1884,3.6486,-2.655,-1.6177,0.81655,-1.8476,3.1267,1.3098
2.2222,6.6667,2.8251,-4.008,3.2547,2.029,0.80886,-6.4654,0.39456,-0.6525,-4.1309,-0.33818,2.2107,-0.35528,-4.0547,-3.8225,2.2578,-0.052396,1.2227,-1.2428,1.7551,0.20055,1.6221,4.2035,2.4182,-0.32048,3.5938,-0.014142,-2.8011,2.4301,2.445,1.33,-3.554,2.1503,2.0083,-4.1627,-0.25208,0.2708,2.8858,-2.2288,4.8096,5.1744,-2.1719,-0.49497,0.56539,0.79071,-0.45508,4.523,-2.2706,0.7695,5.2222,-8.5527
2.2222,7.7778,0.27195,-0.42419,-1.0257,4.8751,2.5603,-1.2295,-4.8442,1.269,-0.1758,2.3148,-2.9896,2.2013,-1.7128,0.76004,-4.601,0.20383,-0.4813,4.1979,0.55086,-2.9108,-3.4523,2.2802,2.1518,-1.4135,-1.0282,-0.31392,-3.0263,0.56934,2.0387,-4.0626,3.2476,4.6357,-5.4311,2.7435,-1.9631,1.1505,3.4502,2.6752,-0.70286,2.4054,1.0908,-1.8094,-6.1323,1.9837,-2.1936,2.3982,1.4798,-0.47568,5.4609,4.667
2.2222,8.8889,-2.9295,2.4478,-1.3842,-1.4609,-0.029679,-0.71279,-0.82379,-0.77618,6.943,3.3529,-1.5122,6.8352,2.9325,-0.78382,2.4415,-0.88834,-0.14041,3.2103,9.9619,0.58971,0.41829,-2.3927,4.8621,-2.0238,-2.3578,2.152,1.937,-3.1118,-2.9292,0.1236,7.0003,2.328,-0.28307,-0.87964,3.4346,0.32302,-1.0497,-0.32265,-1.5429,-6.2912,-0.067859,2.186,7.0426,-4.5635,1.4981,3.1638,-0.30928,-1.5956,3.1319,2.099
2.2222,10,-0.95538,-2.0487,0.74487,2.3844,-2.507,1.5872,-1.0574,0.75214,-1.9942,-3.9244,-1.3365,-3.953,4.9232,2.9033,-4.2613,0.27779,-2.428,-0.15323,5.5626,4.892,-3.731,-0.92873,0.44948,-6.1767,-2.6277,3.3939,-3.6167,-1.2481,1.1831,-2.7017,-3.6645,2.9634,1.4428,-1.376,2.5995,-5.3277,-2.897,0.75919,1.7079,2.9648,-2.2403,-1.6177,7.4816,2.3512,2.5031,-6.1265,-5.3019,2.8344,-0.061709,-2.8082
3.3333,0,6.7328,-6.7726,6.7485,-0.58116,-1.5751,3.4851,-5.6073,3.2858,0.66427,2.5839,2.3119,-1.795,-1.9928,-0.52382,0.31954,-8.2212,2.1125,0.72902,3.612,-3.067,-7.0402,3.5992,-1.0287,2.7829,3.4977,-3.8222,0.81148,-4.3707,-2.3753,-2.9576,-2.3336,1.0642,2.0315,5.2933,0.43041,1.3438,7.3529,-7.6293,-1.8444,-1.1125,-3.8197,1.9921,0.81155,-3.564,-2.4593,-0.60607,-1.2281,0.82523,-3.4885,-0.64422
3.3333,1.1111,1.4066,0.98961,2.1734,5.2706,-0.5522,3.5297,2.8193,0.86377,1.2216,0.44628,-3.1216,3.6613,0.52875,-2.476,-1.3582,-0.80381,4.0254,0.53963,-6.7801,-3.8617,5.8941,-0.5839,2.1612,4.26,1.1219,4.9981,-4.7577,-1.7286,-3.8867,-0.10987,8.6936,-9.9242,-5.5794,0.40186,5.419,-1.4299,-0.099153,2.2844,0.94117,-1.4516,-2.9546,2.4363,-1.8696,4.218,-0.0010311,-0.0091882,1.0629,4.0435,1.3249,-2.7529
3.3333,2.2222,-3.0542,-1.5624,-5.0784,3.1308,-4.359,-0.13245,4.7476,-2.1578,0.22798,4.1845,1.3871,-6.8323,6.7949,4.0901,5.5791,0.44401,-5.198,4.0398,4.1811,-5.2804,-1.6208,-1.5399,2.3242,-0.80051,0.22101,-5.0291,2.0926,-2.9442,-8.1671,2.3325,-1.8749,-5.8364,1.881,3.8235,-0.028058,2.9708,-2.9756,-0.93159,-3.3279,0.2726,-1.525,3.7938,5.7288,3.5844,1.6974,-1.7329,-1.8493,-2.8726,4.7498,0.11809
3.3333,3.3333,0.36475,-0.12835,7.496,-2.9738,-1.2075,-3.0541,-1.6571,2.2202,0.88823,-0.50845,-2.0443,-0.38169,-2.411,0.12291,1.451,0.17695,-3.8374,-0.4547,3.1092,2.7371,0.59706,3.5822,-1.97,-1.3135,-1.6343,-3.6131,3.1847,-1.9585,-1.6474,0.91625,-4.007,3.4341,4.7187,-1.973,-3.681,-0.27938,2.0426,0.94092,-1.338,-2.3238,7.2267,1.0737,-6.8637,-5.1041,-1.7351,1.958,1.7525,1.3165,2.4259,3.1752
3.3333,4.4444,-1.8777,-1.7646,-2.3968,0.25772,-1.8096,1.9314,-3.1038,-0.057133,4.2492,-1.9981,3.0908,-1.2282,1.8648,-7.4661,-2.1124,-2.6515,5.1754,-4.5548,7.1257,3.1515,-1.39,-5.7065,1.2987,3.4287,5.1767,-1.4697,1.2792,-3.3536,0.002335,-1.8881,-6.3014,1.5549,1.0055,-5.7674,2.055,0.33198,-3.541,2.3467,-1.0462,-1.6914,1.1853,-2.0851,-1.792,0.57992,4.0783,-1.4986,2.5024,4.5053,0.026652,11.672
3.3333,5.5556,1.8462,-0.60023,4.1097,1.6562,-0.12526,2.0511,-3.5801,-0.77226,-1.4838,-0.014928,-6.3747,3.16,-2.2729,-0.60774,0.19964,-0.71728,-3.2154,3.5094,-0.72643,-0.15239,0.49399,2.3166,-0.14832,5.6848,0.43678,-0.4728,1.4398,-0.84811,4.3572,-1.4703,-0.30015,0.28048,-3.3479,4.0829,0.044146,-0.83005,-0.74393,-0.90878,-5.0375,2.2751,2.4067,2.2858,-1.0583,3.2106,2.0621,-5.7099,1.3143,5.2179,-1.9856,-1.0623
3.3333,6.6667,1.8818,4.1619,-1.8642,-3.4394,1.6012,-0.38976,-3.7176,-2.5146,5.4251,-3.1096,2.0666,3.7429,-1.3734,-2.2138,-0.50185,-5.2991,-1.9394,3.8463,1.3862,1.3711,1.1745,-3.0135,1.0109,0.49809,-2.4923,4.556,0.3804,-4.004,-1.8719,-2.8972,-5.7761,-4.1519,3.1204,-3.1643,0.51549,-1.6401,0.84456,-5.9761,-1.7725,3.4638,-1.5813,-0.44766,3.933,-1.6155,3.8313,-0.42746,-3.5485,2.6296,1.9278,-0.14321
3.3333,7.7778,3.1303,-6.4102,2.8595,-3.1234,-0.71193,-3.07,5.7568,4.2417,-0.83086,0.5529,4.2744,-3.4164,-1.2893,0.71593,-3.4856,-5.051,0.43142,-1.0218,-1.1473,2.3816,2.032,3.9796,8.0703,3.4575,5.2039,-4.3057,2.1126,-3.3615,1.2286,-5.0847,5.7877,-3.641,1.3375,-2.351,-2.2969,0.73572,2.7202,-2.0718,-6.0415,1.8907,2.6129,2.557,2.2613,-0.24005,2.3428,2.0596,1.7738,-3.289,-0.83769,-0.50888
3.3333,8.8889,0.13012,4.0567,-2.1734,-1.7985,-0.32567,-3.3539,1.0893,4.6772,3.7111,1.0333,1.2962,-0.43502,-4.4267,2.656,2.1003,1.3479,-2.2368,-6.9649,-7.9891,0.20912,-1.8019,-0.2622,0.57388,-1.4543,-0.30223,-2.4908,1.0668,-1.1274,-1.6006,3.0898,8.8753,-3.783,-0.022622,3.1507,-3.25,-1.9488,5.3257,4.7796,0.56953,5.1594,-1.5398,-0.35133,3.4526,-1.7209,-5.7476,4.6693,-1.5201,4.609,2.8419,6.1575
3.3333,10,1.576,-0.91609,2.5062,0.93247,2.3022,-2.5023,0.40938,-0.039959,-3.2796,-3.27,-6.7457,-3.6781,-0.69241,-5.151,0.16481,3.0534,1.1452,-4.0638,-2.222,-4.304,-1.3302,2.6731,0.80345,2.3449,-0.53901,-2.0117,2.8451,-6.9335,-2.2772,-1.6502,-5.241,-0.64977,0.93996,-4.175,3.9671,2.4782,-6.0576,5.4123,-0.93392,-4.8166,2.0068,-2.2508,2.8233,-0.7963,-1.0653,-3.3732,3.8175,-0.56941,0.94222,-0.88167
4.4444,0,1.9531,-3.4521,-4.2224,-3.1309,1.9865,-2.6368,-0.085903,2.4095,4.0037,-0.51495,-1.4753,-1.9849,-2.3564,7.2755,0.47803,-1.3578,-4.3559,1.4527,-2.5271,0.063052,4.3913,3.7314,2.802,0.61182,-4.09,-1.6574,0.51829,0.94718,5.6091,-0.6705,1.5935,-3.285,-1.5046,-4.9416,4.479,1.933,-1.0596,1.0738,7.1298,0.75947,5.3471,3.3889,-4.9632,5.9852,4.7071,-2.0683,0.84021,2.8979,-0.45463,-3.4352
4.4444,1.1111,-1.0897,0.40246,1.2129,2.7449,0.77386,-0.42742,2.7639,-6.2053,3.5953,-1.65,5.7814,2.661,-3.1925,1.1303,-1.0992,2.2194,-2.6781,1.0585,-5.6465,2.7331,3.3783,4.9959,0.50402,-3.5055,-1.283,4.1135,0.90895,1.3596,0.32972,-0.55218,3.6078,-6.0448,0.426,4.5192,-0.63995,3.1079,0.5096,3.2838,-1.4968,3.7113,-2.4793,5.4027,0.77738,-3.0959,3.8076,4.9929,1.7548,-2.3171,-1.3292,-1.6302
4.4444,2.2222,0.58941,-3.2741,2.0872,3.5524,3.114,-1.5657,4.8353,1.0072,2.1732,-1.0077,2.8041,-3.8121,-8.0043,-2.2747,-3.7524,0.96905,3.4954,-1.2836,1.905,2.109,-5.1175,3.4692,-0.19041,1.3953,2.8247,-1.8543,0.21665,2.8438,-4.2959,-3.8694,3.8028,2.5587,-2.4494,1.8949,0.95387,1.0251,0.79417,-3.6905,1.4025,-1.0421,1.8002,1.0608,0.16732,-2.1039,-0.75666,4.8897,5.1659,2.7074,2.1535,-3.4457
4.4444,3.3333,-1.0849,5.6363,1.1996,-3.1592,-0.71271,-0.84997,0.52686,-1.0743,-2.1567,2.7778,4.4552,-0.13968,5.8845,-0.30142,-1.0148,2.8662,-1.4107,2.2286,-5.3145,4.2046,-2.7936,-2.4456,1.1843,4.3121,-0.79053,-5.0715,2.0219,1.257,-1.6768,9.2108,-0.51609,1.1772,0.95497,4.0568,-1.403,6.0041,1.3751,0.6868,-0.58499,-1.3176,0.96618,-3.4864,0.1434,4.4758,0.83321,1.4825,7.4862,-2.6665,-2.8461,0.99012
4.4444,4.4444,-2.0547,5.8823,-1.8497,5.5165,-0.58613,0.21097,-3.0239,-0.085144,2.8007,2.6964,2.583,0.14108,-2.2248,1.2997,-5.4231,3.9109,4.9817,1.0586,6.1402,2.4528,-2.1715,-1.1569,0.2851,2.0927,-5.7063,2.4016,-0.37456,1.2278,-2.0995,4.3081,-5.0568,1.8112,4.5199,0.26527,0.30949,4.1584,1.5603,-0.29138,2.1894,-4.986,1.0131,0.73572,1.7158,2.6646,0.77206,-4.2163,-4.044,1.7448,-4.4531,5.7182
4.4444,5.5556,2.7288,1.95,-2.1707,7.7508,-0.90638,-6.2647,0.65866,-3.842,3.311,1.9454,2.2074,2.8582,-2.1487,1.0937,-1.2103,-0.26365,-1.4732,3.4995,-2.2865,-4.7604,-2.0832,3.5762,5.9409,-0.60935,-0.27015,-0.81657,-0.30435,1.9618,-3.1243,0.088938,1.2214,0.29602,-9.0395,-4.4227,2.4768,-0.16196,1.5688,6.2582,5.7372,0.47649,-2.9473,0.47992,1.4189,-5.178,-2.2789,0.090219,-3.5022,-4.2996,5.4135,-5.2817
4.4444,6.6667,-1.9492,-3.134,-0.10946,-2.0965,1.0813,4.055,2.5055,-0.9257,-1.5022,-1.6203,-1.5958,1.3837,0.98021,-2.8174,3.1532,-0.90623,0.36779,-2.0407,0.76283,0.5201,-0.42177,1.2583,1.0119,-0.3462,1.2487,3.9057,0.77566,-2.8014,-2.196,-5.6634,4.368,1.0727,1.5481,-4.9759,2.3478,3.585,4.8015,2.4963,4.3092,1.0158,3.5881,1.8129,5.1859,0.47989,4.1239,0.84976,-0.59507,2.277,0.2002,2.6119
4.4444,7.7778,-2.1907,-0.20649,4.7066,2.8502,-2.7196,-4.1934,-1.7406,-1.3032,0.79702,6.9142,-2.6106,-0.62238,2.3122,1.8428,-5.4172,6.0578,2.6952,2.9053,0.80874,-2.4872,2.313,3.613,-1.3884,-0.023004,-0.073473,-1.9981,3.283,1.5905,-4.154,4.1158,0.8744,-0.43592,0.12407,3.7886,-0.95936,-1.8107,6.2383,-3.0659,-0.85961,1.927,3.0864,2.0489,4.0737,-2.7696,0.28623,-3.8484,1.4316,-1.253,2.2072,2.7452
4.4444,8.8889,4.2041,-1.7851,-2.2538,6.4495,-2.9621,5.4618,4.1484,-5.4462,3.5212,-1.0551,1.6068,-3.2676,3.4964,-1.4008,-3.0628,1.2488,-8.6782,-1.5728,0.53306,-0.70138,3.0938,0.49995,3.7488,2.3864,-2.0613,-3.9674,1.1579,-3.4832,1.3471,-1.0569,1.6221,-0.0058407,4.3997,-0.71472,-3.4381,-5.2294,-1.4113,-4.3443,3.1645,-2.7459,-1.4996,-2.2692,-0.2163,3.9135,4.3764,-1.0012,3.1379,4.5907,-0.16514,-1.3483
4.4444,10,1.6453,-1.2653,3.4749,2.8373,-0.14766,5.849,3.8137,-3.4502,-3.9141,0.1891,4.1914,2.501,0.33252,-0.18605,-0.34954,-4.9618,7.3263,-0.70863,-3.8005,-3.0428,-0.24562,2.3677,-2.7152,3.3203,-5.0921,4.473,-1.5378,0.74451,-8.5878,2.0137,5.319,3.8725,2.9448,-2.7804,-0.45012,-0.41,0.98883,-1.8237,-0.24494,0.34981,4.8018,4.2988,3.0497,-2.4301,2.2926,-0.43634,2.2793,-0.341,-0.084577,-0.28151
5.5556,0,2.4162,-1.0732,1.0776,3.8438,0.93236,4.6788,0.51534,-2.5425,-0.11228,-4.1418,4.7251,2.4658,7.1309,-0.67915,6.9628,0.42097,4.3774,-2.755,1.7606,-1.3215,-0.67159,5.2779,-0.70163,1.2181,-4.3573,1.4757,-2.7449,-2.2773,1.6435,5.6228,-2.997,2.7691,-1.9867,-2.0198,3.9391,-0.15714,-1.3394,-0.19621,-2.357,4.8479,-0.21528,0.66937,3.8797,1.0726,-2.559,4.3323,-2.5011,1.0242,5.9056,4.9464
5.5556,1.1111,3.0334,-1.8089,-0.6745,4.453,-1.1317,-5.3686,4.5845,6.7505,0.17175,4.4958,-2.0667,-4.3966,-1.227,4.2337,-0.64958,-2.011,4.9821,5.5466,4.0308,1.8513,1.3662,4.6744,1.1448,-7.9989,0.34684,4.0535,-5.2702,5.582,-2.2783,-1.968,4.1843,1.4521,2.4488,1.5157,3.3708,-3.3746,4.161,2.6567,7.1344,-0.31328,3.3821,2.9305,1.8313,3.2145,4.7294,-0.82354,2.5411,5.6655,1.8091,5.9851
5.5556,2.2222,5.7503,2.2623,3.2362,2.9446,1.1398,5.0438,-5.1175,1.0927,6.1729,2.1444,4.8436,3.8072,-1.1886,3.5216,-6.8373,-2.1612,-0.35129,2.4822,4.1856,-4.489,3.585,1.5633,-1.3315,-2.5873,-0.23055,5.6914,-2.9463,5.2247,-2.1079,3.6599,1.1725,-0.39208,3.5017,1.9291,0.77399,3.9777,10.702,2.5365,4.3018,0.06533,1.1806,0.013841,2.5132,1.7235,4.2801,-1.596,-0.1808,4.5083,-2.1295,1.809
5.5556,3.3333,6.1505,1.8001,-1.971,5.9784,1.8549,-1.0072,-1.9415,2.2668,-0.31362,-1.3291,-3.0413,3.0188,2.9002,9.1192,-2.828,-0.30334,6.779,0.98822,-2.7748,1.8806,0.57953,8.3159,4.3011,-5.9217,-1.3751,1.6505,-0.61351,2.3484,2.3873,7.2359,3.18,-2.8715,0.71006,0.52528,0.013018,-2.842,6.1886,5.8519,-1.8588,-0.76623,3.8608,1.6596,-3.019,1.6839,-1.5833,1.7781,0.18601,1.3165,-0.019453,5.6229
5.5556,4.4444,3.7323,0.3648,0.54996,1.8294,3.3483,0.35304,-0.70429,-2.611,3.6593,2.2191,0.72079,4.4115,0.90881,1.7877,-0.6675,-0.1962,4.3087,0.32587,4.2297,7.5399,-4.7624,5.7434,-0.99044,0.34484,3.6825,-3.0213,1.4717,4.0437,5.5254,0.47641,-0.45521,3.9689,-2.8943,0.6783,-0.61764,-0.6312,3.5009,4.7066,0.33364,0.021947,-4.3048,2.0994,1.9963,2.1856,0.66091,2.7804,4.182,1.9141,7.3104,1.4759
5.5556,5.5556,5.6858,0.0066729,-4.7717,5.2283,-0.63937,2.4746,3.4674,4.5172,3.0315,2.7461,-3.2708,2.3589,3.7339,-3.3896,-0.98893,3.2691,0.75054,-0.78583,7.4336,-3.2779,1.4064,0.84518,4.8213,3.141,5.2905,4.7554,0.62474,1.5304,-1.628,1.8381,-2.261,-0.048443,5.3029,2.7918,6.5051,0.20653,0.28031,0.35018,4.7737,2.6369,1.8148,-3.5824,5.7614,3.1288,3.1243,-1.7709,3.5791,-2.7124,4.7238,1.7107
5.5556,6.6667,-0.49713,0.20074,3.7362,2.4519,2.1254,1.1447,2.7074,2.6136,5.3467,-4.7296,-5.2754,10.382,0.05512,3.9182,-0.17647,7.9646,2.934,-0.65239,-1.3699,0.64047,1.6332,-1.6384,7.2275,2.7749,-3.644,-4.7361,-2.5254,1.6864,-2.2998,3.7437,-1.9455,-0.45647,5.0087,3.2357,4.2394,-0.18324,3.1978,3.7629,2.2321,-1.9317,2.0983,2.2888,3.2664,2.245,0.96312,1.6081,1.9903,0.7283,0.13602,-0.274
5.5556,7.7778,5.0818,4.5586,1.9355,0.73303,5.4065,0.98043,4.2576,6.03,1.564,1.6768,-0.42404,0.041633,0.99989,1.9006,5.5246,-1.2022,-3.1217,-2.2873,-3.5134,1.6624,1.5241,-1.9282,5.9763,2.0143,1.1843,0.083317,6.0415,-1.4386,6.9186,-0.82996,-0.12377,-4.2986,-1.0943,3.5597,3.8412,-3.0903,-0.45017,2.7947,0.84734,-0.17933,-2.6807,-0.68799,-1.0452,-4.1073,-1.255,4.2939,4.0059,5.7,3.7558,0.95198
5.5556,8.8889,-4.9667,2.8282,-3.4157,-2.0373,-4.6876,6.9443,0.48297,-0.41903,3.1537,1.1445,-6.0103,3.3427,5.9045,-0.97596,3.6276,3.0132,0.080925,3.8398,3.1795,0.045332,4.8931,2.6715,-2.1093,1.3016,0.55221,1.1638,5.0953,5.6204,1.3742,0.74677,1.9945,-1.2896,6.2391,2.6275,2.465,0.21058,3.6399,4.5659,5.2664,1.7083,-4.7007,2.314,-1.1073,9.3963,0.067391,-4.5082,3.4532,-1.2579,-2.1322,2.0306
5.5556,10,-0.41924,1.7174,6.0361,2.506,4.2927,5.4937,1.8696,-2.9149,1.4324,3.2104,2.1996,-2.2913,5.1136,3.2435,1.7137,1.1983,2.8429,1.3567,2.1792,-3.1117,1.9775,3.6151,6.6387,2.8235,1.0533,4.3128,-2.5743,-1.5475,2.4501,0.33128,-0.38439,-1.0286,-0.14529,0.95372,-3.9526,1.69,4.4692,2.2336,1.6581,1.6776,0.65197,-1.473,3.1478,-0.38551,3.2523,1.7128,5.0979,2.5328,-0.81966,-2.2044
6.6667,0,5.3861,4.0089,-0.18636,5.6856,2.8569,4.3868,2.1668,6.1141,-1.5587,4.4087,4.1639,6.2274,3.6268,3.6458,1.6537,-1.9148,4.6746,1.7462,-2.9987,0.78176,1.0788,-1.7068,-1.1537,3.7983,1.0467,4.7888,4.759,2.8519,-1.0458,3.0921,6.3622,1.7142,5.4528,2.5008,1.7166,2.4254,-2.2622,1.5844,1.6148,7.4951,0.42845,5.8136,0.76276,-0.037295,12.216,2.3096,-0.63204,0.4527,-2.7227,-1.5792
6.6667,1.1111,0.85886,5.413,3.7778,-0.42245,4.0107,8.4298,9.8267,2.7944,6.3621,4.8222,6.6142,2.2223,4.1221,-2.7647,5.1215,1.8575,1.7248,5.4586,3.9485,0.90986,-3.7462,-0.46337,0.28776,1.0103,4.6607,2.0877,1.8056,8.2762,0.94104,1.0025,0.11312,1.936,-0.70713,6.6708,2.23,8.8122,3.6546,4.7126,-0.77261,7.2875,4.5358,1.2529,2.3551,1.0767,0.3609,2.4206,-5.6436,2.7646,0.12492,0.73101
6.6667,2.2222,2.5003,0.83353,1.0809,4.7074,5.9527,3.0496,2.3166,1.8149,-2.0337,7.7353,4.4138,-0.8455,4.0411,0.057183,2.8647,2.5628,1.9162,3.5718,-0.51769,3.8005,4.3206,-2.0815,-0.83328,0.43706,4.017,3.7981,0.34699,3.6219,-0.10057,2.9302,3.7292,0.69364,6.4513,5.7882,-0.18712,3.347,1.601,4.9273,-2.2577,2.2313,0.92067,0.12191,5.3361,3.2332,7.9449,3.7768,-0.78034,3.0392,4.7317,-1.8827
6.6667,3.3333,0.60447,-0.25924,0.90428,1.9045,3.443,0.80337,8.0272,4.8924,4.4667,5.5593,2.8879,7.3824,3.5752,6.608,2.4872,8.9862,3.116,1.4469,0.015355,0.81054,0.47502,4.9473,-1.8315,-2.6815,-0.41995,3.2862,2.6081,-0.45908,5.0165,-2.3575,4.2926,0.37463,2.114,2.679,0.73447,0.77776,3.6838,2.5694,1.5485,3.5828,4.0576,10.56,-0.088277,4.841,2.801,-0.96297,5.4447,0.80118,-4.2217,4.383
6.6667,4.4444,0.014617,3.3043,-0.17076,0.094919,2.3427,3.4173,-1.5313,6.6895,-2.3036,2.1306,3.0827,5.635,-1.1588,1.9576,2.4809,2.2459,2.5761,0.28799,0.18248,-0.4354,4.3887,-0.14552,-5.5568,2.6403,3.5135,2.475,6.7532,-0.035046,-1.5379,4.3934,2.7859,0.069763,1.0722,5.1321,-2.1038,8.0298,0.83687,1.7801,7.2046,4.4039,1.1617,1.7428,5.5809,1.7068,0.92988,2.25,-0.83735,7.233,7.4655,0.31189
6.6667,5.5556,5.2846,3.5214,-2.3941,2.7043,4.0068,5.2792,5.3256,8.5003,1.5056,6.3402,7.0826,1.8022,0.25116,2.3892,1.9597,-2.9295,0.98711,-1.1557,5.5439,1.5594,3.4133,-0.82524,3.4398,1.5095,0.37839,3.174,4.9678,-0.70024,3.3284,6.5876,0.80347,2.6188,3.6237,-4.1543,3.2526,4.8643,1.6398,3.3613,-0.85877,2.4709,3.8236,4.6108,-1.9328,3.9229,3.262,1.17,3.6977,-2.4249,5.7301,-1.86
6.6667,6.6667,5.9517,5.6666,-2.0237,-1.9697,1.3173,-0.24271,0.39336,1.5281,8.4043,0.13505,2.6895,4.6927,2.6558,6.7254,4.605,3.7692,1.235,5.1369,4.9086,1.7447,6.5139,-3.7024,4.9774,4.8896,1.9417,2.8341,0.10541,5.1349,2.6106,-2.9533,3.4283,4.0662,0.28931,1.205,2.1524,0.23883,1.2196,-0.34182,3.2229,-0.54511,2.6876,2.8585,7.1298,3.1092,2.6954,0.0037249,6.6735,4.5063,4.6159,1.3451
6.6667,7.7778,5.5566,-1.1975,4.9196,6.3339,6.4013,1.2149,7.6404,1.4978,0.78821,-2.6365,2.6403,-1.3032,3.3049,2.4671,0.66509,3.3181,-2.0687,10.06,-0.1247,4.0212,6.0828,2.5534,7.6323,4.2161,5.4584,6.8356,0.077353,4.3986,4.5693,2.0681,6.0448,3.957,7.9217,1.9981,2.5331,6.3973,4.6964,1.9255,0.61173,4.3953,2.6303,0.23646,5.186,0.80047,1.714,4.9728,2.2393,5.7299,2.4824,3.9612
6.6667,8.8889,4.9227,2.7425,1.9083,2.088,-1.1759,1.8976,0.919,9.6157,5.6446,5.4827,6.965,2.1597,4.745,-0.11146,0.56331,2.4753,4.1329,5.9711,1.3314,2.6642,5.6929,2.4299,-0.62935,4.0445,-0.47762,0.10955,0.42792,6.7738,3.8731,4.8073,1.5694,3.649,2.8499,0.35444,3.0708,-1.0332,2.6948,1.9381,-1.7857,1.4888,7.2644,2.854,3.2122,-2.4081,-1.2083,3.6675,5.8553,0.85658,1.4206,0.38866
6.6667,10,7.1699,6.2417,4.1702,-5.4669,1.2513,3.5028,5.9646,5.9307,5.4941,2.0049,5.9218,-0.079429,-0.63958,10.123,7.9047,-3.8659,0.17841,0.13515,-1.2913,2.2089,6.4388,0.55576,0.48238,-0.45457,3.1385,2.1151,3.4687,-0.30123,4.3762,3.1809,-2.6243,3.7018,8.7326,2.6595,-0.99367,8.3374,5.027,5.4543,3.6917,0.57039,1.9149,1.9721,4.6187,1.9148,5.2495,-2.9204,1.389,5.3195,5.3316,-0.11768
7.7778,0,5.9384,5.0363,0.94895,2.8518,3.4413,0.95176,5.8782,2.4557,0.092304,4.6013,3.4112,2.9381,4.5331,-1.6922,-0.094678,3.0752,4.0293,0.71776,-0.27064,6.9755,5.5427,7.5321,0.53195,2.8641,6.0958,2.356,7.2706,3.4317,4.4681,2.3957,5.3624,5.7241,1.7352,4.8748,7.5552,5.2592,5.9537,1.0865,6.3761,5.4167,5.7374,4.1929,3.714,3.8207,4.8363,-0.30378,1.7978,2.2137,4.0194,3.6529
7.7778,1.1111,0.69345,6.8326,3.3523,3.3026,3.0734,7.5554,9.2011,-0.11837,6.8888,0.13389,1.6992,6.7941,6.3872,1.8491,7.9564,3.5467,1.4883,4.7744,3.0967,1.0597,7.8522,4.909,6.0589,4.5715,0.91246,5.7234,9.0909,1.7211,4.2508,5.0872,7.9277,4.4335,2.4313,6.8537,6.3313,4.0846,6.991,6.4708,1.5693,4.8339,8.51,6.3029,5.2758,5.1532,3.6025,4.4353,2.637,6.174,8.8705,6.0654
7.7778,2.2222,3.0165,10.732,7.4929,5.6835,1.1207,3.6229,10.822,2.5681,-1.3177,7.0161,4.3455,4.571,4.9831,3.7316,5.8951,1.1364,2.5103,7.0198,6.337,2.2386,-1.3393,3.6179,2.6328,6.6384,9.5903,5.7069,9.6069,5.5562,5.1022,6.918,5.4842,4.1852,7.1314,5.7996,5.8902,6.4915,3.928,6.5881,8.4461,4.0473,2.189,3.0413,3.6706,5.8621,-1.4527,4.2593,0.46595,2.6681,3.2548,7.9086
7.7778,3.3333,2.7612,5.8776,1.4555,5.0755,3.113,2.9058,5.3141,8.9067,4.6736,0.8834,5.6586,10.258,5.1175,4.4488,6.1432,3.3171,2.2944,-6.5521,4.4347,6.7903,0.67576,5.5996,7.8744,1.5958,5.6962,4.9617,3.0587,2.1273,3.4488,8.5086,6.5943,6.6487,5.0128,2.0086,2.712,-1.3187,5.0959,2.8142,8.0484,0.15476,6.9651,4.0075,2.9002,10.725,2.1375,13.381,4.0321,3.9289,5.5234,0.83812
7.7778,4.4444,0.99233,9.1737,7.326,5.9624,4.8206,0.39685,-1.4669,-0.16481,5.2565,4.7574,7.6664,8.6544,3.856,4.8326,6.9354,3.648,4.6258,1.2296,10.076,9.1871,5.8285,3.7809,8.1279,5.4569,2.3637,6.1668,4.5442,1.098,3.2043,1.8078,1.5912,3.0894,5.1233,4.5167,3.3032,2.3573,5.6922,5.5794,7.0198,7.1687,5.9449,5.5482,7.702,3.8463,2.6272,8.1898,5.4171,-0.93945,5.6555,2.2396
7.7778,5.5556,5.6058,2.7652,7.9125,4.652,4.2664,2.3217,0.86487,6.0788,3.5668,5.2761,6.3282,7.4334,4.1054,5.9898,8.7186,9.4299,1.2639,1.4446,3.9987,5.8049,4.7657,4.014,6.4551,6.3131,6.5413,3.6299,7.9468,1.9084,3.9135,1.9604,11.393,4.558,6.9719,3.7446,-3.43,7.4841,3.2276,3.5705,5.4216,7.435,2.5384,6.5196,10.546,2.2787,3.9357,3.5432,6.4225,3.9475,5.0114,6.4319
7.7778,6.6667,8.6143,4.4253,6.5414,0.51315,4.876,1.2804,9.1714,1.8788,-1.865,1.9317,1.9694,6.9701,6.8506,5.3756,6.9377,-1.6057,0.094038,7.8196,5.3305,8.7082,5.6363,9.5172,13.019,2.7493,-2.5495,3.5771,8.5769,1.8566,-0.91243,8.2444,4.4886,4.0969,10.372,8.8022,6.7528,4.9447,7.425,4.3436,8.9402,5.5298,0.61186,4.5475,3.3087,8.6682,-1.0091,3.1912,1.9888,4.3495,7.9998,3.1146
7.7778,7.7778,4.6567,4.4984,8.1452,-0.1632,5.9661,3.5781,6.3656,4.6232,6.6502,2.748,2.315,6.0496,9.3375,6.8709,1.6801,4.5768,10.662,2.1259,9.2842,8.8333,-0.83771,5.1071,4.9226,3.1351,5.6506,5.1476,5.1099,4.2506,4.713,-1.5169,6.0979,0.20801,3.2761,0.50807,2.3074,5.7351,7.552,-3,3.2847,0.27817,1.177,8.7679,3.1146,7.7614,-0.22169,-0.45535,2.285,5.0274,8.1598,4.7234
7.7778,8.8889,7.5918,8.6725,5.6322,4.9877,8.1307,9.885,3.1957,3.5886,2.9852,5.2188,6.4338,4.1728,6.3838,5.8118,-0.095788,7.1916,2.1636,2.2804,4.7108,8.6953,10.774,3.7667,7.7339,2.1318,3.0346,10.961,2.5087,4.5639,5.0725,11.977,6.765,7.7504,4.5895,4.1968,6.8709,7.5569,1.596,1.8649,3.6613,1.6393,1.0848,3.8337,0.96016,3.8708,5.0722,5.2617,3.2234,-1.672,2.4166,0.17069
7.7778,10,1.8552,3.4185,0.9412,2.4403,4.3333,-0.29578,-1.1228,3.978,6.7119,4.9614,1.5873,7.8225,4.7856,5.2294,0.44962,-1.4461,1.2774,-0.13134,8.5746,2.1492,5.8533,3.6958,6.9717,3.8707,6.1283,7.977,8.0112,3.2492,6.3302,-2.0727,5.6299,6.101,-1.0773,8.362,3.2714,0.45213,9.1364,3.1395,0.64692,0.33653,-1.5018,4.1069,3.243,7.0694,2.4545,3.6596,2.9744,1.5018,0.066579,8.7582
8.8889,0,7.2281,6.2089,4.8965,2.3786,10.21,4.477,10.674,8.6709,8.97,6.4555,9.368,6.0977,6.3665,10.541,7.9618,5.6814,8.1243,6.243,6.6425,5.3903,3.1143,6.8755,3.6716,1.8862,6.1515,9.0494,7.6558,7.6441,7.5712,10.738,7.1855,2.2287,8.8498,6.6417,5.8869,4.9968,8.0045,7.8157,7.9496,9.1166,8.8447,8.1386,7.8406,8.093,7.4296,6.4738,9.99,6.787,10.498,5.2569
8.8889,1.1111,11.576,10.371,14.428,9.719,5.9801,9.893,9.1316,3.4235,7.6795,5.7528,11.677,5.5006,9.0954,4.3522,3.2867,2.9622,3.8496,6.579,13.31,8.2321,2.0537,5.8862,8.0061,4.5074,7.467,9.4004,8.5217,4.6653,4.3074,2.5002,5.3681,9.177,11.639,4.9684,9.4926,12.015,13.007,4.5827,8.925,6.9377,2.6184,6.391,9.641,6.9056,5.7603,2.839,8.3582,8.6178,7.9355,9.4537
8.8889,2.2222,12.182,5.9616,8.9542,10.499,7.503,8.8891,4.6668,8.1364,9.1526,2.0979,9.7999,9.9676,9.3194,11.837,5.9493,6.5621,3.5895,2.9253,9.4673,10.897,8.1059,5.0901,4.1654,2.7274,9.5816,8.2565,5.7246,7.8772,9.3515,5.7327,9.4212,7.2922,4.9146,2.9779,6.6807,6.6793,7.9795,10.496,9.8489,9.573,9.4823,5.8868,3.9996,-0.62151,1.6867,8.2186,7.4515,4.1934,2.9786,2.4063
8.8889,3.3333,9.8933,8.6126,7.9886,9.1001,3.3176,7.8988,9.4212,-0.13966,6.654,3.4297,7.1056,0.90806,8.086,12.054,6.1194,6.2973,9.5924,5,5.0464,7.2817,7.6501,9.8367,7.1907,5.5886,2.3868,6.1743,10.576,9.0073,11.711,5.5545,2.4153,12.484,9.5572,5.8855,6.3149,7.0485,11.365,4.6818,12.708,6.2008,11.718,9.2653,6.3688,3.0437,11.992,10.852,9.6231,3.5742,6.9312,5.1464
8.8889,4.4444,6.8568,8.5939,7.2494,4.743,4.7095,1.0275,9.8875,5.3152,1.8619,10.726,6.2504,6.7413,4.3654,1.9083,12.529,10.883,9.1442,9.9218,4.1731,2.0802,5.4647,14.131,2.1732,5.4741,4.0674,5.2308,6.1145,6.1121,6.4119,9.0553,8.7614,7.6427,6.5923,8.4743,6.5357,1.8927,5.3948,7.7915,6.5858,4.0847,8.8979,1.6973,8.7904,11.728,0.93671,9.8345,5.235,7.0081,2.4393,7.7597
8.8889,5.5556,3.7649,8.556,1.6579,6.6132,4.0897,7.773,11.169,7.6358,8.4624,7.7675,4.1238,9.511,4.5987,12.15,6.4145,9.717,5.1892,7.0636,6.6581,9.9634,10.379,7.5816,6.5523,3.5732,4.7957,8.1058,9.8447,9.1354,9.3869,6.2317,10.796,3.3801,5.6392,4.748,6.5725,4.3818,3.061,7.1506,5.4111,5.9047,8.4161,9.3414,10.249,9.6621,10.267,9.96,9.4826,6.4499,10.193,8.2517
8.8889,6.6667,8.7467,4.7881,8.7519,4.5001,10.876,3.8272,10.354,4.7157,6.8684,8.961,2.0589,5.8078,8.8578,8.9947,9.5335,10.181,5.682,9.5652,8.7876,2.2141,10.547,7.5823,6.1076,10.118,9.2285,6.4924,3.9256,7.31,9.8807,6.1667,9.4981,5.5418,11.365,7.3455,6.9748,6.4462,9.5697,7.8317,2.1968,7.3874,7.8403,5.4563,13.397,4.8612,3.5973,4.2344,8.2801,1.6722,10.696,11.409
8.8889,7.7778,2.7938,13.613,5.1924,5.2587,5.2084,9.1636,5.8018,10.87,6.5378,2.9765,2.8452,9.7986,7.742,2.9759,8.2314,5.9192,9.4383,7.7894,6.2707,5.8223,7.4606,13.826,8.3426,6.0764,4.0668,13.457,6.1671,6.9383,7.1855,11.646,5.8934,4.7211,10.86,4.3188,4.2934,11.179,5.2635,2.5045,2.9377,4.6948,10.715,1.6094,9.7259,9.196,5.3218,11.199,4.7668,6.3225,9.1832,8.0358
8.8889,8.8889,10.781,6.8577,4.8396,6.9324,2.3497,5.2333,6.9002,7.9655,5.765,2.4349,6.4259,4.4501,6.3228,7.3004,10.295,4.9396,9.5434,7.1822,7.6277,6.3934,8.451,5.6738,7.2224,5.1836,1.1505,8.5696,4.9675,2.4074,7.0124,8.1796,5.5198,4.934,9.5062,5.2543,7.2221,2.3566,5.3715,13.706,5.3315,7.641,13.589,7.8463,2.0359,2.319,6.6067,4.9598,8.0304,1.0666,4.5399,4.3902
8.8889,10,9.5128,5.5794,6.1599,9.11,6.8874,7.552,5.1161,3.5656,5.6674,1.7931,10.096,10.98,4.863,5.4506,7.3256,6.9014,7.2669,4.515,7.1185,9.071,4.1133,10.25,8.4546,7.7734,10.868,6.2088,5.5962,7.7973,6.7314,4.2689,4.7688,5.0836,13.656,8.639,4.5869,3.7085,8.7358,3.7862,2.3431,5.9508,4.3844,6.8542,3.0052,0.2701,8.0719,4.8147,6.658,8.6292,13.523,6.6794
10,0,10.371,9.2314,7.6521,9.4047,10.867,13.422,8.8368,6.4588,7.9194,5.6904,1.1726,9.1815,5.2523,8.0244,4.7633,2.8227,12.474,12.782,12.855,9.4747,10.504,15.147,12.665,7.2051,10.14,8.0386,8.2521,14.699,9.9371,5.968,11.868,11.201,12.16,8.7221,16.213,3.6384,8.9117,9.8591,13.701,8.1532,9.271,9.6473,8.149,9.0893,7.0476,11.378,13.481,11.291,13.608,9.0586
10,1.1111,8.4436,10.785,11.498,11.357,3.3422,10.368,8.7319,12.907,10.667,8.5774,6.3755,10.571,10.697,4.62,8.3369,6.6284,13.004,13.593,12.922,12.742,12.508,9.5688,6.4253,13.162,15.113,8.9996,6.4729,9.2879,13.413,12.576,15.075,9.4445,6.8081,14.009,4.9215,9.2989,9.5084,10.583,11.373,7.5437,8.4034,7.1989,7.9238,15.621,11.824,9.5385,8.8645,13.678,8.6999,6.8552
10,2.2222,9.2114,11.942,8.1491,5.8725,11.901,14.706,7.3398,13.849,7.5208,6.2491,17.059,11.834,13.677,10.631,6.3555,3.8557,14.496,5.451,5.8539,12.196,7.6997,9.3039,4.2444,15.608,6.982,6.4474,11.518,9.8222,10.534,8.4302,6.5304,14.9,11.878,8.6063,10.648,5.607,16.933,8.5078,15.58,11.474,13.009,11.476,11.751,7.8337,3.2973,8.545,11.847,9.5992,11.107,10.339
10,3.3333,14.812,10.772,9.0248,5.6357,3.946,6.6453,8.164,11.147,6.1576,10.808,10.828,9.9855,12.594,7.0127,13.087,6.9219,11.22,6.2104,6.8242,12.754,7.958,6.6686,7.4735,12.486,8.9319,5.4073,10.12,13.066,8.3129,8.9314,16.835,7.6832,8.2451,10.066,10.235,10.393,14.129,10.491,14.211,4.7449,8.5505,11.509,7.7429,11.285,12.406,7.8915,7.8952,9.0619,8.9909,13.01
10,4.4444,11.677,6.1163,15.044,8.5979,7.4879,12.044,13.104,10.787,7.8002,10.774,12.725,18.163,14.167,10.762,10.566,9.0275,11.18,9.5303,11.179,8.7475,3.9229,8.4752,19.498,9.2196,6.2295,10.152,12.282,10.72,5.8425,10.696,9.1331,6.8956,6.7663,7.7762,14.699,12.006,11.874,8.6385,10.584,9.8557,6.5021,7.1669,11.506,10.122,10.592,7.7741,13.173,8.3841,9.6397,7.369
10,5.5556,11.02,12.772,14.959,14.258,10.887,15.319,7.1682,10.111,11.162,10.411,4.549,11.917,13.241,14.604,7.9753,9.1294,10.105,10.384,8.4724,10.21,11.632,7.6065,13.101,8.2965,11.839,8.8073,10.154,11.695,6.9885,4.4233,10.311,10.816,10.724,13.737,11.073,13.01,5.5771,8.8078,12.075,2.6985,13.114,7.4588,10.828,16.591,11.43,11.107,15.595,8.6839,13.667,12.701
10,6.6667,6.4483,7.359,5.462,16.935,12.841,8.8255,8.8037,14.384,14.332,6.4624,5.3976,3.5977,9.5954,14.712,10.286,13.269,12.569,8.3422,4.2201,7.234,13.503,13.086,9.0899,11.564,10.653,6.0909,11.668,12.561,12.899,8.2944,9.8128,17.866,13.371,8.161,10.159,10.187,9.7098,13.063,7.4214,11.288,14.339,9.9089,9.1571,9.5421,9.507,15.516,8.7244,9.8027,6.4521,10.123
10,7.7778,11.081,8.9762,10.408,11.786,6.4075,11.967,12.974,3.4063,9.7305,9.5688,12.933,8.0667,9.7387,10.344,9.7996,11.58,6.2827,7.9161,10.147,8.6792,8.5564,13.313,10.123,11.553,7.3473,7.1632,13.435,7.938,8.9592,6.3815,12.964,7.3766,13.504,11.521,11.079,4.4777,14.581,12.676,10.574,10.395,8.1978,12.393,9.916,12.432,12.601,9.7119,13.902,7.7827,7.0547,12.238
10,8.8889,14.452,6.9657,6.7789,9.5791,4.9962,14.692,11.352,9.3401,2.1937,8.9335,10.765,16.18,10.599,10.977,11.981,2.8973,11.55,11.371,13.818,7.5069,7.2016,12.663,9.376,6.3429,9.1057,15.838,15.16,16.898,16.377,7.8115,9.4175,10.819,7.9898,3.0617,6.9568,9.6957,7.4364,8.7998,6.9579,13.129,13.767,10.43,12.309,13.537,14.442,16.253,7.0173,5.4825,10.867,8.0064
10,10,13.14,7.9722,8.7518,9.981,8.1563,7.2738,14.563,5.9982,10.967,5.9389,8.7268,12.313,10.615,10.962,3.2135,10.1,3.1111,11.207,11.514,11.249,9.8912,11.044,0.75813,6.4816,12.131,8.1668,8.0434,11.634,10.868,11.786,8.5371,14.032,5.38,13.457,12.074,16.27,6.1129,7.1203,13.919,12.738,8.4484,11.962,14.737,6.7697,6.5622,4.4567,12.557,9.8803,6.0551,11.726
