0,0,7.5764,10.459,8.5927,15.83,8.0571,14.735,16.734,10.744,9.7011,11.473,8.2098,7.9988,11.044,7.816,3.9379,6.5142,12.67,5.25,10.346,9.3285,12.138,6.3797,4.4299,9.4692,11.53,8.1586,6.9282,11.668,9.3705,7.4488,12.296,7.1993,11.913,12.649,13.08,9.1396,11.279,13.19,11.735,6.1869,11.639,11.974,11.062,9.6686,8.731,7.0522,10.72,10.375,11.73,3.9435
0,1.1111,10.978,11.822,12.239,10.883,9.111,11.824,2.2814,13.065,7.3606,8.2466,6.4611,4.6424,3.9582,3.1099,6.428,7.9125,7.9356,6.1826,7.1496,9.0797,4.5029,2.6282,8.6645,8.0197,7.9895,7.0215,9.3115,14.105,12.499,7.2235,11.416,9.5639,9.2707,11.687,9.9668,4.7428,4.2709,8.8953,10.867,6.2658,4.2032,4.1872,6.3848,5.6878,6.3656,5.8862,9.1322,10.896,11.666,10.466
0,2.2222,9.114,5.9359,9.3223,13.698,1.4825,1.8398,8.6252,-0.40465,9.6211,6.462,5.7267,11.293,7.767,7.5388,2.8672,7.1612,9.8096,4.009,7.5344,5.1727,6.7227,5.1582,5.8364,8.2108,12.195,3.3968,8.1884,11.71,5.5748,4.4623,6.3318,11.111,10.97,9.9849,4.4183,2.0278,11.852,7.2785,6.0329,6.4614,6.2857,4.7206,5.4675,7.8562,5.7445,8.3348,7.1797,10.638,8.7914,7.3763
0,3.3333,1.4774,7.5771,5.1813,4.0747,11.347,1.3822,4.16,-0.36873,6.9557,-2.5381,4.5797,7.2354,8.1848,6.4926,4.5843,3.0016,5.705,2.7707,5.7884,1.276,10.419,-0.92007,5.2306,6.2946,11.085,5.5835,8.2018,6.034,10.968,1.0639,2.0811,6.3572,4.0739,7.165,5.5533,-1.5494,6.3923,0.68773,5.9842,9.933,6.5389,5.7864,3.8646,4.4601,4.1433,3.8781,-1.0485,9.9385,-0.74059,6.4947
0,4.4444,3.0187,6.2556,1.4251,4.4528,4.2669,6.6565,4.4304,4.0839,-0.01315,-3.4693,-1.2797,8.1678,5.1872,6.0565,5.0614,5.2681,4.8783,3.7026,10.186,8.1512,4.2356,4.4178,0.56263,5.9487,-0.46904,1.1717,6.7123,0.9934,1.8239,2.8798,7.6707,3.8526,0.66864,6.7424,11.08,6.2414,2.1046,2.3733,5.5987,2.4613,6.778,-0.89136,4.7071,9.7091,5.5258,0.19856,6.9801,0.95584,8.65,12.939
0,5.5556,-3.9143,8.8021,11.923,9.5277,8.8609,6.0905,2.6477,4.1976,0.57472,7.786,6.2065,6.3291,6.8073,3.8753,3.4102,7.1414,7.6161,3.313,8.26,6.8816,9.4022,7.5295,4.4221,6.9602,3.9483,6.7194,6.1603,3.3563,3.3827,2.1652,11.759,5.6616,6.7079,4.1061,6.8781,0.013444,2.848,3.5788,6.8248,7.385,8.8803,6.6427,6.6324,4.8172,1.1432,4.4862,4.5135,-1.752,2.8248,1.9258
0,6.6667,6.298,0.37018,7.2314,-0.87565,7.5459,6.957,3.8691,11.79,6.9484,3.9202,3.9193,4.5977,11.528,4.2731,8.8421,3.2616,7.2028,5.4298,5.4993,10.487,0.19586,5.3002,2.6008,8.1296,7.4247,4.5873,4.9247,2.2176,3.0315,0.42734,5.946,7.564,1.9987,7.9573,8.4359,4.487,7.3261,6.5878,2.7723,3.3933,4.8453,3.9146,5.5884,5.0564,-0.080786,9.735,9.3493,-0.22036,4.7602,-0.046187
0,7.7778,0.77022,6.4941,6.436,4.8218,1.8013,9.4012,7.2458,3.1527,11.294,8.8721,9.8431,5.8471,4.7809,6.035,5.3938,6.4922,8.8773,5.5075,2.7292,4.9947,4.8954,12.58,3.4084,10.637,3.1093,13.527,7.3982,5.7275,8.8675,12.242,10.79,4.3142,8.0943,5.9706,7.0142,5.8612,6.0893,0.68596,3.9791,6.3992,8.5936,11.63,7.2734,4.4346,6.6297,11.675,10.383,11.814,8.2548,7.091
0,8.8889,11.036,4.4552,5.9986,7.4427,2.9854,6.033,8.9499,8.9454,11.373,11.162,8.8961,9.7305,11.508,5.3578,12.146,7.8122,5.4244,6.4695,4.4439,5.2035,7.3242,1.6987,9.895,5.4636,9.5076,8.047,6.2175,5.0807,8.3185,12.691,5.5407,11.548,11.427,6.0523,9.1882,4.7107,15.216,3.9593,10.99,9.4184,13.141,6.4773,7.3102,1.9316,11.056,9.5539,10.989,6.4455,6.0796,10.064
0,10,8.1636,9.8948,10.703,10.909,7.7883,10.205,13.201,14.47,7.3119,7.3623,12.563,4.2583,10.028,10.223,6.0743,7.2737,9.4004,10.876,9.7736,11.873,11.449,9.98,10.983,11.758,17.511,11.84,8.4836,9.8534,10.084,7.711,12.988,10.107,8.8571,6.5806,14.555,10.679,7.8347,7.4295,11.898,9.356,12.716,5.8977,15.21,10.992,10.751,5.8306,6.6035,8.3482,12.566,11.257
1.1111,0,10.832,6.2481,9.8314,7.197,3.6671,10.969,10.915,7.7615,8.128,5.3304,5.4124,12.368,10.942,4.3411,8.2398,3.3957,7.228,9.2635,6.0434,13.868,11.476,6.6563,9.1683,8.4775,10.958,3.2123,4.969,4.6643,7.2914,14.107,10.12,9.9395,6.1621,7.5254,6.4303,4.0653,10.244,15.7,10.77,10.023,14.969,7.6617,5.3831,2.957,7.3219,11.877,11.163,10.962,9.8755,15.591
1.1111,1.1111,12.223,6.5301,4.538,9.6345,9.4504,4.7744,5.8488,5.5884,10.245,7.2851,10.201,10.746,5.5757,6.6607,6.9903,8.7391,7.6525,1.2431,4.7988,3.7408,1.4137,2.6477,6.4898,4.9689,7.6819,4.4372,9.5833,8.5905,9.5951,5.5839,-2.8527,9.4517,2.8131,4.2267,13.45,4.7015,5.8603,11.135,10.975,5.7172,4.6351,11.027,7.1696,7.4307,7.924,7.6982,10.098,4.7082,13.305,1.6833
1.1111,2.2222,11.349,2.6721,3.1997,3.912,5.7164,2.4481,9.2561,5.997,4.9231,9.6107,2.7876,8.5455,8.0187,5.1586,5.3606,4.7691,2.3263,-0.05698,3.0919,3.3033,2.4143,0.36138,4.0143,9.566,1.1286,-1.6768,10.486,0.35611,4.7855,7.6195,7.2736,4.0539,2.7988,1.9921,3.6189,7.4766,2.376,-1.5856,1.7399,4.093,8.9936,1.0046,3.4352,6.6063,2.2412,4.7245,1.727,2.1861,7.3886,7.8482
1.1111,3.3333,-1.164,5.8303,5.001,6.8343,0.45828,5.9321,0.93987,4.7834,5.1823,2.5644,1.8599,6.0223,8.649,2.9694,6.5492,-2.419,-0.90142,0.04611,0.98442,2.7891,4.3543,3.4211,10.46,3.8538,1.0316,-0.22213,2.5731,5.3959,7.2275,8.052,-0.57305,2.4132,2.4431,6.2544,6.1563,3.2751,5.7283,3.9603,7.0893,2.8285,4.5256,4.3921,0.56491,2.6248,0.26174,0.93223,1.4799,4.7301,-2.6065,6.6826
1.1111,4.4444,5.2002,-0.63155,4.4897,6.8662,4.9947,-1.8872,-3.4711,2.6658,3.6218,0.20187,2.0656,-2.1953,0.86996,10.623,1.1373,1.8938,4.9028,6.6403,1.0554,5.804,6.1727,3.6358,-1.0766,3.8367,3.4563,1.3311,2.5996,-0.23732,0.85364,0.067796,5.3688,5.6826,-3.185,4.7081,7.2942,6.1829,-2.1387,6.6605,5.3562,3.3351,0.95848,4.5664,3.356,0.16564,5.4679,4.2086,3.629,10.717,1.2481,-0.32175
1.1111,5.5556,0.41685,6.5936,6.6952,-1.081,7.2995,2.7328,-2.3081,3.0285,3.2746,0.72015,10.277,6.4988,3.3296,2.1582,6.3115,3.3555,-0.27228,-2.7778,3.1988,5.0026,2.7156,6.0665,3.0351,-0.49168,-0.077406,5.1478,7.1382,3.1268,2.0264,3.7441,0.16557,0.83893,-0.22778,6.3057,8.9678,-0.27446,-0.050191,-2.694,-0.81643,-0.71438,0.13304,4.6985,2.3107,4.5937,0.52636,1.7563,1.7924,0.79177,2.871,0.13353
1.1111,6.6667,5.2382,-1.7751,1.6706,4.2849,2.4016,2.785,4.45,7.7461,-0.77873,5.481,1.5113,6.6181,3.0382,4.6723,-0.010763,0.22521,6.819,4.5184,2.541,1.56,5.4331,0.50988,7.3454,6.1718,6.2488,3.2393,3.1568,2.4471,1.392,4.088,2.5547,5.5171,8.6146,4.7881,1.518,-1.2446,9.9336,5.5725,5.3352,8.6953,3.4444,3.3728,-1.999,4.8687,5.3434,2.1277,5.4752,6.3462,1.7667,0.19064
1.1111,7.7778,5.6861,1.194,6.6174,4.7709,3.9859,6.0132,2.5197,4.5596,9.8457,9.8316,6.7513,8.6052,1.5873,0.85129,-0.20811,7.1488,5.5503,9.276,3.0836,4.6414,5.1508,5.0008,7.7224,4.1652,6.1876,4.0881,8.8151,3.7987,4.0215,4.0699,4.0761,2.3586,6.1962,2.4119,3.5075,-0.6578,1.5735,9.1854,-0.12536,6.5541,6.2704,5.3468,7.9802,6.5459,1.0981,9.1119,9.7516,3.6352,4.8833,1.2058
1.1111,8.8889,7.7681,4.6238,3.2164,8.5121,8.4834,3.9254,2.8396,8.5359,9.7549,11.613,6.5382,5.4665,13.477,5.4495,4.3926,10.163,7.9953,-1.4754,6.6982,7.4551,0.92369,7.5581,5.5533,5.9074,9.9428,2.5372,6.643,9.0968,1.7599,1.193,6.602,5.7193,0.99907,2.5001,7.2363,8.911,8.2239,6.0041,11.696,10.638,7.6713,6.89,2.4632,7.4686,11.741,9.0367,7.7139,7.8359,6.1746,3.8472
1.1111,10,8.8073,9.2074,6.2533,5.0959,13.236,9.5938,9.3463,8.4425,6.1252,9.8165,5.2642,8.9906,7.5962,4.9654,13.098,6.9352,10.543,6.2123,2.6244,7.2042,5.8473,8.5517,6.3552,12.423,7.5797,3.9462,9.3278,7.2548,6.9535,12.076,2.3526,6.8694,7.3747,9.6382,6.6895,5.3848,4.9012,6.1161,8.3841,11.25,12.194,14.044,9.1264,9.6226,6.2732,9.5103,12.075,9.766,5.9528,6.1944
2.2222,0,6.7645,8.6493,10.195,6.5233,-0.96951,3.6582,2.6669,5.0724,6.0737,8.8264,11.461,8.8211,9.9196,3.6423,6.7084,4.8575,4.1078,8.7391,6.1491,7.5175,4.4631,9.3824,5.7652,5.941,10.22,4.4484,8.4432,3.9608,5.3158,4.9468,8.4045,6.8174,8.0754,5.7199,5.2624,8.4613,5.6134,5.2089,5.0143,6.3342,5.5909,9.1814,8.4601,7.1551,10.179,7.4838,6.0459,5.6777,9.7404,9.6752
2.2222,1.1111,6.5099,6.6885,3.1701,10.308,-0.69763,2.2559,7.733,3.0292,9.4065,3.9358,3.2309,-2.4645,-1.3098,4.0138,3.7715,1.2394,5.2257,6.5831,0.62792,-3.7287,6.4543,0.60614,5.3149,6.418,5.4395,2.0047,11.797,3.2967,8.2281,6.5221,9.5271,3.0326,2.4073,4.3787,5.0095,5.2349,5.9551,1.45,0.43162,8.7343,2.0929,5.6064,4.5533,8.2438,3.3631,0.71237,1.8786,-2.6632,7.6062,7.2098
2.2222,2.2222,3.6229,-0.24092,1.8997,0.74801,1.8106,2.9763,8.161,5.1312,6.2412,5.1002,3.1698,5.6866,1.1894,1.4125,1.625,8.3409,5.5521,4.0692,5.1961,5.0725,1.7956,3.8013,-1.4208,1.2887,2.3633,-0.75807,9.2398,6.0521,-0.50132,8.3762,-1.2409,3.3472,2.7634,6.9039,1.9722,2.1944,-0.22112,3.7647,7.6792,6.6864,6.1304,4.0574,10.445,5.4794,3.0058,10.175,4.2908,2.3647,4.2755,0.028128
2.2222,3.3333,3.4313,2.7507,-2.2448,5.8031,0.045704,5.3512,1.725,4.876,6.0178,-1.2252,0.26244,0.25572,2.1468,4.2483,3.6317,5.0951,2.5125,-0.63554,0.25191,8.6064,-1.9081,8.6417,-0.86992,-0.81074,6.4219,-3.6055,4.9914,-1.1331,-1.7842,1.5353,2.165,-2.0747,4.9419,4.5134,6.9332,-0.46507,0.61946,2.468,0.6643,3.7784,2.1241,-1.8358,5.7146,-1.8684,-0.51446,2.9104,6.9521,1.0315,1.6996,4.0004
2.2222,4.4444,1.1336,7.5839,3.6691,1.281,4.1855,-1.7489,0.58785,-0.35169,-1.5272,7.9997,0.85477,5.193,0.81435,3.1492,6.2682,8.9848,1.5747,5.6079,-1.7542,1.629,0.44344,5.4729,1.7633,6.7667,6.3848,-0.61851,-2.8288,2.7953,-0.20952,5.002,1.0793,-0.21425,-2.1462,1.5302,-4.1255,-3.2175,0.43576,-0.53372,2.1449,3.8422,-2.0283,3.0788,3.0377,-5.0126,-4.8385,-1.0132,0.40468,0.64554,3.1525,-0.20505
2.2222,5.5556,3.869,0.9542,0.59154,-5.029,2.8622,2.9689,0.60284,1.0108,-0.31494,7.9659,2.9708,1.0368,2.2754,-1.5911,-2.67,-0.85772,2.7801,1.6922,-2.0758,7.1453,3.4328,0.42846,3.6995,-2.0267,2.1439,-3.7718,3.722,3.561,2.9864,4.9403,0.59679,2.879,-3.1767,0.608,-3.0892,-1.3304,2.9414,-0.26855,-2.1674,0.21454,2.5576,3.0834,-1.7246,3.6128,0.41885,1.8618,1.9838,-2.0593,-1.8997,0.92641
2.2222,6.6667,2.4924,-0.14835,3.3886,3.9101,4.9915,-1.6224,0.15933,3.5526,1.1222,1.8287,4.3737,0.98408,-1.3216,5.4481,-2.4987,-0.16946,5.6111,0.95176,1.2063,-2.0244,-1.2183,3.6039,0.18424,1.5035,0.19373,8.8988,3.1661,6.9729,-0.20683,0.44753,4.313,4.6574,3.0511,5.5818,1.5582,1.1858,1.9887,3.4261,2.7046,3.9286,6.8874,4.4789,8.3603,4.6508,-4.4113,12.016,3.9899,-0.93202,0.11175,2.7705
2.2222,7.7778,2.7604,9.6402,5.7527,-1.5243,3.267,2.0227,2.8566,3.3632,-0.5852,6.2149,5.9295,3.6074,-0.97349,8.5195,3.7846,4.339,4.0771,-0.77426,5.3602,-0.94514,3.6461,3.4767,2.1178,3.0963,1.3275,0.41815,1.2887,4.5376,3.5995,4.3148,3.2357,8.8671,4.8388,-1.3724,4.7006,-0.30418,3.1459,-4.9268,-0.051206,1.9146,1.1353,2.0821,-3.9732,2.3014,1.1582,-2.2815,4.8188,5.9008,0.30627,2.6975
2.2222,8.8889,3.8121,5.0244,3.1116,9.364,5.6347,4.3631,4.7543,4.475,4.3737,8.4689,8.7426,9.0202,5.6173,5.5385,4.1499,-0.086395,2.7602,3.7221,4.077,2.7576,-1.2034,8.4916,8.2842,5.9668,0.96195,9.8464,-0.1901,11.825,2.1629,3.048,7.4054,4.7938,7.6264,8.945,8.9677,3.876,4.9716,2.7972,6.2597,2.0289,8.3617,2.8976,6.8371,0.32984,4.6994,3.5944,2.203,4.8346,7.2884,4.3367
2.2222,10,6.1231,8.2503,6.6537,11.577,5.7164,9.7826,7.3995,10.384,11.469,5.5777,6.5814,8.8929,3.8799,8.5897,3.01,3.1869,9.5269,5.0896,8.4415,6.1187,10.246,8.0876,-3.3092,5.1973,8.6705,8.2793,5.782,11.029,3.7158,11.284,9.7025,4.3633,4.1678,8.0755,2.5215,16.314,9.5967,6.9419,5.0836,9.896,6.0435,5.5951,2.6524,5.3095,8.9915,8.0996,11.344,4.4703,3.4964,1.2286
3.3333,0,3.7448,8.0614,4.1317,1.2513,7.3589,1.8542,9.8422,7.3484,4.9722,7.7042,1.8256,6.4608,4.4944,7.724,6.6541,6.2807,5.8017,7.4039,2.7059,3.8423,0.45333,6.424,5.2823,7.8238,5.014,8.702,5.3716,2.4261,7.7541,5.1083,6.4911,7.0118,12.186,3.7079,7.2441,7.1118,6.4193,10.573,2.9418,7.787,7.6319,2.1071,2.871,3.9331,8.7728,5.3333,2.8445,3.961,4.5285,4.8117
3.3333,1.1111,3.5909,-3.2401,1.5063,2.8075,-1.0294,3.6613,-0.37356,7.5408,2.7743,3.1671,1.1698,-0.054331,4.3436,3.0192,4.192,0.28142,1.7876,5.4979,3.4614,5.3858,5.8789,2.3061,-2.7973,0.21642,2.392,4.1623,6.8832,-0.034563,1.9273,5.7096,0.92751,5.3128,7.0269,4.8972,5.7852,6.2904,2.3797,2.3773,4.0387,2.2798,8.1415,-2.702,2.0098,2.2568,1.0587,0.75264,4.1567,-3.0847,1.7832,2.2158
3.3333,2.2222,2.0411,0.91125,4.0513,-0.14836,-0.041194,5.0889,-0.4471,4.2725,-1.4032,-0.10313,-1.0043,-0.025208,4.4131,-0.83202,-0.50819,2.1905,1.8495,-1.6257,1.7883,0.77498,-1.4248,-0.088331,4.0806,0.91505,1.8282,-1.708,-0.55367,-1.2508,-4.2026,1.3137,1.8552,2.3095,5.0988,-2.8144,-1.2612,-2.5486,-1.8657,-5.2721,4.5708,-0.38783,3.6704,-2.9787,2.2343,1.2688,4.5381,1.0828,5.5817,1.5786,6.9917,1.3551
3.3333,3.3333,0.79391,5.7304,-0.73993,0.65634,3.1926,-2.656,-2.094,2.9655,3.0852,-0.3591,3.8544,0.27915,4.8317,2.8135,2.3584,0.99914,0.39249,1.4538,2.927,-1.9226,-3.7838,6.8281,-0.22762,4.3042,4.1371,0.59737,2.9747,5.3004,4.3382,0.83092,-0.67877,1.5165,1.275,0.48732,-2.3288,0.80953,3.9809,-1.1157,-0.29316,1.6832,3.5139,0.38685,0.18632,-6.035,2.2596,4.2199,1.145,0.88343,-0.84163,3.4399
3.3333,4.4444,-0.07928,3.9788,5.4513,3.6296,3.2906,-3.8236,4.1556,4.3539,0.2521,-1.4372,1.0032,2.2179,-3.3327,-3.6443,0.96917,6.3659,-1.8523,3.2624,4.5235,7.8835,0.71917,2.1098,-0.63722,1.8577,-1.5506,1.2786,5.5826,0.72417,1.0649,1.6467,0.03221,1.3956,0.6791,-2.3739,0.39679,0.089481,1.1638,-5.3023,-1.7449,-4.5903,7.3081,-1.5355,2.644,-3.3139,0.42452,1.739,-0.84976,-0.62285,-1.253,-0.15237
3.3333,5.5556,2.9938,-3.9705,-2.5576,-3.6649,4.0938,5.6562,3.1619,8.2533,-0.3951,7.2079,6.2206,6.0487,-0.61097,-1.8974,2.916,1.3539,1.3624,-1.3022,4.1583,7.0577,2.5548,1.0677,-3.1208,5.499,1.7276,-4.807,0.27924,2.297,-0.89384,5.3875,1.7584,5.0228,-1.6655,2.3329,3.569,-0.26835,2.2886,0.057209,2.4214,-1.7007,5.5478,0.60905,3.5714,-1.3535,0.084205,-4.4127,-0.36409,3.1237,-2.0361,2.0243
3.3333,6.6667,-3.0374,3.031,-1.4634,2.0074,-4.09,2.6587,2.6559,-1.3601,-2.1437,1.3105,6.1522,-1.5296,3.8973,-2.5345,-1.441,-2.4937,-2.9304,-3.7258,5.8291,-5.051,-1.314,2.4996,-2.7522,2.0428,3.9244,3.0679,4.0058,4.8404,4.8176,-0.70475,-1.1411,-0.40573,0.38249,-2.4004,3.9403,-3.544,-1.5436,2.9796,4.1988,-3.6794,2.0078,-0.66477,0.28681,-3.3251,8.0415,2.1429,-0.58625,0.24005,1.4463,1.9695
3.3333,7.7778,2.2244,3.7201,6.2864,3.5917,4.2681,3.9738,1.2019,3.3847,1.5776,-2.2076,3.7299,0.87519,-4.6253,-1.0043,1.9737,2.7024,-1.8104,-0.10068,5.5977,-1.4965,6.5072,2.6925,5.6132,-0.065136,-4.4639,3.1836,2.5156,6.367,-7.0403,-1.3052,-1.1265,2.6474,0.9347,4.2961,-3.5406,1.7316,-2.043,-0.68257,6.6888,4.3968,5.6414,3.5256,0.091262,1.605,2.2188,3.3175,3.9452,-2.0627,-1.61,1.8881
3.3333,8.8889,4.1468,5.0967,7.8092,7.4622,8.2382,6.9132,8.0647,3.2264,6.0936,5.076,3.4871,6.214,-1.0783,3.4681,0.052839,0.95276,7.5018,0.90226,6.6105,8.1892,6.5822,2.1334,2.5485,3.2989,2.7813,6.9403,5.4961,-0.39489,8.0625,6.964,3.3466,11.744,3.2121,5.6294,2.9484,-0.33833,6.3259,0.85265,5.683,1.6625,11.232,3.061,3.834,3.4969,1.1634,7.7581,6.2279,1.1625,5.1539,0.89507
3.3333,10,3.7162,3.7065,8.8428,5.4373,8.9064,6.3256,4.1159,8.8073,8.3662,5.6498,4.1303,3.6607,6.6921,6.617,5.903,8.8116,11.179,6.2604,2.8147,-0.74706,5.6026,5.37,11.667,11.986,11.51,1.2321,0.3641,8.8243,8.4476,1.2094,2.5886,0.78881,4.4668,9.1122,6.7415,12.257,8.6543,5.4303,9.0962,6.67,-2.5419,5.393,7.8455,6.9109,8.7266,7.252,4.3993,5.1893,4.6995,8.6097
4.4444,0,1.0988,5.195,3.1868,4.9279,2.0406,8.6538,3.73,3.9919,5.1479,15.736,7.1758,7.6659,6.841,9.4659,11.608,2.418,4.5749,8.7253,2.4553,5.564,4.7675,4.952,6.5415,3.165,4.1584,4.2623,4.9333,6.6359,2.3161,3.3324,8.8904,4.1013,8.3027,6.7032,5.1757,8.1591,6.3757,6.5027,8.5355,3.3648,7.6462,6.164,2.3986,10.712,9.9237,3.2354,8.1436,9.3424,3.6151,5.6057
4.4444,1.1111,1.3943,3.0607,0.35729,8.6786,8.3626,0.33495,1.5843,7.5156,2.3315,7.2624,0.53717,1.3405,1.4168,-0.21153,-2.3349,6.2914,9.6156,4.291,4.262,3.4879,8.901,0.12562,1.0613,0.49584,-5.8394,0.49002,1.7707,6.8781,2.4416,5.2817,4.0975,2.336,8.7275,-1.6909,6.7705,3.4214,3.6582,-2.1748,5.0524,4.2356,1.8891,1.1135,2.4489,4.9225,1.9046,1.7312,6.7479,-0.22756,-0.10163,2.3334
4.4444,2.2222,3.1384,5.7831,4.1149,3.2452,0.91786,-1.4895,-1.2412,5.1492,3.935,2.2053,-3.7812,4.7272,5.389,1.7693,1.4238,2.3967,6.0201,0.96131,4.1754,2.3899,2.6146,-0.16378,1.5271,6.2056,3.4797,1.5768,-1.229,3.9094,-2.6889,-5.5425,10.262,-3.499,1.2003,3.7486,0.2601,6.1537,1.9766,-0.26059,0.076842,-2.2139,-2.3171,1.6217,5.8187,5.2948,4.2485,-0.19811,0.78462,0.14206,2.6192,0.85266
4.4444,3.3333,1.7004,3.9066,-2.7761,-1.0295,-3.374,1.9102,-2.1255,-0.092823,0.94449,0.55279,1.0025,3.645,-2.6962,2.2455,0.57248,-0.30624,2.2027,1.7188,2.2401,0.68828,3.2541,-0.71043,1.6544,3.5842,0.36759,1.022,-0.32396,-3.9988,-4.7417,0.22884,2.7777,-0.16508,-3.4025,3.6781,1.6984,-5.3556,-1.1574,2.4328,-4.5085,1.9918,1.5523,-1.6618,-5.1427,5.0326,2.8006,7.4089,3.5183,-1.9758,3.2553,3.7669
4.4444,4.4444,7.6778,-2.229,-1.3757,-1.1736,-5.8813,-2.0765,-1.7327,-0.7821,-6.1505,0.15994,3.0473,0.79094,-0.018335,-2.3655,-3.6837,-0.17152,-0.67179,-1.425,2.672,-2.2507,-0.19857,-1.7074,-4.5487,-0.65107,5.2748,1.6125,0.72614,1.3875,2.4716,1.5096,5.4075,-1.0585,-1.0931,3.924,3.5183,-2.4742,4.0039,0.13327,-1.4687,2.9136,3.9159,-0.86957,-2.9312,-3.6921,-3.1737,0.13495,0.92028,-2.4016,1.9414,0.023679
4.4444,5.5556,-0.050297,-3.1319,-1.3546,1.9439,-2.6789,-0.46364,0.84655,0.97133,-0.073212,5.3269,2.5209,-1.7627,0.56381,-0.083589,-6.2916,-0.37692,-0.53566,1.109,2.1877,7.8421,0.015346,1.5621,-2.531,2.8108,-5.3131,1.2454,4.2413,-2.6834,2.5953,2.2294,-0.71533,-1.8839,-3.9769,1.4851,-0.84172,0.25148,-0.28143,0.23931,-1.7427,5.2998,2.4358,-3.3924,-1.1027,-0.90884,4.7381,-0.34644,-3.9605,1.5954,0.30074,1.7029
4.4444,6.6667,-0.77991,1.6469,2.7,6.0753,1.4013,2.3746,5.4668,-1.9486,1.9004,-2.137,0.70053,5.5969,-1.4906,2.4119,1.0857,0.39438,2.1443,0.46906,0.51534,0.091945,-0.8581,-3.942,0.46329,5.5397,0.57765,2.6661,4.1377,3.2707,-1.6014,-3.5587,-0.66015,-1.4925,-0.41298,-2.8218,0.019183,2.8554,-1.2974,1.9671,-3.847,-0.58918,-1.706,-3.958,-1.1356,-1.4522,4.1176,-2.6904,5.4255,3.1024,1.7265,0.33732
4.4444,7.7778,3.9966,0.98441,2.7316,7.1723,-2.177,5.0227,3.5811,7.4713,2.3139,-0.47035,4.9934,5.4025,2.9905,3.1352,2.737,2.4796,1.9199,2.3464,1.0211,6.493,-1.3849,1.7005,4.1624,4.3848,-1.6432,1.2426,-3.9797,1.8138,2.1402,5.3946,-9.1193,2.4476,1.9338,-0.33087,2.588,-4.3766,-2.4283,1.1232,1.5668,-0.60342,-1.305,0.49877,-1.9799,-0.35759,1.2174,4.2364,3.1628,2.0197,2.1137,4.474
4.4444,8.8889,-4.9932,4.3418,10.688,0.97986,0.15285,7.1916,5.8712,7.1323,1.1009,7.5176,2.5716,1.4404,12.187,-1.3358,4.4632,2.0343,1.4786,-0.31414,1.9791,1.3582,6.2814,1.2488,0.79074,-0.84977,5.3896,4.1942,-1.7782,-2.265,8.76,-1.4188,4.4566,4.5019,7.3286,-0.86013,1.8876,3.5997,1.4302,1.154,-1.5652,8.9977,2.3651,2.3385,0.55364,3.4947,0.82519,-0.77584,3.6971,5.4135,3.1939,5.2074
4.4444,10,3.9325,7.3869,6.1877,4.9309,7.0002,6.917,2.8979,6.4768,4.2544,5.8509,4.28,5.344,4.6399,10.215,9.5326,4.9069,6.5047,3.156,0.1465,1.5635,3.706,3.0989,5.8276,7.31,4.2448,-1.0034,13.557,2.5016,8.53,10.407,3.2683,5.0124,6.3603,9.952,4.1262,6.7483,7.9424,4.1717,7.0443,3.5894,3.487,5.0385,7.1982,2.271,4.0873,-1.848,6.944,6.5011,5.4679,1.9218
5.5556,0,1.3407,6.6503,5.8802,13.092,5.0205,8.0481,3.245,5.2251,4.4518,10.149,1.9015,6.0248,10.45,3.7662,2.9669,7.4387,5.4204,5.7324,9.1878,6.7528,5.31,3.6953,8.212,3.8548,10.343,8.257,7.8753,7.3921,11.851,4.4525,5.6321,7.6088,0.078268,9.4142,1.3399,3.7534,5.3364,6.0898,3.8491,3.4829,6.7353,3.5921,9.5043,10.134,0.63889,6.4403,3.8226,1.0632,8.7037,-0.71119
5.5556,1.1111,8.7512,2.6642,6.1276,3.5096,2.8473,10.142,-0.26522,5.4497,6.5754,8.3118,3.4805,2.2262,1.867,7.9078,2.8192,1.8694,1.6165,2.6869,5.8894,8.1801,-0.34677,3.6379,6.9641,9.6969,4.1909,1.4127,4.5169,7.3994,5.0776,2.0404,4.9947,1.5213,5.5832,7.1226,-2.6352,7.8666,-0.30281,12.005,9.7901,0.36612,-0.0090105,3.0441,3.0929,7.2414,-1.8717,6.5247,-1.2265,2.4331,-4.0781,3.6748
5.5556,2.2222,-0.85876,1.7267,-1.1213,2.3205,1.3495,4.8716,0.27302,0.19969,0.60136,3.7291,0.6829,7.1325,3.2629,-4.8865,5.235,6.2542,3.6799,-0.46288,1.523,2.3943,4.2235,1.847,-0.32976,-0.10641,1.8765,6.0985,3.0206,2.6902,2.4084,1.7593,5.673,-1.8233,0.19013,4.5966,-3.0137,-1.573,-1.5532,-0.31852,-3.8096,0.26217,1.9761,5.8683,4.5988,-1.2295,4.5111,-0.40803,0.007527,0.21363,8.19,0.74656
5.5556,3.3333,6.1728,1.871,-6.2879,-0.85827,1.6366,1.7991,-0.84437,1.7638,-2.2442,-2.6985,-0.80281,-3.4445,-4.1488,3.1833,3.7387,5.45,-5.3843,2.1712,2.173,0.42011,-0.16009,-3.8766,-3.9076,-0.12242,0.61102,-1.1884,-2.0921,6.6299,8.257,-4.5639,-3.3859,-2.9788,3.9334,-0.41235,0.59651,3.9217,5.7402,7.9289,1.9065,3.6547,3.5168,-0.65707,0.8952,1.6619,4.1656,2.9821,0.80946,0.22559,-4.051,4.5955
5.5556,4.4444,-5.6548,4.7318,2.844,-1.1527,-2.8072,-4.3648,-1.228,-0.54254,-1.8899,-3.8351,-2.5138,-0.11868,-0.027136,-5.9598,0.26079,3.5241,-0.12839,-2.5903,8.3765,-1.6987,-6.9521,2.7082,0.35333,1.2414,1.2576,0.75607,0.3713,-3.8648,2.9098,3.6066,6.7961,-1.4938,3.0401,-1.5189,1.8623,0.65479,-4.1455,5.7769,-3.2716,-0.81596,2.1379,0.33009,-1.3198,7.2499,-2.8283,0.40547,-1.399,4.2283,0.98078,0.45902
5.5556,5.5556,3.348,1.0989,-3.7532,3.9225,3.6005,-1.8806,4.6837,-1.9022,3.8207,-0.080557,-0.62235,-1.7205,3.6461,-0.79795,6.1568,1.8389,2.8192,-3.5407,1.3757,1.2762,-1.5464,-1.8147,1.3552,3.4191,-0.63953,0.77973,1.5252,-6.3688,-2.5131,2.9754,0.77732,1.951,1.9977,0.50977,4.6402,1.1194,3.4115,2.3768,1.5832,0.84149,-1.7262,1.735,-1.3114,1.7461,1.5267,-1.0215,-2.0409,-0.32121,0.16207,3.6131
5.5556,6.6667,6.7138,2.4584,1.0306,0.79426,0.98321,1.9565,0.30459,-1.5494,3.1695,5.5476,1.0881,-0.9139,-3.3154,1.7185,3.9814,6.0488,3.0528,0.81032,-5.5496,4.1186,-1.2396,1.9056,-1.0203,-6.0845,-0.41618,-3.461,-1.6698,2.9186,0.077992,2.8134,3.9648,-0.20421,2.3045,0.20977,2.4463,-3.0835,-4.6358,4.6142,5.0341,1.8901,-1.0304,-0.62134,1.5377,4.4587,-1.1675,3.0881,1.5677,-5.7074,-3.8928,0.058337
5.5556,7.7778,-1.7687,1.9971,1.0413,3.7097,-3.2185,3.2718,0.16569,-2.1498,-0.53182,-0.18897,-1.8692,2.3308,-10.129,4.4444,1.2497,-0.23157,2.3243,5.8105,3.3673,2.6552,-0.096192,-1.2253,0.093875,3.0867,-1.5248,5.5626,6.4363,0.49243,6.9398,-0.74352,4.9338,-0.41455,-4.4952,7.394,2.4103,-1.7481,3.9939,2.777,2.5231,-0.050975,4.7242,2.5691,-0.52004,7.5158,-0.17766,3.0663,-1.7579,5.4058,3.2156,4.2589
5.5556,8.8889,0.95106,1.6766,7.8689,2.0521,0.75602,-1.6531,5.1138,1.3593,-0.5423,-0.90282,0.94876,0.34882,9.0869,-3.3417,1.69,6.4555,-0.75208,3.1122,9.7175,6.3195,4.0798,8.7504,6.8461,5.8098,1.6212,2.5634,4.4422,7.3752,-0.042909,10.22,1.832,7.8531,1.9212,9.9659,2.5938,-3.0541,3.4853,6.5103,3.3127,-0.33189,2.5431,1.3598,7.6295,0.17866,0.082774,2.2741,8.8151,3.483,3.3811,0.25099
5.5556,10,-1.2071,7.1061,-0.19664,13.446,9.1047,7.5736,2.6268,5.2597,3.8216,5.7934,2.8605,10.352,3.7594,4.361,2.0077,9.899,0.069771,6.9153,2.1897,9.1595,-2.1261,7.1741,10.911,7.1703,4.0161,3.4524,4.9377,3.282,1.3873,11.709,7.0797,8.1375,10.362,-2.0431,6.4067,5.427,9.1927,10.159,5.7601,3.2671,5.9672,5.8913,7.8813,1.9007,8.6678,-1.5763,0.22028,2.6899,8.2417,3.4539
6.6667,0,10,11.525,8.3927,4.4145,1.1114,6.9385,11.434,5.7034,10.133,4.0204,-1.1252,6.8998,3.3031,-0.62949,7.6845,5.2522,4.94,11.05,6.9414,4.277,1.3734,4.014,6.6081,-1.062,5.3208,-2.687,2.6142,0.49322,7.8414,3.7125,5.2219,5.8169,8.4655,6.1012,6.8242,5.0412,3.3947,0.99907,6.3774,3.8467,4.7635,7.7713,7.4747,3.6784,4.0867,7.3338,-1.412,3.6862,6.1777,6.3204
6.6667,1.1111,0.57365,2.2552,2.906,3.2423,7.5648,0.24593,3.4187,3.6544,8.1715,0.99475,5.0372,3.543,2.4261,3.3928,-2.5736,3.239,3.8532,1.8842,3.2955,2.7811,0.87472,-1.0454,3.9373,0.0090655,-1.9837,2.5887,8.6429,5.8894,3.3242,1.7644,5.2868,-1.5124,3.7087,6.0263,1.2243,4.0618,2.7244,5.9519,5.0335,-0.99028,6.0497,4.1035,0.6726,7.4675,-0.33573,2.2302,4.7428,7.8834,1.7574,6.1872
6.6667,2.2222,5.7754,-0.47443,-0.071098,2.8702,1.4679,6.3857,4.8767,-0.78898,6.1803,0.67533,-1.3881,3.5715,2.7289,5.8782,5.2326,2.5111,2.6973,3.5618,-0.66197,1.9013,-0.32329,2.3087,12.349,2.7507,0.68323,1.3673,2.5815,1.3915,3.4447,3.3176,0.91397,-1.4188,1.9456,1.4001,0.52122,4.1143,6.2251,3.542,-2.3756,3.4121,1.0712,2.4972,2.2662,-1.4871,2.3183,-0.13768,-1.0694,0.78992,9.4046,-1.1708
6.6667,3.3333,-0.21723,2.7587,2.1931,1.3525,-3.8037,1.4058,1.2913,-1.9536,0.63644,-1.2315,0.50128,1.6382,-1.7362,2.1369,-1.8196,1.2033,0.38024,0.94709,-1.3828,1.3823,1.3664,0.86097,-0.62496,0.18633,-5.2448,-4.7907,6.5906,0.18385,0.79114,4.1463,0.43392,-3.1502,-0.55768,0.68705,3.0339,-1.1933,4.3358,1.763,3.5499,-5.4599,-1.2853,-3.1436,3.2755,0.50719,2.9653,1.7653,3.6038,4.29,1.5036,2.1867
6.6667,4.4444,0.98723,1.8109,-0.34825,-3.0071,-3.7695,-2.8083,0.92228,1.6506,-0.90206,-0.28377,-0.65168,0.62026,-0.69376,0.61945,-2.4975,-0.66864,3.6564,1.5744,-1.4568,2.6853,6.0064,-3.6985,-2.1918,-1.328,-1.5117,-1.2389,4.9185,-0.64313,0.93109,4.0691,-3.2023,-0.029065,-1.4773,5.126,1.9996,-3.4801,-1.9421,-2.1867,2.9404,1.2118,-2.1542,2.978,-1.2146,-1.9799,2.148,3.4745,0.94215,0.063001,5.0014,-0.60814
6.6667,5.5556,8.2884,-0.97209,-1.8322,-0.69168,0.70423,1.7121,4.1979,-1.8635,-0.33753,2.8171,-1.2183,1.1763,1.2044,1.3187,-0.11935,3.7306,2.5271,2.6287,-2.0832,-0.35303,-0.17834,3.5283,0.037381,-1.3175,-0.8767,-1.7657,2.2549,3.3048,3.9528,-4.0966,-0.13798,-1.9359,-4.7343,2.2925,0.60219,-1.9828,-0.016522,-0.64063,1.2296,-0.35929,3.8477,3.065,3.8718,-2.4046,4.499,5.5141,1.3513,2.4477,-2.5666,1.6175
6.6667,6.6667,0.39763,-3.4283,-0.30909,6.1735,-2.374,-0.086164,-0.058264,1.857,-7.2486,-0.15759,0.50732,3.1457,-1.8031,5.4737,-1.438,6.5695,-0.33315,-0.74801,7.4707,1.127,0.5462,4.3415,-0.27028,-2.6349,4.4486,-0.0015548,-4.4492,2.3022,4.5056,-0.82925,1.459,0.9747,7.5598,2.316,-3.9939,6.007,-1.6553,6.5324,-1.9933,-3.9925,3.8112,-0.16905,-2.1441,1.0977,-1.4958,-2.2266,3.6294,2.9745,3.305,-4.5867
6.6667,7.7778,2.0386,5.0188,4.711,0.88747,4.8793,-1.4311,8.1272,1.3742,0.93494,-3.4251,-1.7877,-0.80017,5.8899,0.44296,-0.19332,-0.62731,-2.6159,1.0233,2.2539,0.033996,4.9589,7.0689,0.094967,-1.6428,-4.45,0.051491,3.1117,6.621,-1.451,2.6348,7.7248,4.1357,-0.82558,-2.6572,4.6634,-3.0582,3.1688,0.94281,1.0341,1.5921,2.2219,4.7628,-2.4198,2.4943,5.0926,6.1851,3.9515,5.9125,2.7051,2.1949
6.6667,8.8889,3.1639,7.592,4.6113,2.0315,5.3739,3.0834,2.3776,-2.0343,0.85366,-0.48724,2.4144,6.9602,3.4042,-3.1466,4.4589,3.1907,9.7411,6.3641,0.25857,6.2756,4.1269,2.8165,5.1439,6.762,0.74698,0.048664,1.9239,5.3544,1.5964,5.5148,3.633,3.3441,3.9987,4.6905,7.0418,9.0378,2.3894,-1.0508,2.7954,2.6409,5.4076,7.7009,7.2679,2.5042,3.0236,1.8511,4.3222,-3.7307,0.31541,2.7037
6.6667,10,2.8644,9.2703,4.4308,9.0907,8.1519,5.9434,7.7706,4.9045,6.7061,6.2235,4.9587,2.1706,8.9328,6.9475,6.6966,6.1683,3.3581,4.906,5.3131,5.0495,9.3573,-1.0772,1.4618,7.681,5.998,8.5541,4.2594,2.0841,1.5273,8.0361,-0.074864,7.5345,8.1232,2.0813,3.8062,5.3317,0.15063,6.3457,8.4106,8.363,5.548,7.2246,3.0201,6.9465,7.3039,5.1808,5.4912,4.4192,8.4393,9.4576
7.7778,0,11.294,5.0752,2.3736,6.6699,4.2576,6.0379,6.169,8.5272,7.7146,8.1414,2.3983,8.0993,4.769,5.2312,7.2704,5.8445,2.4964,5.4302,6.1906,5.9035,8.6503,12.323,5.8602,10.981,7.2378,8.1659,7.7791,6.8275,3.0837,5.5522,7.8118,4.9706,5.0555,5.5325,3.2859,5.3092,5.7172,6.7755,8.1905,6.4639,9.7609,7.4564,5.1316,8.9656,7.1499,6.9808,7.0938,8.8943,7.1875,9.748
7.7778,1.1111,3.7713,0.83831,5.7176,5.8554,3.9492,7.3429,6.9792,3.1393,1.6969,9.2336,9.6749,5.1938,2.1533,7.0076,1.4649,8.8933,5.2591,5.6046,4.571,7.2445,3.9954,-0.39938,2.3004,8.3869,1.16,3.605,4.9246,4.909,3.1768,8.3886,5.5544,10.522,3.5349,3.9184,6.48,4.237,6.8583,5.5765,5.4497,1.4949,4.4272,1.5479,5.811,7.5694,5.7802,3.8821,6.0236,5.2426,5.414,9.6027
7.7778,2.2222,5.2592,1.9645,6.7475,5.1732,-0.74671,2.3828,1.7791,4.4287,3.1075,8.8246,4.1623,6.798,4.7648,1.5634,0.73547,0.5587,2.7326,4.59,4.699,4.9231,0.98957,-3.7535,-3.3587,-0.16684,5.6888,2.1557,1.9296,1.9937,5.7353,3.4306,6.7653,8.3804,8.6154,1.4453,4.137,-1.2128,4.4418,1.7711,2.429,7.96,0.28147,3.7484,4.5398,0.67977,3.7228,2.5349,3.2032,7.1133,6.5219,2.8017
7.7778,3.3333,-1.2378,3.2546,-1.5057,3.6165,2.8985,1.6537,4.4586,8.7887,0.64752,2.6685,-2.7392,0.94335,3.8879,2.7744,4.2426,-2.6489,5.2259,0.86572,2.9644,6.2399,8.4316,1.6664,-2.216,0.077776,-2.3074,-5.7054,0.11763,1.7639,2.0473,8.8545,3.1635,1.4748,3.5366,-1.6438,6.2122,3.8993,5.884,5.0434,0.28227,-1.1087,2.4364,3.6926,1.0724,3.7396,-0.56233,3.8018,-0.3354,4.4831,1.2314,3.5309
7.7778,4.4444,4.3232,0.16409,7.3103,4.8588,3.1377,-0.84297,0.79551,7.2377,6.4539,-2.5763,-1.9353,1.1096,3.1326,-1.1472,1.0338,-1.0629,1.3008,1.8031,-1.0624,-1.9359,-0.61995,5.2674,0.70948,3.3718,4.0049,4.8365,4.263,2.5619,-0.024473,-0.12597,-1.9497,-0.70144,-0.4933,-2.2127,-4.4287,0.92214,1.5099,3.1481,2.2308,-1.9257,1.5783,2.2783,4.1981,-1.4716,-1.0985,1.3818,2.3707,3.7933,2.2832,1.5723
7.7778,5.5556,3.4999,1.8785,6.2979,-2.3193,5.6357,3.6855,-0.95002,0.5362,1.6256,7.5779,0.19179,1.9578,2.1722,2.0311,0.0035653,-0.47947,0.54097,1.1222,5.2749,3.8717,5.5168,1.2978,2.1919,0.15396,0.46245,-1.8497,0.53269,2.1115,-3.5051,5.1115,5.7762,2.446,4.1305,1.555,3.741,2.341,2.9382,1.7645,5.6825,3.4158,0.41336,2.6176,5.4748,1.1434,2.3054,0.9283,-0.28211,0.55559,1.9801,-2.1085
7.7778,6.6667,2.7482,4.4718,1.632,2.5091,-1.322,-4.2375,1.9151,0.46992,4.7227,8.1856,-3.4734,5.2759,1.9947,1.6492,4.4055,2.5352,-4.5225,2.408,0.041757,5.5378,-1.3964,6.5504,-0.89634,1.8273,5.1452,6.4043,8.9036,-4.49,4.3263,1.2095,1.1067,0.89472,-2.8869,2.8332,-2.6092,-2.8742,6.3016,1.7246,-1.0475,1.5348,4.0886,4.6953,1.5347,3.4067,2.6627,1.0734,2.0211,5.9698,4.0352,-0.070312
7.7778,7.7778,-0.5879,1.5211,0.088067,5.5688,0.33634,4.0964,3.066,4.0768,4.2556,-1.4386,-0.65079,3.5091,4.258,3.506,1.1498,3.4999,7.1121,9.3413,6.2052,4.7168,9.99,-4.9394,-1.1213,3.9774,6.1474,4.7963,7.07,1.5741,-0.44523,2.6194,0.85952,1.7107,5.2999,1.54,2.308,5.508,2.8101,3.9565,4.8832,4.8801,4.5427,1.5321,0.23603,4.3835,3.0447,1.3231,6.7184,5.9006,-0.012336,0.73023
7.7778,8.8889,3.0026,6.1631,7.2424,6.2421,9.4056,7.6354,6.5798,-1.8188,1.8401,6.4965,5.1114,5.496,8.0492,3.0189,2.8188,5.9706,0.30728,6.4492,2.5329,1.1457,3.2506,6.7702,6.1869,1.9417,4.0001,3.9331,5.8927,8.1555,2.1977,5.3302,7.7944,6.0835,-2.0236,5.7956,3.4053,4.2501,5.5708,3.4401,6.9295,3.5929,1.3228,8.5793,6.4835,1.242,-2.7527,1.867,5.6925,3.1827,8.1507,4.7398
7.7778,10,5.356,6.5034,10.283,6.3435,7.8282,7.6668,5.7899,4.0842,10.198,11.077,2.9859,6.4972,5.1787,9.1864,10.094,5.1701,11.037,11.84,4.3069,5.0054,9.5215,7.6491,6.4141,4.6496,6.0905,10.505,3.0938,9.7078,6.8459,4.0335,2.1482,2.3846,4.8671,7.1031,1.2588,6.4165,5.1894,0.70899,1.1191,5.2774,8.3901,6.2728,6.6004,7.7562,3.4687,6.9685,2.0068,4.2976,4.9338,6.1909
8.8889,0,12.544,7.21,11.795,6.8894,4.4718,8.259,8.1182,5.2519,7.4912,11.914,9.1444,11.032,8.1718,5.5788,0.40459,8.1314,8.8169,9.2802,5.9868,5.9595,10.119,6.1114,4.5379,12.067,9.8606,13.709,6.2648,8.4637,3.6788,7.0693,8.6687,7.6913,11.857,8.476,6.0651,2.4748,5.6236,8.7187,9.4539,9.828,5.7001,7.7936,12.325,3.1044,6.2149,12.317,1.6311,15.559,2.0335,7.3187
8.8889,1.1111,5.1328,6.8666,10.499,5.5869,10.236,3.5538,2.0778,10.618,4.7229,3.4062,3.8369,7.2119,3.025,2.8374,9.7476,3.9401,8.1656,6.1367,8.3531,5.2515,2.6956,3.0243,5.6778,5.747,4.6359,5.2509,9.8843,-0.4306,7.2463,6.2491,1.3339,11.996,5.0997,8.5671,5.7375,6.4493,5.1955,0.24316,1.7038,5.4202,2.1632,7.7697,6.026,6.3169,4.9749,4.6632,3.3405,4.6669,8.391,10.405
8.8889,2.2222,3.8837,4.6192,5.4356,0.10155,8.2971,3.475,2.7719,4.556,1.324,3.1883,2.212,3.9147,4.0397,3.6544,4.1572,3.8561,2.596,2.383,11.159,7.1101,5.2758,1.4458,6.7402,7.6147,2.4086,5.7168,0.4559,2.7186,1.2411,3.9929,6.4422,3.4169,-0.83188,-1.5508,-1.2752,4.6121,6.7042,-0.11237,0.77341,9.6765,7.2906,3.487,6.1013,3.5304,5.1563,6.3718,5.3335,0.76578,1.6402,6.4049
8.8889,3.3333,2.1552,6.016,7.1628,3.9146,4.4696,-0.56714,5.8469,2.3876,-1.5993,2.7523,5.4372,4.0279,6.9466,5.0495,0.86064,6.3895,5.476,1.5319,4.4902,6.9742,4.7222,3.1219,1.1225,2.9197,3.1951,4.3843,3.4106,0.9,6.0863,-2.52,4.4911,3.4041,-0.23862,2.744,1.4527,2.7333,5.555,2.0016,4.9684,4.1898,2.478,2.8903,11.832,10.6,4.0637,3.8119,4.7644,-2.4873,6.3423,2.9926
8.8889,4.4444,-2.4638,7.6334,2.8906,6.1396,2.1285,4.3162,4.8322,5.2089,1.2968,1.2368,-0.91026,6.3793,2.7362,8.7103,2.7899,2.8844,0.56205,4.615,3.069,-3.5109,0.776,1.6541,1.3848,5.0559,2.3612,0.13356,3.558,-1.5708,2.627,1.3193,5.6723,0.77484,7.631,3.5483,2.6519,-4.0858,2.6071,2.8445,-0.34725,-2.2131,4.2302,1.3615,1.1812,-0.72161,2.3602,2.2946,-0.27394,6.7366,0.88723,0.34179
8.8889,5.5556,3.4332,2.7605,-1.6653,-0.82796,2.3098,8.4828,3.6268,8.7172,3.4773,5.9482,6.7266,6.9361,0.5204,1.891,5.4575,2.3591,3.6119,0.062296,3.8114,2.1096,4.5614,-1.9313,-3.0458,0.34149,3.0511,1.2501,3.2116,6.54,5.8621,3.5196,2.6822,-0.73404,0.35575,-0.55692,4.4852,-1.8978,-1.8605,4.2956,4.7979,5.5257,-0.80678,9.7929,1.5848,-3.1458,0.045621,8.5209,1.5434,2.6502,-0.23324,11.91
8.8889,6.6667,4.8663,4.972,4.157,1.8516,2.8366,6.6071,4.4684,0.78834,4.5512,2.5531,3.8078,2.5492,1.3294,2.3739,4.8181,0.87828,3.0053,10.343,5.638,4.994,3.0719,1.4302,-3.0286,1.5657,5.4491,0.35131,9.3189,-2.2085,0.28811,2.7178,10.386,4.6285,6.1081,4.6041,4.3816,2.4984,0.03307,-0.26688,-1.9472,-1.5847,2.1391,0.40897,5.4388,-2.9218,4.436,8.7262,6.8904,6.5259,11.48,5.8328
8.8889,7.7778,11.74,4.1947,3.3358,1.9042,8.5115,7.3963,6.6982,2.3059,10.024,7.5392,3.3882,2.895,1.678,6.2225,0.7105,6.8658,3.3102,4.8655,3.8467,6.5035,8.5891,2.8615,1.3603,1.4767,8.0248,6.3708,2.3324,5.9382,0.89034,4.7928,7.5464,1.7165,5.7083,6.4885,7.0851,1.5659,4.4713,7.8221,6.6646,12.783,8.1921,7.0471,0.072519,3.3366,-2.8422,6.8388,6.6204,7.0275,4.336,4.5094
8.8889,8.8889,9.3441,8.8506,3.2637,7.8824,9.0879,4.8609,7.9393,2.1485,4.6602,6.3026,6.0948,4.1392,10.826,5.6632,3.3863,6.8878,6.3296,6.7572,10.601,3.9061,6.7247,0.70934,2.0594,5.8787,5.7368,3.6345,6.3421,7.6978,5.1193,7.823,7.8024,8.5431,7.8147,1.6086,-1.3244,2.9053,6.0186,1.9387,3.0914,6.6498,6.7807,7.0527,6.2586,7.9015,9.5138,6.2152,5.3476,0.31031,8.7155,6.7298
8.8889,10,8.2424,5.6499,5.9279,2.2111,7.0454,9.0521,9.537,10.069,9.3965,9.2687,6.4163,7.8956,10.504,9.7787,6.1052,11.725,8.7825,10.627,6.423,14.587,10.432,6.9514,8.7212,9.1425,2.7534,12.899,7.4342,3.8573,9.9111,6.0445,10.393,12.999,14.48,5.7826,10.003,4.2336,6.6249,7.3678,4.9579,7.6663,7.0767,9.6555,8.9829,11.517,10.881,9.3735,3.1111,11.96,7.9204,13.171
10,0,7.4463,10.712,7.6783,9.4759,11.952,17.046,9.6065,12.743,11.185,7.7024,13.9,8.7758,10.985,12.486,12.795,13.396,12.73,8.4093,4.2235,7.5067,9.7295,4.7666,11.098,9.6946,11.722,15.833,11.376,6.8413,3.7092,8.6168,8.6763,17.003,11.011,13.239,9.9117,14.384,13.668,8.6717,7.2398,0.24624,11.792,10.436,10.146,13.19,14.059,14.686,11.039,10.081,10.158,16.296
10,1.1111,9.5758,8.3346,11.112,11.563,6.5274,5.9232,3.5802,8.7684,5.3293,9.1861,6.5666,8.0306,11.61,12.395,7.532,1.5921,5.2796,9.2205,12.973,6.5908,10.592,8.0594,5.0854,10.629,5.3415,8.629,7.2519,6.8324,8.1113,6.5599,11.291,9.6647,6.8406,7.0904,9.3937,5.0613,8.017,5.4382,12.446,8.8025,6.013,11.069,8.9481,7.7309,5.7757,8.7911,9.2779,9.2942,9.0099,3.271
10,2.2222,10.599,6.6633,6.3802,8.126,12.775,4.3531,7.7212,5.4018,3.91,6.084,6.5367,7.692,6.6828,9.8866,7.7908,6.0786,3.5926,8.4585,14.309,5.2366,5.8566,8.322,8.5658,4.4178,9.1382,12.862,-0.20386,7.2126,2.9135,11.119,2.6307,4.2958,10.287,0.91985,1.4796,3.9362,8.4584,-0.122,8.3906,4.7031,5.8451,3.5445,4.116,1.32,14.723,2.3021,4.4993,8.7982,10.158,4.2936
10,3.3333,7.9163,3.9177,3.191,3.2805,11,2.2204,4.6485,8.3439,6.5847,5.6778,6.2341,6.0472,1.768,8.2042,8.23,4.4987,6.1219,4.07,3.3618,6.0171,7.0841,5.1075,3.6726,2.8897,9.5723,9.3043,0.97534,5.2793,4.1819,6.0752,5.201,7.611,3.8235,8.6696,3.8258,8.1526,7.1028,6.4603,6.0312,6.1928,4.3923,5.7439,9.6397,6.4189,10.956,2.5793,9.0738,1.2481,6.4488,5.4874
10,4.4444,1.8291,8.6819,0.8393,1.8042,7.5998,1.703,4.3605,6.9928,5.1805,10.261,6.6496,-0.16277,-2.5722,2.8019,4.4204,5.8975,5.0447,6.9453,9.3105,4.0623,3.9647,7.1654,3.369,1.726,2.9222,5.6807,4.4002,8.9388,9.1169,-0.15461,5.7288,8.2516,4.3022,9.7761,5.6817,4.0399,4.1982,10.283,6.8709,1.1131,9.7745,9.0885,-0.32116,3.4919,10.732,5.9292,4.0834,5.2335,9.0622,4.322
10,5.5556,0.65784,3.0242,9.645,2.0916,3.3899,2.9942,4.6981,6.6391,3.3205,7.1276,6.4257,7.7821,2.1965,6.6764,3.3051,4.8895,2.6726,2.78,5.7011,5.8774,3.7858,5.2998,3.9776,4.5606,6.9845,4.7788,2.8126,2.9906,0.22959,6.5884,1.8913,1.9041,8.4182,2.1363,0.63531,7.4448,4.983,2.4977,2.9984,7.5516,4.694,-2.8061,2.6409,0.82983,5.6394,6.7812,5.9626,3.5918,0.55785,1.1559
10,6.6667,5.7438,5.6029,7.9267,5.0766,5.8376,8.9978,3.4241,2.5932,4.0658,4.9551,3.4179,6.5508,6.9986,4.3836,4.499,3.3982,6.8403,7.1609,3.2882,7.8818,8.7386,4.6167,7.2385,5.7782,6.232,0.27345,4.1836,1.3691,2.0652,7.6687,5.1,5.1017,3.2551,9.56,9.085,2.6638,8.3164,5.0774,11.068,9.5069,1.0974,7.2449,7.0896,3.6675,2.8646,8.4522,3.9082,4.7081,2.6082,3.0309
10,7.7778,5.8141,3.3973,6.7226,2.6352,9.111,4.9127,3.2198,8.3723,3.0175,5.0533,4.7429,8.5788,10.169,4.1974,6.2523,6.5931,9.5359,6.3036,10.367,0.61055,7.7015,15.057,3.5017,2.7534,1.6537,14.927,8.1578,8.5782,6.2155,8.5953,1.8183,1.0391,4.4448,5.7717,5.9252,9.4484,5.1326,9.7101,6.57,7.0165,9.8531,5.3448,9.6348,6.683,6.2439,1.0825,3.317,12.507,9.8814,9.7988
10,8.8889,5.7892,9.5563,5.403,4.3027,8.5138,6.3816,14.059,5.0473,11.523,11.329,5.743,9.3262,1.1232,8.2882,5.092,2.3494,12.664,7.3718,6.1576,2.72,11.451,7.1894,7.7957,10.214,6.1709,9.173,8.8254,6.9524,9.9399,6.4763,9.4988,4.0531,11.937,9.7328,7.7036,7.2449,7.7527,8.3081,12.057,8.2336,8.9741,7.0654,6.0416,9.1128,7.5948,2.996,3.152,3.6186,5.984,4.5391
10,10,4.1732,9.4547,8.6227,7.7395,9.8608,9.0216,11.429,6.4945,12.102,9.7469,6.5743,12.03,4.7358,12.572,9.8335,9.4414,10.261,13.758,9.612,12.467,8.2614,5.7285,11.031,15.24,2.9517,10.077,7.4531,10.531,12.916,8.6559,9.8885,9.4871,15.901,11.93,12.202,8.0553,12.014,9.758,11.201,16.002,6.9787,8.3939,14.111,10.876,8.4859,5.7879,7.4904,13.121,18.496,12.323
