0,0,-3.6897,7.9779,-7.4674,-6.2333,3.5297,-4.3475,6.5675,3.9407,7.5961,0.0028203,-1.4117,-10.391,-8.4658,0.96302,5.0596,-5.3117,0.34913,-6.8704,2.7025,1.2879,-6.3503,-2.2471,-2.1787,-3.6418,3.5949,1.9614,-8.8677,-6.0426,-5.4081,5.2082,-4.6644,3.9016,1.426,5.4887,-4.32,12.465,1.4625,3.7715,-4.5773,-0.092485,13.05,-0.16456,3.1287,-4.3248,1.4124,7.3099,-3.6518,-0.12053,1.6203,7.7205
0,1.1111,-0.038992,6.7358,0.5644,1.1171,-10.576,0.059018,17.48,-2.0839,1.2801,8.7227,-3.9534,-6.9644,-3.4736,7.3745,2.0847,7.76,0.082313,-5.2785,6.6599,-1.113,4.5105,-3.809,-4.185,-8.8472,-1.5111,-3.8419,-5.4559,1.2535,7.7154,0.46327,2.2046,4.0123,-1.4578,-0.61079,4.8609,-1.9217,-7.8675,-12.739,-4.1481,-1.4148,2.246,-7.6185,9.6744,-0.40408,-3.2872,-1.6184,-5.6978,4.5869,-8.7024,12.396
0,2.2222,0.033241,7.2201,-13.594,-4.6806,13.244,-7.1863,2.6954,6.2466,-2.4944,2.177,-8.8235,6.757,-0.28435,-0.8739,0.45347,10.932,1.0267,-8.9182,5.2984,-4.268,1.6689,3.9877,-6.5822,2.0629,4.4714,6.3221,0.38821,8.9771,-2.6314,13.467,0.946,8.4467,1.0983,5.2864,-8.8531,-10.001,4.36,-3.321,-7.9737,-3.0694,12.232,12.813,5.6495,-0.93881,3.0601,-8.0168,-6.2103,1.235,-5.8436,4.8292
0,3.3333,3.3326,2.2151,4.9161,-2.2705,-5.6484,-4.4117,7.4284,-3.1601,-9.2882,-7.906,8.2385,0.5573,-3.4049,8.0871,2.9975,-9.4725,-8.6579,-4.2537,0.035733,-0.56821,-0.13909,0.40347,0.90953,3.5754,5.5718,10.637,-12.495,-0.11932,3.4669,-0.98461,1.2319,9.4387,4.9647,6.119,-6.5865,11.318,1.6763,0.81879,-0.89823,0.18448,3.0122,-1.2052,-4.1142,11.65,-5.7076,-8.8402,0.29762,4.1836,1.5321,6.7182
0,4.4444,2.8059,11.668,8.2394,-2.6053,-4.3586,2.2018,-1.9147,-0.67275,6.2731,5.1522,10.501,-5.9181,-7.3823,1.4206,-11.761,2.5898,12.588,-2.6633,2.4954,1.7161,-3.2976,0.24835,-2.5578,2.4772,3.7844,3.9566,-6.3929,7.878,-1.2833,6.3005,4.6338,3.6908,-3.5442,-6.5882,7.4993,13.875,-2.4064,0.51975,-1.7605,5.5834,10.27,-5.8706,-2.2359,-5.6582,5.7076,2.2802,2.3291,3.1406,9.8788,0.91202
0,5.5556,0.51157,3.0044,1.9873,-3.2467,-2.6618,4.0111,-10.333,1.0484,-17.583,3.5303,-0.33931,7.0448,-2.6227,-6.4269,-4.3137,-6.1992,-5.5406,10.526,3.8675,7.7264,-0.0088555,-7.8036,-4.4073,1.2492,-4.2535,-0.44528,4.4227,-0.33989,-1.5035,2.1542,11.52,-0.84756,2.8793,-3.8939,-4.2375,-2.0869,0.53308,1.8225,3.5799,-3.8204,9.3473,-9.9788,3.1528,4.6763,7.0273,-2.5525,-0.83543,8.7564,-9.4596,-2.8269
0,6.6667,-6.2808,-9.1228,-4.304,0.74471,-6.5922,-5.509,3.0222,2.965,0.67033,6.84,-2.5181,3.2221,-9.8604,-8.1502,6.5459,6.3346,10.844,-3.0809,-3.2767,4.1697,3.4498,-2.8082,-0.21518,5.5433,-0.24197,7.2641,7.944,3.0313,-12.825,4.0616,-2.3115,-0.55459,8.2202,0.091982,-1.9989,13.266,-2.1368,11.903,-0.73006,6.2604,2.9284,8.2419,9.109,6.09,9.6039,-7.8397,6.4677,6.4553,-0.45218,-6.6694
0,7.7778,0.44689,-1.9434,-5.4409,1.0269,1.5317,-10.725,-1.4809,-7.7066,-6.815,-2.8621,2.0239,-8.4132,-10.333,6.0315,-7.6506,-1.1635,-3.1153,10.197,7.7754,6.8568,9.0762,-9.1276,-1.3042,16.144,1.8803,11.521,12.216,-1.1764,6.0816,2.4011,3.1651,0.7867,-3.1549,5.834,2.3454,4.963,-0.7679,10.464,-1.4697,8.5321,0.25212,8.0743,10.526,-0.55075,-9.0758,-5.5225,-7.5876,5.1143,-6.5292,2.8595
0,8.8889,1.4372,-7.8816,0.94186,-0.39967,-5.6188,-2.5955,2.6484,1.1544,-6.4124,5.1095,0.66436,10.914,-3.5053,3.0134,-2.9067,-11.095,-9.3132,6.834,-13.559,-0.96865,-4.0842,7.824,-3.1811,-2.4016,2.5668,10.641,3.6111,-4.4133,10.127,0.26648,-2.4675,-4.5614,0.65355,4.7648,3.7615,10.292,4.6291,-5.478,-4.8393,-3.6812,-5.464,-10.358,7.0694,1.5607,-3.5353,2.7923,12.747,9.6483,-1.1744,3.6432
0,10,-4.6023,3.1587,-2.8946,-0.78844,10.536,-4.6891,0.86483,-3.5522,0.19254,-4.1289,-2.3094,-6.7048,-2.7966,3.9772,5.0931,-4.4066,-1.035,0.63303,4.6967,-1.6133,6.4898,8.5075,1.3004,-3.3731,2.6096,-2.3545,6.8832,2.2146,-0.07805,10.043,9.1644,-1.2977,3.2684,-5.119,9.044,3.7701,-7.7057,2.7147,6.5609,8.0095,4.1526,2.206,4.5075,-1.8508,-7.9062,-15.905,-3.5595,-4.1462,-0.59468,-0.64627
1.1111,0,-7.8072,2.3752,18.72,-8.9806,-1.1797,3.5528,-7.568,5.9643,0.85019,-2.1649,0.6726,-4.1892,-8.7479,-9.4187,-5.3652,3.7324,-5.5624,-7.7463,-3.1235,1.4658,4.1033,0.22254,-11.594,6.4252,-8.9237,-0.67888,1.9742,-9.7334,13.57,6.6754,-6.8666,-0.85033,4.416,4.1509,-3.6927,1.6288,5.5786,-4.7832,-0.14671,2.5373,-5.6815,-3.655,-11.252,-6.4455,1.1291,7.7096,0.73498,3.6329,2.2942,1.3797
1.1111,1.1111,5.8767,1.2922,3.0413,4.3143,1.8931,5.1725,1.4832,5.1195,11.078,-0.63255,2.3888,-8.8499,2.4477,-1.6351,1.2131,-0.40108,-5.3184,6.8749,1.5425,12.827,2.2268,-6.8879,-3.2773,0.011127,2.1541,0.80105,3.3991,3.2086,-4.0328,-8.2,-7.17,-5.9764,2.8167,-4.7165,2.8716,-17.764,-5.3103,0.21788,5.9677,-6.4685,-5.1764,-2.5304,1.6269,2.2488,-2.7258,2.6823,13.938,-1.2712,6.5859,5.1876
1.1111,2.2222,6.02,-9.2955,-0.44119,1.5161,-5.8206,-0.98713,2.7092,-12.664,11.908,3.3779,6.4086,4.4568,-0.83568,5.8579,5.2036,4.5152,-4.7151,-0.25109,4.0458,-6.0565,-12.293,-1.6742,-10.194,-8.9812,-3.6552,2.0915,5.155,13.647,0.27464,0.73879,5.6784,-5.3621,-0.91671,-1.1136,5.2496,-0.68341,10.25,-12.286,-0.29799,3.1502,1.3833,10.71,3.3764,2.4522,-2.085,4.2244,-4.8772,2.7456,3.661,-3.9662
1.1111,3.3333,-7.0787,-1.7039,-1.9481,2.6074,-1.5521,-7.6718,-1.9226,-5.3126,5.6871,-11.757,-4.5903,-8.3466,-0.9904,-2.3893,12.07,4.9393,1.5682,-8.9161,-10.638,-4.3485,4.1169,-5.9741,3.2287,-10.613,5.1796,2.0833,0.43728,-4.7059,2.6898,0.61448,-0.47592,6.2773,2.7032,-2.407,0.40209,2.9526,-5.7645,5.9053,3.2056,6.5553,6.2825,2.3572,9.6066,-6.3348,3.3838,-6.2501,14.477,-3.3551,2.7689,-7.255
1.1111,4.4444,0.28691,-6.6494,-1.6417,-3.8813,-1.6552,-0.90672,3.9618,14.129,0.336,-11.106,0.83121,1.8512,-2.7214,1.2463,-2.9346,-0.45538,-4.3436,1.8549,-5.523,0.067078,1.3405,-0.26497,-0.63569,5.006,0.57566,-6.8829,2.6176,0.085059,3.2485,1.3437,2.9915,-4.7682,-2.1623,6.2575,4.6766,2.5364,-2.8234,-6.026,4.1926,-0.23711,-4.9788,-3.0137,-16.783,3.1104,2.0871,7.5017,9.2015,0.037715,-1.1301,7.5192
1.1111,5.5556,6.649,-2.4773,10.699,0.58219,-6.3594,0.80878,4.3953,7.4863,-2.4889,8.4086,5.7497,1.3182,-5.308,4.258,11.526,13.062,22.356,1.3228,1.5376,-1.6929,-6.4138,1.1207,-4.2202,2.6425,-15.113,4.5661,-9.95,1.9561,2.9011,9.898,-9.3115,0.22233,6.743,-4.2595,-2.9726,-6.889,-5.5424,-5.6475,-2.1981,2.6384,-9.8742,-4.9229,5.4698,1.0332,3.9668,6.6253,11.087,0.96516,0.38151,14.047
1.1111,6.6667,0.38333,1.0629,0.67939,-3.6264,0.23509,0.87943,-11.221,1.2673,2.9242,-0.32872,-4.9197,4.8798,7.5957,2.3638,3.3521,-2.6972,1.5899,-3.6619,6.8751,-1.2502,5.7711,-7.2502,-1.2744,-9.479,-0.48507,6.0791,5.3082,-9.1409,-1.0751,4.4181,-3.8574,6.039,-3.1096,18.21,7.6149,-0.026149,-0.23064,-2.4374,9.0345,-6.7295,-4.4856,5.7624,4.612,-1.1068,2.7949,2.0508,0.49882,6.4793,-5.1957,3.8621
1.1111,7.7778,1.0235,3.1761,-3.7007,-7.1825,2.5241,-0.10713,-1.0534,-8.3375,2.2324,-4.2971,2.2383,10.26,-3.9148,0.3087,1.422,-1.2312,10.278,-7.4378,6.3614,3.8274,-11.972,7.4293,1.9374,-3.4351,-5.6461,5.9575,0.63756,15.534,3.7369,-2.4222,11.197,-3.7048,8.5986,11.388,-10.216,14.534,8.3183,7.6258,2.0821,5.8238,0.14248,1.8158,-1.8765,3.4183,1.5389,-3.2817,4.254,1.7561,0.72603,-7.8946
1.1111,8.8889,3.8263,6.0255,-3.4814,5.4137,-0.17328,-3.8791,-8.5107,-3.3712,-8.8231,0.67648,3.0316,13.173,-9.3081,2.2911,-7.2736,-5.7221,-4.8377,-2.9325,-3.9382,4.1456,2.3563,6.0723,7.1993,-4.9379,-2.5431,3.5439,2.2448,6.468,3.6231,-0.94178,3.2846,-5.3874,-4.4665,10.167,4.9123,-4.7464,-7.9946,-7.9717,8.9706,-1.29,-14.015,8.2736,-11.248,-7.968,2.3431,3.6708,-2.9854,-5.0821,5.9143,5.1926
1.1111,10,6.5365,5.2739,6.7446,-1.3391,4.118,19.305,4.9867,0.95277,1.1817,5.1477,-0.40269,-5.2082,-2.817,-1.0119,-2.2087,4.046,-8.8595,12.074,5.1967,-0.53659,-7.4046,-1.568,-5.3607,4.543,7.2932,2.0885,2.8902,-1.5216,1.8129,6.3187,6.3594,9.2093,-8.4854,0.86284,4.352,0.47871,2.8163,5.8814,13.994,6.9457,-4.4195,9.2709,0.4423,3.3995,3.0861,-2.5581,0.44129,-11.979,4.7296,3.4167
2.2222,0,-7.9421,-2.4266,6.1078,0.58784,-2.2788,1.2315,3.5585,9.8422,1.8042,-0.44919,-0.25264,5.632,-5.8405,-1.9989,1.1032,-1.2042,-7.4929,4.4757,3.5093,0.77204,1.6519,2.4418,3.2888,-4.2319,4.6395,-0.091328,-2.5522,-6.2574,-3.0213,-8.7321,1.6288,11.717,-0.46094,-6.1718,4.0168,5.2645,0.54448,9.0641,-1.7668,2.3731,-2.2538,7.4772,-3.88,7.1129,-4.4185,-5.06,0.005562,0.71931,1.0493,-1.0883
2.2222,1.1111,12.36,3.0732,9.6821,-1.6314,5.1533,3.5407,-2.4025,-2.6619,-10.38,2.0524,1.6833,-10.789,6.4247,-11.271,0.6776,3.5768,9.7608,1.1121,1.9347,-7.1515,2.5129,-4.4599,6.1073,-6.2847,4.9369,-1.0687,2.2362,-2.6979,-4.008,5.0485,-1.5917,-10.911,1.1926,-3.3121,-2.4177,1.3822,-1.8137,4.7524,-5.2799,4.5087,-1.3757,-13.244,10.008,-2.8352,3.7033,-0.058056,14.929,-2.4008,7.0814,11.912
2.2222,2.2222,13.595,8.9965,1.9251,-1.3698,8.7351,1.0853,-5.6224,3.5648,1.5579,-5.9812,-0.5672,9.4175,-11.32,-1.0457,-7.6889,-13.262,9.7694,5.6732,4.3665,1.9685,-5.4559,-5.4146,-2.4181,1.0806,3.3719,7.9,1.1362,3.8361,-3.3392,-0.68329,0.8909,-8.0719,-7.5722,-3.8456,-7.2238,7.0017,-4.6517,-5.2742,1.0338,8.3118,5.4804,2.5326,-4.0466,-2.6382,-3.0542,-3.8784,6.5865,2.7175,13.373,8.5646
2.2222,3.3333,7.6084,0.83172,5.0865,-1.2147,4.5943,9.1378,9.2694,-6.6935,-2.7522,11.933,-14.015,7.9505,0.075476,2.9651,-0.69665,2.317,-15.155,0.49396,-2.4032,-0.95699,2.9851,-11.811,6.9961,6.2954,1.332,-5.6113,3.1967,-10.267,-12.623,-8.0057,0.20331,-3.4978,1.4047,4.5349,-5.3681,2.3575,-5.2377,8.6484,-0.25886,-8.6793,15.088,3.4086,-1.5667,-1.7719,4.3809,-2.5954,7.1929,-2.5709,-7.9678,0.54159
2.2222,4.4444,-5.3631,9.4889,-2.9311,5.7019,7.3909,1.6785,-5.9024,6.3199,-7.2515,5.6463,1.7041,-8.2193,-1.2942,2.9529,6.627,5.7886,7.3389,-1.9402,-1.4412,-2.9766,2.8212,4.4972,2.679,4.3054,4.7859,-3.9675,-2.8648,3.8976,-3.0535,5.8278,1.5813,-3.6292,6.778,5.2577,-6.4075,7.7361,14.129,-7.1776,2.2603,-0.91767,-2.135,8.2101,1.7382,2.922,-1.2728,-7.0367,3.7487,-4.9544,7.9847,4.7819
2.2222,5.5556,-1.7352,-1.7044,2.6983,0.98611,-0.49691,2.7163,-1.1445,-5.1182,0.015658,-8.3973,6.1708,0.49369,8.8234,5.7376,-2.4117,-0.4267,9.1294,-2.2507,-6.0208,11.227,-1.197,-8.4463,-6.0978,-4.4776,-7.2512,7.837,8.4287,-10.048,8.7544,-2.5951,2.3942,4.6006,4.3063,0.2799,3.1547,-4.8108,-6.2187,-6.0472,11.69,8.7897,1.7065,14.17,-6.0737,0.31658,-0.81263,-3.6837,12.234,1.8471,7.993,-4.3285
2.2222,6.6667,1.7154,9.6082,-1.4778,3.2453,4.1128,10.818,7.2492,0.73868,2.3812,7.7634,1.7558,-8.2521,-3.3201,-5.8612,-1.4998,7.2451,5.1208,-0.89518,-2.8633,10.834,5.3826,3.612,0.10875,1.6819,-4.6396,-3.8248,-4.3658,8.9716,-1.7862,4.9367,8.0492,-7.783,4.6627,-4.4405,6.1763,-5.2128,-0.92439,6.0099,-7.5862,-5.577,-1.5157,5.5213,9.6416,1.7941,-0.57769,2.3513,-15.894,-5.1495,-9.8813,-2.0815
2.2222,7.7778,0.88757,-1.1388,2.3,3.7481,-5.5781,-8.4311,-1.6363,1.6742,7.4821,-0.13711,-1.0391,-5.2636,8.6321,4.2195,2.9401,-1.9088,0.97519,-9.5676,-3.4287,-4.1121,-2.5202,-6.2516,1.028,1.9044,-3.5107,-6.5866,-7.661,2.9986,0.53342,-2.6325,-9.4652,-3.8328,2.9371,-9.9658,4.6768,-0.074831,-1.9776,3.9389,8.0322,7.4553,7.1671,-4.5556,-3.4929,1.2734,-2.7587,7.2926,-2.5769,-4.2593,3.0415,3.7299
2.2222,8.8889,-2.1547,2.6393,1.0541,4.2836,-2.7195,0.90722,12.099,0.7952,1.6295,-6.1483,9.2698,1.9318,2.2252,2.4256,9.8104,-13.505,7.9,0.99326,-1.6832,-6.1914,4.3091,11.785,4.8729,-2.7288,9.6431,-2.0187,0.85016,5.725,7.6183,-4.8307,0.76625,4.3082,15.504,-1.8584,-5.2025,8.637,-10.923,-2.0543,2.6351,2.0391,9.3068,12.578,-3.8284,-0.60855,6.9321,4.3124,2.0049,13.52,-5.9935,5.4121
2.2222,10,3.5261,-3.5341,-3.7947,8.5071,-3.2284,-2.6448,-2.0775,-3.8801,16.907,-9.065,4.4407,9.345,-3.3392,9.5041,-3.5947,-0.56616,-0.49874,5.961,1.7195,-6.5388,0.10609,0.67142,-3.6856,5.3245,0.44306,1.9726,12.494,-7.4684,-3.1417,0.63951,5.9853,2.2802,-5.511,17.551,4.7175,4.6291,-1.8696,-1.7492,4.3346,1.1757,0.62416,5.0241,15.445,-11.846,17.289,-0.81765,-8.3554,-1.4568,3.4339,2.2644
3.3333,0,4.9497,-4.2059,0.62901,-9.0001,-1.9217,0.21619,0.58311,-8.4765,5.2014,-2.1293,3.7667,-6.0136,6.2565,9.5237,-7.2041,-1.0302,1.7336,11.23,12,-3.2461,2.7537,-1.7021,0.23823,6.5471,-4.882,9.5178,-10.39,4.5321,1.5992,6.992,7.8774,-5.969,-6.0982,3.0307,2.9297,-0.057501,-7.6035,-3.1967,5.0082,4.9041,2.5051,0.1384,3.8792,-1.2086,-4.4693,-1.8634,-9.1891,2.2157,1.6513,5.1506
3.3333,1.1111,2,-4.0804,-3.0062,8.0164,4.7009,0.56071,-6.388,3.9497,2.8141,3.9803,-14.665,1.823,0.072831,-3.4336,-8.2768,-2.1635,4.487,14.001,-1.8445,-7.6136,-0.50277,7.4321,-3.4611,0.11693,1.4206,6.379,-6.5682,7.4147,-4.9605,1.16,-0.25481,6.6505,4.527,7.9278,-1.7372,-3.7159,-11.966,3.5215,11.032,2.2652,3.2118,2.3777,-1.9928,3.1687,-10.585,9.9355,7.001,3.0454,5.4304,-4.387
3.3333,2.2222,2.8711,-8.6916,6.1747,-10.133,-6.5896,-1.0452,5.4171,3.2169,11.44,7.2483,-2.6656,6.4051,1.3466,10.264,-0.50039,12.619,8.95,1.0361,-0.25616,6.5624,5.0971,3.2427,-4.6502,2.8327,-5.2901,3.2999,14.386,-7.9117,7.3725,4.7508,4.7065,4.2528,0.22234,-8.2594,2.2006,-2.4548,4.1982,-2.8862,3.7603,-1.8589,3.0599,0.22372,13.426,-10.11,-4.3025,-7.8521,4.0287,-2.6128,-3.9951,14.507
3.3333,3.3333,7.0329,-7.1458,3.6635,-4.0503,10.047,5.7032,-2.3364,0.61818,-6.2957,8.8572,2.2254,12.094,4.1689,-4.0471,-1.6223,0.40944,1.3226,-3.0428,4.6566,15.191,1.5189,1.0257,2.7605,-0.43697,-0.047112,-4.157,10.729,2.1837,-2.9394,-1.7952,3.0038,-5.4495,-2.8114,-7.1368,-4.8035,9.303,-3.7737,8.9742,-7.2536,1.0485,0.50816,6.1444,3.2562,1.8836,-0.75804,-2.6334,8.0224,-3.2309,0.38215,5.8238
3.3333,4.4444,-4.8707,0.99919,-2.0531,8.8584,6.5859,-2.8852,-4.792,-8,-5.9067,8.6578,7.2216,9.3253,-4.7181,8.2705,14.277,-11.644,11.837,-0.8947,5.9364,2.7516,3.9035,7.0589,2.0265,-0.61613,6.2586,-9.7737,-1.7747,-2.8434,14.785,-0.59113,8.2076,-2.0103,0.75479,6.4611,3.0743,-7.1589,4.6704,2.4703,-7.7734,-0.41228,2.044,5.9929,6.0349,1.5933,-4.6871,-6.0507,-4.6869,-11.008,3.4849,3.7039
3.3333,5.5556,-0.89534,1.0459,0.58552,-2.5997,12.952,-4.2089,-5.6124,1.952,9.1404,4.8394,-5.8353,4.8621,-10.188,-6.117,-14.59,2.8164,10.473,6.3785,-0.56271,-0.81137,6.3328,-1.9448,6.9185,0.63304,-1.6416,1.2107,-9.6105,-1.1081,-3.9414,-6.2297,11.13,17.727,6.5955,-2.2243,5.0466,-4.4984,4.2448,-0.1836,-4.4741,-6.1786,-1.1788,6.6451,12.287,-0.72001,-13.71,-1.754,-7.1875,9.8467,5.7363,8.7297
3.3333,6.6667,-1.1363,6.0826,7.7518,-0.88293,2.2391,12.383,-0.55632,1.3248,15.076,1.1479,0.099715,6.7562,-2.7591,-9.8161,5.3543,1.0958,11.498,-8.0317,6.2701,10.718,3.5234,2.2381,10.131,12.286,-5.7269,2.902,-0.31339,9.4934,11.751,9.0763,2.1801,-0.93958,-4.2931,-4.0877,-0.46903,-4.8561,8.0879,1.5671,-1.9658,3.527,6.6691,-3.6018,-2.9667,-9.6981,1.0983,14.801,-3.6246,6.6813,-1.1505,-0.85074
3.3333,7.7778,13.902,3.4475,3.7485,-2.4642,4.3241,10.104,1.5482,8.1441,5.0967,-2.139,6.9938,0.54444,-5.3158,-1.5883,1.0781,13.536,-0.78964,-4.0111,1.2017,3.4998,12.564,9.7943,4.8377,5.7498,0.76229,7.2942,-0.58515,2.0179,-3.6098,2.975,-2.3456,2.621,-8.5467,9.2285,3.7982,3.3188,-5.4546,9.0251,7.3256,8.9941,-2.354,4.8398,-4.7384,6.1758,-0.054971,-7.229,-16.165,4.0669,8.8254,-11.038
3.3333,8.8889,10.817,0.24285,-2.099,8.8306,10.794,8.6679,7.2494,3.3651,3.5568,-2.587,5.2402,-2.2776,-6.9353,3.9163,9.3205,-1.4679,-4.6587,2.3538,-5.8763,-3.7379,5.4567,7.315,-2.2763,-2.8743,-0.72818,4.7043,-0.40644,4.007,10.899,6.3023,0.36354,5.7746,-1.6289,-0.524,3.4146,-6.3524,2.2959,8.6477,7.1606,14.8,9.3818,4.0094,-7.0943,13.266,-4.2973,7.8856,3.0726,-3.0858,-8.6352,0.481
3.3333,10,1.6434,0.89296,8.4584,-4.3926,2.4927,17.311,-3.0645,-2.1303,-7.9648,6.3089,-2.8385,-3.4887,-3.0813,1.7488,7.2304,9.5489,2.8778,1.7827,7.5309,0.35723,-13.521,-4.9629,-0.80928,-1.824,-3.9763,7.2724,-7.8107,5.0848,-7.808,-0.50791,-2.4535,4.802,5.8411,5.3968,1.3877,-2.2541,-5.725,-2.2448,6.7344,-2.2237,-0.67187,4.0732,5.4359,12.263,11.162,11.394,-0.66638,7.2522,2.894,0.39217
4.4444,0,-2.3045,-2.7993,-8.2297,-9.2364,-0.014521,12.888,-5.4971,6.6808,5.6588,-8.8889,3.1227,4.5045,10.351,-2.2209,-0.98694,2.59,6.1285,3.0141,-10.634,2.4634,9.3939,-3.7114,0.55811,-7.2042,-7.527,-4.4824,9.8801,3.7683,-3.4701,-6.1841,5.8732,-1.5843,-1.4405,3.7624,8.4384,-0.74768,-2.8457,13.455,1.7379,1.7574,-2.5066,0.54186,11.97,-6.2624,-6.2639,0.63594,2.8311,7.7295,13.179,13.056
4.4444,1.1111,7.1282,-4.811,-10.389,8.9638,-2.8221,-1.5296,3.7565,-12.491,1.0797,-4.5073,5.4732,3.9785,-7.8921,8.8589,17.104,3.4822,-5.8763,-0.78141,-2.5177,4.3605,1.7299,7.0935,-8.8288,2.9872,-9.6668,12.505,1.9688,9.6205,6.1186,-5.5726,7.2407,7.7997,6.4517,-7.2639,9.0257,12.375,9.2636,1.6518,5.089,-11.119,14.131,5.6152,-1.5763,-0.28508,-4.9429,3.4908,-6.3846,10.815,-1.5272,-2.3794
4.4444,2.2222,7.9343,-1.4743,6.6824,-6.4249,-1.2952,6.7004,-1.4314,5.6861,8.6938,3.2747,-8.8174,-13.024,-6.9453,0.87123,7.6805,9.8302,0.75958,-7.3648,5.6842,4.0841,-3.3375,-8.4355,-8.8984,6.2124,3.9081,-1.5745,1.3691,-3.2146,7.3994,7.805,-1.6331,3.5004,-0.7388,10.928,-6.8042,1.2047,1.234,2.6526,-8.4029,0.61377,4.9705,4.9759,-1.8337,-7.004,13.347,6.1528,4.2065,7.5544,-0.40555,0.84691
4.4444,3.3333,10.507,-3.7823,-0.075078,2.8807,6.293,5.1908,7.588,6.7289,12.3,-4.7177,6.6171,2.5302,-5.1152,-7.1643,6.1254,2.9516,-5.864,3.1513,-8.6206,10.927,-2.7939,-3.5703,-10.656,3.5701,9.327,2.9266,9.1544,6.2063,6.0895,-6.8186,1.6995,-6.3709,5.1955,-2.9999,0.69521,-4.6521,7.4038,2.6972,1.3158,18.373,3.753,-2.0242,-3.2424,0.40752,9.8323,-5.5634,2.8242,-0.06731,2.0529,2.8257
4.4444,4.4444,4.1823,0.92723,0.0082754,-0.8091,1.9988,1.6779,1.3547,0.35777,13.098,9.9956,10.516,15.661,-0.036942,1.3146,0.31819,4.3722,6.2151,3.7956,4.9068,1.3908,-6.2975,4.357,7.7225,10.693,-5.4645,-9.5063,13.524,-4.8876,5.2418,16.021,7.6093,-2.6061,-1.5323,13.06,4.7316,-7.7196,0.039803,-7.6737,-9.9495,-0.16364,-3.6497,-1.7159,1.2691,8.8491,0.80391,-0.79058,-5.2212,0.38807,-1.0158,-1.7688
4.4444,5.5556,5.271,-1.9585,7.3005,-2.4207,2.657,9.7134,8.0991,-7.0091,9.6282,4.0304,3.533,10.107,-2.0644,9.8397,-9.8633,2.7496,-3.9361,2.158,10.45,4.5338,-0.3869,5.6059,-8.2016,15.131,3.9878,9.9639,-2.5576,0.25445,12.542,13.243,1.1349,-0.87751,-1.3008,0.2226,-3.5688,-1.6942,-4.1633,7.1808,-8.8266,0.58678,7.5115,0.21121,-1.967,4.4957,6.5111,-0.024927,6.2733,8.0264,-1.7467,10.834
4.4444,6.6667,-3.4238,1.1946,-7.8232,0.44242,-6.3651,8.2251,5.2197,1.0177,8.26,-0.57066,6.7383,2.8311,2.7585,3.5252,-1.6845,3.2225,-10.03,8.1718,-0.3577,7.9023,-2.6136,-7.3212,-0.5309,8.0642,-0.2421,8.0135,11.752,3.0199,7.8611,-7.0395,-0.72066,-0.048361,-0.44544,6.1368,-5.3242,-2.7184,10.734,-15.174,0.25771,3.4514,4.1306,2.521,-6.8447,6.9708,-2.697,-5.123,3.5468,-0.04619,10.283,10.026
4.4444,7.7778,7.0451,-7.0069,1.7071,6.7927,3.1167,8.7052,-1.2893,-10.146,12.325,-10.821,8.2145,-0.60177,1.4045,0.70955,-11.533,9.6688,-8.3375,8.4631,-5.3254,3.602,0.50543,-0.96725,8.8783,4.4075,3.4706,-13.035,6.4456,-7.8794,4.9051,20.015,2.4804,0.64311,-3.6456,5.5968,-11.345,-3.3365,6.3199,9.7815,0.64761,-0.77543,8.3006,-2.8206,5.6253,5.9971,4.5233,-0.41751,3.4208,8.4874,6.5214,12.538
4.4444,8.8889,11.759,3.8716,-1.1376,9.1093,13.391,-4.7151,13.214,-4.6409,1.2921,6.2271,9.3296,16.175,-0.1834,-3.7197,9.2691,-4.1875,-4.2015,8.1894,-4.4965,-10.338,1.0384,4.9779,3.7625,9.8815,5.3411,4.029,9.3292,-1.2946,-1.1385,2.3576,-0.41468,0.85622,5.0232,10.058,3.2335,10.368,0.15311,6.2721,-1.3353,-8.2671,2.9034,12.416,9.6904,0.29837,5.378,2.1738,-2.6831,6.0873,-12.712,11.665
4.4444,10,5.7246,-7.5715,5.0183,11.594,6.7487,5.1123,1.6844,12.265,-15.036,0.87801,4.4486,2.9502,13.923,-2.5935,-0.039172,-4.7106,5.8324,2.8675,2.2956,-7.556,-5.123,4.3424,5.0407,6.1887,9.4936,12.922,11.147,-1.8504,-6.3131,8.2235,-5.7328,0.67194,2.782,-4.4897,13.981,5.8405,6.7249,7.6702,6.0818,7.0439,-5.0267,6.1507,3.0965,1.513,8.5548,4.011,-7.2863,7.9248,4.5223,5.7332
5.5556,0,-6.183,-1.8269,9.1197,6.8091,7.6102,-5.8588,0.24494,1.0125,-1.6374,13.367,-4.6327,8.9587,9.1358,3.1971,-4.4473,-3.4807,1.8996,1.5699,5.4309,10.504,-1.7963,-11.33,7.8874,21.056,10.862,-4.6539,-7.0531,-6.5541,1.4505,10.907,6.6044,10.876,5.6383,8.2601,5.8566,6.8602,6.458,3.3976,-2.7826,5.6306,6.9678,12.907,-13.289,-0.70822,9.5066,0.65665,3.9892,-2.6324,1.0069,5.2354
5.5556,1.1111,-4.053,6.2693,2.9978,7.7686,1.8507,-0.21255,1.0155,0.024938,18.24,2.1954,5.9225,-2.6145,-8.9305,12.62,-1.0817,19.156,8.6877,-2.9831,3.8412,10.544,5.5067,3.7406,2.3525,-14.716,-0.12827,-1.915,6.1611,-9.7511,8.2534,-6.2677,1.0899,12.295,2.0892,8.8864,11.006,-10.767,1.125,6.0374,-2.4732,1.7241,8.9135,-1.1863,-2.937,-0.27336,-3.9242,1.1912,2.764,2.8745,4.1994,3.7189
5.5556,2.2222,-0.4686,19.986,-5.0641,13.719,-8.1788,-0.51938,11.09,6.4235,-4.5678,5.0248,-2.0996,-1.8336,-3.7128,-8.088,-5.6206,1.5761,0.28572,-0.70217,-0.17038,3.6743,4.7968,-0.40799,-3.3372,-3.6937,-4.0012,-7.3617,3.5781,9.7459,-0.76836,-0.8492,5.8108,1.051,10.366,-8.1783,3.1246,7.4867,1.0077,-5.7603,-2.5971,0.92555,-13.281,-4.7086,9.5888,-3.221,6.3679,-3.8483,2.0549,1.9521,-5.431,2.4255
5.5556,3.3333,11.794,-7.2525,-4.3523,-2.3439,-11.797,2.7589,1.8657,7.3528,3.8463,-3.4061,3.7916,-0.66477,4.3301,-7.7036,-10.234,2.1765,7.5304,5.9,-3.2006,-2.2742,4.9712,6.4258,-5.4934,2.9098,-7.1868,-2.972,4.8745,3.0269,-5.6393,7.8574,2.0507,-5.1124,4.6952,-5.3731,14.73,14.815,7.213,2.8992,-7.1765,12.527,0.87698,1.9307,5.1387,11.239,-5.0833,1.0783,4.0751,4.7574,1.8547,1.7851
5.5556,4.4444,-2.6795,-2.2,-0.77168,6.1643,6.4267,-1.5453,8.5386,-0.014503,11.689,6.3034,12.043,6.3726,-9.6733,-0.24933,-8.9219,-7.3718,-1.4213,-4.9701,7.1317,-10.274,2.8554,9.3428,2.9095,19.21,3.6351,-0.40952,-13.692,8.7671,-4.2955,3.4958,-0.53605,-1.5369,-4.3544,8.4339,2.1924,0.83268,3.5316,15.85,3.8536,6.2959,2.9777,6.0561,12.004,8.7835,-1.6673,-2.9015,10.198,5.8265,0.055097,-4.7648
5.5556,5.5556,2.8761,-5.8214,6.7836,7.9399,-3.4909,13.576,3.3197,2.7675,-0.22357,17.453,-3.8752,3.8274,6.4933,-10.134,-3.0456,7.9138,-0.73474,4.2911,9.0977,0.62643,3.3719,8.207,4.91,-1.5256,-5.6484,20.268,6.8715,8.5316,5.6442,-2.8873,2.4609,6.8959,3.093,6.9006,14.459,11.512,1.4582,7.8385,10.053,5.4369,-2.3511,-7.9249,-1.896,-0.43065,0.82626,-2.2303,-13.479,5.2112,-5.8852,-0.81328
5.5556,6.6667,1.1298,2.6675,3.6721,-0.60084,5.152,-4.4087,12.761,5.9051,-8.565,-5.8527,2.3243,-1.4203,0.46033,-1.8201,-2.437,0.056862,-0.03181,1.5592,-3.1964,-5.1865,5.918,7.1158,6.8671,4.3295,8.7246,0.1178,-3.9366,1.6339,4.2952,9.7891,1.641,1.316,2.8746,3.8129,5.8033,3.7208,-2.475,-9.3559,0.35493,5.5037,4.7176,4.4241,-4.939,-11.433,-1.6111,3.7877,-0.79966,1.7778,0.21094,2.7812
5.5556,7.7778,0.8216,1.5533,0.25065,2.7884,7.1458,5.1853,-4.4268,7.5407,3.2919,2.9674,10.342,9.1943,-1.1902,5.6138,3.8164,0.49931,4.1761,4.2702,5.5986,5.3304,-7.5854,0.38416,-3.236,1.9313,2.5754,6.5507,4.991,2.0388,0.028575,-6.5293,6.2365,1.6034,5.814,13.856,-6.2541,-6.4466,2.455,8.2068,7.6835,2.0721,-6.8734,3.2225,-0.57178,3.2033,4.1128,-2.1704,7.1643,0.58063,11.618,9.9757
5.5556,8.8889,0.89838,5.5011,-3.9622,-4.3575,6.2843,7.0986,4.5804,-12.834,8.7574,-2.8525,-0.48268,-5.8087,2.2197,16.037,2.2767,1.9146,8.4668,6.4537,3.3127,-4.3986,4.8949,9.7244,-5.1199,6.2781,1.9061,-0.23486,-0.67832,2.2012,2.0233,10.822,-4.4914,1.9716,-4.2388,9.3793,1.6369,3.7092,12.666,10.166,12.692,2.1352,-0.6469,5.7815,6.2248,9.2478,-1.6245,2.4721,-2.6857,3.4375,0.23183,-0.12634
5.5556,10,5.5911,5.2806,2.7246,8.4129,9.0131,-0.15708,11.343,1.4497,6.5259,6.2002,8.6497,10.407,3.2048,-6.0375,12.767,3.8398,0.59088,-7.6249,-5.7999,3.4728,7.2259,3.2157,-1.867,8.1359,-4.0856,5.7471,2.8102,-12.517,0.69442,10.892,4.3289,8.2279,4.3617,-8.2902,7.2782,5.8008,10.662,-0.12637,-10.169,0.62232,4.5763,8.2705,-1.644,-2.5864,-4.545,-4.7522,8.3114,2.1297,2.932,-3.5817
6.6667,0,11.486,5.5087,4.6829,-0.18238,9.9996,4.9661,5.9392,-4.2265,-4.8561,1.2913,-0.43925,7.6324,15.659,-0.88954,1.7216,2.2215,8.1319,1.6009,3.101,4.7263,13.933,12.324,1.7293,3.1373,4.3334,11.148,9.0502,-8.2172,-9.4619,3.6926,5.1278,3.3158,2.791,-10.222,-3.0318,3.8419,8.4349,2.294,5.724,2.7186,1.7558,3.5089,6.8312,11.845,-0.026595,12.237,9.6419,4.0944,2.9379,4.1093
6.6667,1.1111,1.8801,-1.3331,1.1939,-12.216,1.1459,3.5977,3.9704,9.1566,-0.80171,5.1733,-8.2833,1.6762,-6.3251,-1.4665,-9.5245,6.0195,5.8282,1.2483,3.4428,0.50642,-3.2106,-1.4813,8.3619,-4.2857,3.9286,0.66504,12.221,4.4212,-1.2653,-0.6511,5.1834,1.355,8.5891,0.53021,8.7373,1.9405,-0.80129,1.4238,7.642,1.7201,3.0656,-3.7173,0.61989,14.436,22.129,-3.3034,-2.0134,0.9394,3.8588,1.96
6.6667,2.2222,-0.91122,2.4559,0.08947,9.7947,8.1907,-7.0559,4.9893,6.0769,6.6727,0.16257,11.243,7.4672,9.1521,6.0299,-2.0891,-4.3146,15.915,2.5778,9.8029,-1.4201,7.0417,14.634,-14.229,-1.3478,6.95,6.5145,-1.9932,-2.8944,-6.202,3.1112,0.82678,1.3034,9.1785,6.736,0.50483,14.503,-1.2836,11.441,3.9103,4.3754,3.199,2.1021,3.8763,7.0205,-7.714,-3.906,2.02,3.824,1.7782,3.0697
6.6667,3.3333,4.4867,-2.5875,-5.1538,9.0546,14.332,2.2988,12.892,-2.4587,-5.5607,-0.22865,5.1154,3.2482,0.7504,13.031,0.45177,2.3009,3.1744,9.4178,-6.2172,-0.71775,8.5547,3.9939,8.332,2.6069,6.5208,11.75,2.9007,8.3862,-2.6993,4.9269,11.821,2.6411,-1.7459,-0.60181,-1.2328,13.47,9.7517,4.7669,5.5366,-6.4443,9.736,11.024,2.9492,11.964,2.2273,1.0091,-3.9879,0.70301,-4.6145,10.537
6.6667,4.4444,3.8963,-8.4036,4.4577,0.19563,-14.709,15.516,-6.3734,12.39,14.884,-4.2396,3.7572,-0.50914,2.9185,6.2766,7.1215,1.1733,-6.1321,7.2348,1.261,0.20626,2.4398,-1.205,13.603,-4.5197,9.8326,10.183,8.9596,5.1793,-2.8271,-1.1896,7.0506,7.6348,7.2416,4.4853,5.3314,2.4643,4.6713,-0.66542,11.598,1.7901,-1.1687,-5.6505,17.328,2.0221,4.125,4.6046,1.9042,0.20006,6.0774,12.719
6.6667,5.5556,-0.55375,-5.0156,0.8309,1.2388,-4.2266,-2.7744,4.2746,-1.6067,8.0526,16.377,-8.2796,8.7777,3.859,1.9536,-6.8176,14.426,0.23524,-1.8434,3.8393,3.5611,-0.56069,3.0872,-6.5609,1.825,-0.70662,-0.074531,1.4069,0.93269,0.44994,3.5804,1.4323,-7.2199,9.0339,0.063273,13.354,1.8395,0.10694,-7.6527,8.5442,9.6084,-0.60562,2.0483,6.8925,6.2057,5.8056,6.5946,4.9581,6.2845,5.9125,-0.42913
6.6667,6.6667,6.9103,8.6999,-0.42208,-7.4523,9.8062,-5.1993,6.865,13.894,5.4153,5.86,6.3733,-1.0353,7.7449,9.2528,-0.8221,5.4689,-5.6372,3.7397,6.3847,3.1263,-6.3141,18.674,1.8982,2.1354,9.9108,0.11194,2.3116,3.8556,15.057,-1.0989,-1.2169,-4.2168,-3.1364,3.9556,-1.4629,5.4563,-1.0036,-3.7271,6.8268,-3.651,5.7901,5.0907,0.3336,13.006,1.9477,2.8993,6.4197,3.3947,6.282,-1.6814
6.6667,7.7778,12.231,6.9748,13.285,11.01,0.87227,4.1548,8.1866,2.8862,5.0173,-3.2336,4.9788,12.775,5.5254,8.6589,-2.8076,0.93126,0.89894,-0.53765,6.0013,-3.0099,4.1562,-5.4911,-10.96,-1.0829,7.2272,7.3427,0.68371,3.6308,6.5187,0.78657,8.7215,0.35508,8.7184,6.5217,2.8808,1.3855,8.0977,7.1331,-4.4989,-2.5117,4.8471,-18.932,1.6587,3.6946,6.9167,3.9365,-4.5627,7.1387,0.41509,9.1741
6.6667,8.8889,1.8057,11.385,14.439,7.6102,-2.8393,0.41827,10.998,2.3331,2.1327,1.6394,13.476,-0.41401,9.6722,1.6818,8.7827,5.6623,5.2818,2.5756,7.1868,5.8771,0.38165,6.2628,9.9846,-5.2514,2.6789,8.7684,-3.8728,-7.9181,6.3338,3.6117,4.4684,5.1281,12.529,1.9092,-1.0991,2.9376,-0.93271,0.087791,6.9407,11.122,-2.2747,9.3845,1.8262,-6.9426,1.2026,7.8469,5.7951,5.1298,8.4179,12.716
6.6667,10,-1.1948,0.59515,8.7542,1.8278,6.2065,14.005,-15.246,-1.5872,3.8154,3.69,6.2057,11.506,6.8652,11.243,10.354,-0.74252,9.6399,8.5553,8.6712,-1.6418,8.8907,10.855,-3.3378,-12.174,6.7327,3.9079,4.9895,10.06,-0.9084,-10.809,-1.329,2.3211,-0.66602,10.71,2.628,1.5657,-2.9419,4.4901,8.7016,9.2167,5.4706,9.639,-6.1432,-0.64778,-1.7302,-2.6195,-2.2887,9.816,6.7281,4.3315
7.7778,0,-9.6141,0.60984,-5.229,-5.6459,5.1427,1.1606,10.306,2.1453,-6.519,4.6957,7.9733,5.9993,9.6797,6.742,11.842,9.0719,-8.6387,6.6164,4.1954,-2.1735,7.0349,2.1867,8.2441,2.5915,7.7571,4.5885,4.0235,6.1109,8.6078,2.7767,17.242,-3.4757,4.4915,13.863,0.41617,-1.248,9.6305,8.569,10.246,-1.1891,0.18547,3.7097,12.451,-3.0578,8.8796,1.5932,4.3809,4.675,6.9063,8.7484
7.7778,1.1111,8.2635,-0.46584,3.3432,-2.8369,17.907,-5.3211,4.9173,5.2587,12.609,8.6596,-7.4113,-1.0461,2.0006,7.2169,6.2573,8.9799,1.7813,-2.4087,2.3908,-6.4391,-3.0001,5.969,3.4482,11.274,12.028,9.5255,11.89,-0.09265,-4.0383,-2.038,14.647,12.117,14.686,2.32,7.4765,13.063,1.775,2.5952,-2.5489,4.8443,10.643,2.3981,5.5772,0.46967,-7.3945,8.7057,2.3118,-8.6051,9.0212,2.1346
7.7778,2.2222,1.4506,10.155,7.3684,13.31,1.613,6.716,-1.7185,2.8371,8.5938,-1.5523,5.1564,4.3432,0.70078,-3.2571,5.6918,9.5932,-9.7752,-8.7941,11.618,-5.7182,6.451,11.333,5.0756,-1.1779,3.5894,4.4856,9.1856,4.1692,-1.2947,0.69814,11.055,1.7635,8.0627,4.5149,3.4351,4.3923,-0.35484,5.7409,-0.84294,5.5589,8.95,12.78,12.71,4.5644,-5.8786,-3.4634,8.9297,-0.67167,6.2589,-0.78612
7.7778,3.3333,12.623,0.25716,7.929,3.5978,7.3881,1.2839,15.885,10.001,1.1572,7.5471,12.029,16.029,6.2592,3.1685,1.9297,0.91087,6.4511,8.9179,13.4,1.0245,2.0874,5.258,-0.30217,3.4452,-2.3778,-4.9674,7.5754,7.485,-5.6157,8.2316,12.179,10.86,9.4777,5.2357,3.9792,3.5758,-1.6319,7.4372,1.312,-6.5684,-5.9157,4.8958,7.5017,6.4754,5.9072,5.2565,0.45696,7.3468,-4.6208,7.9154
7.7778,4.4444,5.4515,3.1094,10.276,8.9755,-5.7132,-7.8453,6.4381,4.9768,-9.5418,-3.6443,2.077,8.5703,9.6744,4.952,5.1879,2.2308,0.064362,4.2059,4.6915,7.0858,-0.61658,6.0134,9.3966,-1.0949,1.644,13.993,-3.6764,4.6807,-9.6861,12.359,-7.8551,6.632,0.011418,-0.47636,-1.1566,1.8956,2.7537,-1.9591,-8.8767,-2.3702,1.5705,-3.9839,-2.1392,10.666,1,-1.2196,0.22402,8.0225,6.8612,2.1972
7.7778,5.5556,6.5861,5.7279,7.3272,9.7323,0.38189,8.1221,8.5831,-2.1833,1.9216,6.9015,-2.1168,6.5921,2.6807,2.0188,-1.5174,8.6725,4.9475,17.614,9.4616,9.2011,-2.4084,-6.6782,4.2112,5.9636,4.5465,5.8881,-0.97837,7.6278,-11.979,8.2902,12.536,8.7427,0.95377,4.2747,1.8186,6.5012,-9.8929,-4.5816,10.943,0.98206,2.1761,9.4151,9.1654,10.061,2.2975,0.37608,10.272,-2.2044,18.95,9.9828
7.7778,6.6667,4.6984,2.4175,5.4987,0.7987,-1.6621,4.1175,9.7159,-1.9943,4.9272,8.6246,0.44303,-2.9736,5.4646,-0.2815,3.9719,3.4092,4.2173,-7.5398,12.692,1.6481,4.5606,5.2644,5.2015,-6.0651,6.1709,-2.6711,7.421,2.778,2.6865,1.2596,13.539,6.1334,12.278,4.6342,8.8282,4.1824,-7.0966,13.843,4.7854,7.2423,12.124,1.4452,11.696,4.7277,13.172,10.323,7.4161,-1.5209,6.5905,1.2859
7.7778,7.7778,-4.9236,13.541,3.5833,2.0485,12.768,4.71,-4.4933,2.8395,8.6987,2.7795,-0.2505,9.3945,13.78,8.8688,-0.11302,2.2253,11.675,5.4478,-2.2204,10.67,2.4406,3.2276,1.7305,-0.95244,8.1379,11.32,6.846,7.8883,9.8419,-3.6138,14.013,-0.12274,7.9878,6.2782,10.817,6.5258,16.053,8.5735,3.033,9.4241,-0.18187,13.036,5.2248,3.8406,-7.9787,5.6415,-0.24879,7.0166,8.669,3.7471
7.7778,8.8889,10.469,10.27,-5.9785,5.7814,5.4943,-1.3029,-4.2232,5.8906,1.5098,12.45,3.0616,3.4511,9.3362,14.936,15.032,-3.902,3.8838,-3.099,10.535,3.4372,2.4618,7.6029,-0.65827,5.9175,-3.9883,6.3591,2.5407,0.24161,2.1142,-0.41634,20.347,-2.9679,16.468,-2.1453,1.5162,6.3312,4.39,-4.8491,2.8836,7.0355,5.296,1.9409,0.19401,11.087,1.3599,2.0067,-6.1973,7.9026,1.2723,-3.551
7.7778,10,5.2814,3.2825,-0.058005,8.3986,1.9758,9.4303,10.066,7.1845,7.7314,-2.081,24.389,2.6904,0.083182,10.812,18.75,11.42,7.7481,3.0621,11.389,13.2,9.6797,2.9752,2.4189,-7.4376,4.4585,5.7556,3.2995,-0.54606,9.582,5.2955,13.122,3.8501,6.9722,4.1627,3.5856,8.5888,10.29,12.393,7.7929,5.7457,3.8736,9.3637,9.2049,9.9058,-5.2619,-5.182,1.8394,4.9593,1.2224,11.327
8.8889,0,2.0088,9.2247,11.115,-8.3862,-0.37301,5.3012,10.444,4.6433,7.3973,7.0983,18.942,4.6962,4.8323,4.1035,4.1336,7.7282,7.9186,10.738,9.8219,4.6969,-4.3772,-0.68088,7.7968,-1.4256,1.418,-1.1424,17.86,-0.62438,0.13418,14.174,-1.2217,17.226,6.2015,6.4695,18.812,9.2757,-0.362,3.5215,10.275,6.6968,8.915,5.3743,14.477,4.8743,9.8869,9.4153,2.2185,-6.9625,5.7845,2.2401
8.8889,1.1111,8.7635,11.313,11.99,2.0216,9.985,10.334,9.457,3.8751,10.281,-3.5991,0.29031,3.1308,10.129,13.31,3.4508,4.6153,4.6447,10.321,14.85,12.415,-2.2493,5.1174,8.9798,5.7982,2.9101,2.1314,-0.27102,3.3695,9.7479,0.45311,2.9622,6.9953,13.953,6.7006,10.405,1.1414,12.377,15.319,-4.2185,1.3876,11.526,-3.073,7.262,11.015,9.2075,3.1212,1.486,2.1421,1.3824,1.5048
8.8889,2.2222,-4.1524,6.8748,1.6645,6.1264,-4.6835,-0.90727,4.1136,3.7022,8.0564,3.591,4.7725,14.037,-2.0433,1.631,6.506,13.018,12.981,15.04,9.0387,9.7078,0.21943,7.3429,9.3921,13.306,9.0057,10.909,3.8355,8.7966,11.733,14.124,20.254,8.6844,-5.1376,-0.19298,-6.9685,1.4122,-2.7409,0.043003,10.929,7.1464,-1.9319,6.7967,4.1262,9.4369,3.9739,4.6231,2.8251,11.039,5.1042,17.276
8.8889,3.3333,0.45173,0.39549,-0.86418,0.26835,12.757,18.088,9.5116,16.887,3.6064,9.9036,-1.9581,2.6387,6.6575,10.593,10.778,9.3899,7.1782,5.1093,12.506,11.109,9.0982,8.9145,1.2559,7.1311,6.748,12.798,3.9893,9.6721,7.0697,0.94844,-8.7943,5.9365,1.7452,11.833,8.2296,2.6524,-2.4085,-2.0102,3.6258,0.098098,10.062,8.6445,-3.3472,3.8456,18.976,10.077,15.502,7.4147,7.3086,4.9311
8.8889,4.4444,-4.2734,14.147,7.4232,5.4002,7.6488,3.5109,6.8687,8.099,5.5011,13.96,11.228,6.8697,11.416,4.1485,12.061,3.8634,10.634,6.2706,3.1093,7.2152,6.999,5.1236,10.359,6.1372,2.3248,1.2207,6.9606,10.362,12.561,8.0354,-1.0586,2.2394,0.42358,5.9689,4.5003,13.514,11.89,-3.2562,0.71524,6.6374,14.403,8.8654,5.6787,19.061,9.7619,12.805,12.385,12.741,19.352,11.104
8.8889,5.5556,19.018,11.9,7.5607,12.416,5.9733,6.6733,10.765,6.1528,-2.1763,-0.48567,-0.017179,1.6915,-2.9931,6.4563,0.95647,-3.292,4.8499,10.683,3.666,6.1743,0.60635,-4.293,-4.3961,4.9524,8.9515,-1.4401,12.371,10.39,14.441,2.4151,1.4196,3.9945,13.117,12.06,-0.50815,20.046,1.9931,10.794,4.3793,1.4103,12.495,9.4805,4.8446,3.9429,10.824,5.3094,10.811,0.7788,13.828,3.5346
8.8889,6.6667,2.9436,2.3286,9.562,19.315,-1.7358,1.7332,6.0179,6.7388,13.927,8.1287,15.103,18.609,-2.8815,-2.7127,1.9003,12.703,15.588,14.897,4.2167,3.7198,2.0595,6.5144,6.819,10.011,10.816,6.0948,2.4151,-4.1369,14.3,11.625,11.115,13.749,7.881,4.6982,8.4579,5.5996,4.9786,6.6359,1.7899,-2.4401,4.877,5.1644,-5.5176,2.5304,3.9371,7.5692,2.4518,14.264,4.8309,1.6002
8.8889,7.7778,5.4705,-3.6774,12.818,9.1407,-7.5211,-9.0639,13.46,0.96308,-1.9242,5.8351,11.787,13.427,10.979,5.5872,-1.9021,13.982,5.8972,11.839,-1.9582,6.4774,14.995,11.208,-3.0191,8.4136,5.48,4.329,10.898,5.8219,6.9663,4.5557,3.2911,5.3828,15.668,1.6377,9.0158,10.505,5.5467,9.1479,-1.867,14.8,-2.6562,-1.7054,3.1744,5.8086,10.018,2.9043,5.5878,0.29985,17.815,-0.15209
8.8889,8.8889,1.258,-0.15712,9.2871,6.3126,8.2071,22.671,3.3482,-1.8615,1.6527,16.046,15.11,11.705,8.3018,10.742,6.5438,7.5684,1.9839,18.968,1.382,25.205,6.6339,6.005,-0.5106,5.0159,10.209,3.7078,-2.0368,0.14936,8.6782,8.6388,10.947,11.874,3.7022,7.1453,5.7727,10.569,-4.3616,15.786,12.076,11.527,2.0281,8.0224,6.7437,10.299,2.1825,15.798,2.109,9.3491,11.101,16.973
8.8889,10,9.6859,10.303,13.069,12.937,-6.0919,7.1458,-0.75066,4.6205,0.80883,3.3993,4.8686,15.94,-10.6,-0.96613,0.84069,13.536,-3.9901,1.2461,19.333,-6.5357,9.6739,15.122,9.7129,1.4344,-2.8699,19.676,-0.382,3.6818,19.473,5.7433,5.9455,7.3837,4.2375,0.3247,14.232,4.6037,18.704,13.094,6.9271,5.1255,8.7048,1.3761,3.1463,4.5321,4.669,-1.0688,8.4489,0.2003,6.7177,-0.7073
10,0,16.27,15.249,7.7823,-1.8711,8.228,2.2013,10.024,12.318,-1.3891,8.3899,13.074,-1.1155,3.4371,11.553,6.956,9.727,10.842,10.179,11.241,3.1435,-3.9988,6.4444,12.903,12.002,6.8123,9.218,6.0442,10.379,8.6801,8.2895,17.742,7.2377,7.1582,-0.072171,4.4687,4.6409,7.1745,11.159,-6.0811,-4.2377,9.9742,13.841,-1.8083,4.5711,8.9625,10.067,3.9403,-1.7166,12.028,4.1359
10,1.1111,8.5775,3.3249,13.867,9.8802,8.1389,8.3754,0.76735,4.7669,5.2704,0.24104,7.8723,11.387,5.1307,8.4955,7.4838,10.333,6.9268,15.755,-0.2973,11.89,6.9008,-3.0864,12.272,18.763,12.807,0.41623,3.1547,0.55535,13.726,-5.9677,16.161,6.977,7.9746,24.66,13.51,8.7603,17.939,-1.9053,10.348,13.265,10.878,6.5527,22.138,7.8356,5.9922,-0.88174,-1.0707,1.2875,-1.8817,-0.21661
10,2.2222,3.4501,8.2289,7.9923,15.266,8.7604,6.1804,5.6222,9.244,2.8765,22.456,-1.4575,15.326,4.2701,2.1267,21.71,9.3737,2.0151,17.596,8.3838,11.859,7.3221,10.24,-1.6249,16.062,-1.4789,8.5529,10.559,7.6056,8.1581,7.9841,-0.063023,18.98,20.405,4.5671,1.4268,13.487,13.143,17.267,11.885,-1.5129,4.5597,2.653,10.959,9.3732,8.6884,6.0001,2.5038,8.9315,14.112,22.535
10,3.3333,15.268,5.5587,7.7745,7.373,8.9767,10.696,12.002,7.7256,15.737,12.121,7.7163,6.1741,23.515,12.511,16.103,5.7833,3.4649,16.394,17.631,6.2988,4.6051,10.012,18.744,9.6265,2.5194,4.5211,11.004,7.5183,14.304,21.178,19.992,11.955,20.123,4.6984,3.2155,12.012,16.83,11.011,19.957,7.5566,-1.4999,5.3313,14.912,14.434,-2.4868,6.6333,1.1963,7.7883,6.8965,-2.1167
10,4.4444,18.489,6.7093,-2.6528,11.304,4.8215,4.0848,3.6633,15.142,9.5054,8.617,7.5531,10.091,8.5786,5.1351,3.2655,8.1355,11.824,5.2243,2.8505,17.184,10.925,14.731,8.3076,10.321,6.8551,-2.8703,5.4327,14.833,6.8532,6.6105,16.122,7.9872,3.5921,12.489,6.8089,15.036,9.3516,15.991,-7.5414,4.0677,11.524,14.785,-2.7909,5.915,9.221,7.6808,14.027,10.471,14.939,5.8731
10,5.5556,11.31,0.45929,3.6786,2.3615,7.9553,5.005,14.672,14.51,3.1557,4.2308,7.9699,8.2334,7.4731,4.585,11.332,12.861,7.2516,1.9542,9.7212,13.287,14.754,3.2022,19.265,-0.38322,14.54,12.922,-4.028,10.861,21.868,13.263,14.863,20.306,14.448,14.168,14.881,12.004,16.051,4.4399,9.6662,0.36861,9.1756,7.0253,10.223,7.0924,3.9637,-2.397,-5.131,12.197,22.601,8.8226
10,6.6667,-1.5746,8.8119,15.329,6.1243,7.5503,5.1257,5.2305,18.63,14.115,10.267,10.66,20.575,13.776,4.1065,15.23,-1.6358,12.313,11.173,7.7505,13.861,8.2321,6.7802,7.4803,9.1062,2.1535,11.761,9.3851,5.2401,11.671,6.3379,10.496,5.7307,8.05,-0.2822,11.1,16.804,4.3042,22.16,23.736,11.506,5.1467,9.5051,6.2045,5.0839,7.2889,12.455,9.9036,7.6972,13.304,6.222
10,7.7778,5.0393,5.5604,11.177,12.19,13.816,2.5525,6.9273,8.7969,2.2367,17.303,10.609,4.6511,9.0019,14.338,6.9729,6.6275,10.472,8.9204,2.8789,17.188,5.1954,11.549,12.237,5.0626,13.556,1.4878,2.9865,10.657,7.5406,17.293,9.7048,1.023,17.991,8.1858,7.3123,8.4896,14.042,9.6714,1.0792,0.39793,12.523,7.5021,17.414,10.623,15.52,18.706,15.905,4.302,-7.7677,8.9708
10,8.8889,16.861,8.6125,10.745,3.0583,6.134,3.5363,5.1964,8.7553,10.908,11.869,6.2167,18.806,0.53635,15.234,7.7069,18.938,-3.418,9.6692,8.2434,4.3415,5.6114,6.6409,15.521,12.119,5.3223,13.543,9.6135,-3.9873,3.3621,0.64431,2.3261,10.785,10.399,-2.1891,1.2084,14.129,1.6362,13.256,11.079,5.1951,15.891,8.8834,8.6629,9.2486,8.4975,10.862,7.1756,16.86,10.098,11.492
10,10,12.684,14.744,14.25,2.208,2.3961,8.6261,1.973,8.5053,11.143,7.0111,7.8593,-1.4368,9.9652,18.818,6.4743,11.952,6.2607,4.7179,24.196,11.397,14.61,6.8599,13.643,14.952,4.9901,3.9996,1.2875,7.5087,4.7762,7.4778,17.204,0.5217,3.617,17.799,15.106,7.0772,-0.73296,10.914,13.685,3.5153,7.665,8.4109,3.2821,3.903,8.1059,5.4458,3.5816,5.7417,24.005,6.1464
