-1,-1,3.6238,5.2433,3.961,3.5386,3.627,4.512,3.7996,4.1627,3.6585,4.1652,4.8386,4.4465,4.3231,4.0609,3.82,3.3343,3.3335,4.5857,3.5925,4.4302,4.7792,4.4685,4.1657,3.2678,3.9711,4.6075,4.3202,4.0478,3.3328,4.505,4.8179,3.2126,4.5381,3.5501,4.0107,4.293,3.4192,3.3584,4.1325,2.4514,4.1745,3.9523,3.724,4.2978,3.742,4.0649,4.0515,4.685,3.5543,3.1366
-1,-0.77778,3.1667,4.1036,2.5412,3.7405,3.6424,3.1821,2.5214,3.63,2.1527,4.0532,3.0502,3.1409,2.6393,3.7185,2.9404,2.9159,3.6208,3.0165,3.0945,3.6719,2.4196,3.193,3.2892,2.8614,4.0635,3.7411,3.2034,3.1826,3.7929,3.3133,2.9142,2.2496,2.8348,3.6399,3.9995,3.5824,3.0602,3.898,3.2439,3.3003,2.9781,2.7258,3.9757,3.5385,2.6927,3.1022,3.4785,2.4018,2.7897,2.8224
-1,-0.55556,1.171,2.2726,1.739,1.519,2.7788,2.276,2.6725,1.8729,2.519,2.2332,3.8482,3.813,2.8953,2.4374,2.2719,3.1857,3.4865,2.6512,2.0147,1.8772,1.8733,2.5033,2.5101,1.5275,2.4424,1.8191,2.3387,3.0542,2.4984,2.3141,2.4599,1.9583,3.5224,2.1734,2.4065,2.8014,2.6468,3.06,1.4431,2.815,3.6459,2.603,2.0651,2.7763,2.6662,3.0622,2.0835,2.9651,2.7348,3.1584
-1,-0.33333,2.1257,1.8775,1.8554,2.0059,1.7809,1.6818,1.1028,1.5469,1.944,2.0473,2.7681,1.7774,1.8764,2.1951,2.1632,1.7729,1.4664,2.3126,1.2067,1.7322,1.7622,1.7009,2.0729,1.1863,2.4314,1.3581,1.9366,1.55,1.6882,1.1503,1.433,0.97361,2.0023,2.0906,1.7107,2.5364,1.6355,1.8075,2.1713,2.2949,2.0154,2.4044,2.6311,1.9364,1.6864,1.5488,2.2929,0.91573,1.7093,1.6893
-1,-0.11111,1.1076,1.4518,1.2372,1.7822,0.80907,0.85465,1.1307,0.62148,1.4639,1.3551,1.8831,2.0789,1.6032,1.3279,1.5356,1.6813,1.0309,1.6841,0.77296,0.95409,0.58427,0.70285,0.97532,1.1808,0.93938,0.94787,1.1564,1.4071,1.6584,0.97213,1.8978,2.7645,0.61373,1.398,1.0113,1.2415,1.2251,1.6769,1.4513,1.8862,1.4413,1.9491,0.30377,0.66629,1.0978,1.765,2.0585,-0.076023,0.95388,1.2864
-1,0.11111,1.0124,0.046433,1.1728,0.02798,1.3826,1.1242,0.57765,0.75506,0.9733,0.4995,0.9803,0.51407,0.92073,0.20422,0.10747,0.047431,0.357,1.2284,0.92633,1.8003,0.39386,0.29607,0.21665,-0.024462,1.1854,0.89509,0.46242,0.74742,1.0677,0.035521,0.56585,0.75362,1.8378,1.3759,0.33752,1.7872,1.0288,0.35208,0.99969,1.4819,0.097683,0.57531,0.86169,1.4027,0.86901,1.4992,1.239,1.0216,1.733,1.163
-1,0.33333,1.1527,0.24623,0.56251,0.37636,1.2731,0.040194,1.2774,0.56492,0.59711,0.8023,-0.20119,0.6866,0.90723,0.033673,-0.8226,1.184,0.44181,0.82533,0.56255,1.5387,0.49232,0.50464,0.49013,-0.091471,0.93705,0.98669,1.1135,0.91819,0.33868,0.30277,0.21086,0.26935,-0.034684,0.55317,0.50816,0.71168,0.44819,0.48393,1.2079,0.30574,-0.18411,0.60265,0.91566,0.33775,0.98893,0.41951,-0.34187,1.3396,1.2259,-0.15348
-1,0.55556,0.61559,0.23826,-0.08044,0.37835,0.3915,-0.25018,0.47059,-0.14887,0.33171,0.0050095,-0.036862,-1.013,-0.10388,0.47505,0.12042,0.8133,0.18364,0.048403,0.040356,0.086169,-0.45168,0.12783,-0.094327,1.1351,-0.50298,0.72612,0.42049,0.11236,-0.88766,0.46354,0.32774,-0.12679,-0.19209,0.67612,0.331,-1.1858,0.42539,-0.20866,0.2606,0.39277,0.079206,-0.14462,0.40802,-0.13081,0.40694,0.047721,1.1811,0.39108,0.16599,0.030892
-1,0.77778,-0.18022,0.25017,0.355,-0.73421,0.36561,-0.10715,0.080291,0.68552,0.16162,0.086013,-0.53907,-0.83612,-0.39251,0.59624,0.96013,-0.55033,-0.30482,-0.51235,0.34047,-0.33371,-0.16155,0.083103,0.11047,0.030679,0.45299,1.2432,-0.13982,-0.45751,0.38047,0.34559,-0.18187,0.98839,-0.11425,0.37369,-0.10244,0.17161,-0.48096,0.25306,0.093163,0.50824,0.05305,0.2914,0.19577,-0.29082,-0.99909,0.49892,0.49956,0.29282,0.28088,-0.17689
-1,1,0.17004,0.26334,-0.58533,-0.12085,-0.2527,-0.55371,-0.38649,0.078548,-0.38455,-0.049733,0.36372,0.04727,0.41316,0.95319,0.054916,-0.36905,0.15479,0.93584,-0.19399,-0.67487,-0.69911,-1.3084,-0.08892,-0.69316,-0.029406,-0.15082,0.85767,0.61229,0.93853,0.48566,0.57911,0.50801,-1.0762,0.36279,0.35771,0.66773,-0.31653,0.22015,-0.45251,-0.61517,-0.27886,0.030894,0.57002,-0.2934,-0.63294,-0.12166,0.284,-0.95271,0.394,-0.040155
-0.77778,-1,3.2883,3.5542,3.1464,3.3523,3.2323,2.562,2.8612,3.2269,3.0182,2.9203,3.0063,3.5797,2.7555,3.1698,3.7114,3.2061,2.673,3.269,3.3344,3.887,3.0129,3.5817,2.6367,3.8123,3.2854,2.9255,3.0568,2.8956,3.9394,2.6834,2.0953,2.3507,2.7818,3.7258,3.3657,3.1709,2.4503,2.539,3.6552,3.3356,2.092,3.2389,2.5048,3.0188,3.1775,3.7008,3.4004,3.5324,2.9458,2.692
-0.77778,-0.77778,2.8569,2.6698,3.0752,3.0058,2.8373,3.0626,2.7005,2.3762,2.0703,1.785,3.2101,2.7108,1.607,2.7873,1.299,2.0041,2.1158,3.1906,2.6367,2.5534,1.945,1.8069,2.1852,3.9084,2.2149,3.0051,1.4476,2.7437,1.7909,2.7504,1.9906,3.0406,2.8545,1.8793,2.2515,3.2299,2.35,2.1476,1.6052,2.3652,2.1292,1.5391,2.0343,3.6309,2.527,2.4886,1.8179,2.4402,2.391,2.5526
-0.77778,-0.55556,1.7631,1.8572,0.50976,1.9606,1.844,1.9453,1.1657,1.9814,2.7564,2.2236,1.8621,2.9201,1.9044,2.4754,1.9709,1.7266,1.9271,1.7315,2.0258,1.6136,1.8575,1.357,1.7408,2.3944,1.7918,1.8578,1.7003,1.7856,2.2923,0.97351,2.7541,2.6989,2.4208,2.8666,1.8613,1.0524,0.99114,1.6729,1.82,0.4974,1.7496,2.337,1.504,2.5935,2.3163,1.8295,1.7679,0.93981,1.4782,1.1483
-0.77778,-0.33333,1.3912,0.83649,0.8532,1.7519,1.2952,1.052,1.0503,1.8904,0.99161,1.6285,1.5944,0.49743,1.8602,1.36,1.2054,1.5301,1.1918,1.9966,1.5118,0.89198,1.1917,1.0098,0.50581,1.6159,1.6207,1.0255,0.39683,1.4495,1.334,1.4305,0.88824,1.0377,1.649,1.066,2.2849,1.7493,1.0298,1.1201,1.2781,1.4107,1.9545,0.30952,1.7568,0.87416,1.1265,1.1137,1.3155,1.1234,1.4787,1.6857
-0.77778,-0.11111,1.0846,0.56007,0.30245,0.99761,1.3547,-0.060968,1.4231,1.3825,0.67497,1.5329,0.41258,0.3587,1.0507,0.25461,1.3763,0.9866,0.54969,1.5112,1.1176,0.64992,0.62779,0.49162,0.030531,0.54187,0.18633,1.3202,1.5871,-0.19073,0.34972,0.13272,1.2845,1.3829,0.49111,0.87231,0.69181,0.98577,1.4079,0.92121,0.5514,1.278,0.84043,0.086201,1.0353,0.95013,0.68723,0.40048,0.38566,0.89812,0.44915,1.0596
-0.77778,0.11111,0.69662,-0.23351,0.13689,0.57942,0.21236,0.72303,1.3634,0.33856,0.98483,0.82202,0.52697,0.12196,0.7633,1.4345,0.66527,0.51927,0.19898,0.65941,-0.4468,-0.14457,0.80966,0.27973,-0.44283,0.34916,-0.31122,0.83639,0.39202,0.46397,0.25104,-0.62193,1.2994,-0.14125,-0.34133,0.38464,0.77045,1.1486,0.20338,0.50787,0.72865,-0.40699,0.31892,0.75438,0.74203,0.043891,0.54891,0.77472,1.2416,0.10071,-0.11097,0.68347
-0.77778,0.33333,1.0132,0.57761,1.0763,0.35554,0.60717,1.4234,0.38527,-0.42142,0.39261,0.73296,-0.069302,-0.20179,-0.72566,-0.023653,-0.047417,1.0545,-0.015427,0.78785,-0.16541,-0.35849,0.48665,0.99074,-0.48452,0.27697,0.16056,1.3288,0.45103,0.67698,-0.98048,-0.095992,0.94649,-0.21565,0.38288,0.34237,-0.41,-0.91941,0.43928,0.030521,0.0049329,0.68603,0.19544,0.50542,1.1418,0.024139,0.59764,0.22785,1.044,-0.14083,-0.53806,0.19965
-0.77778,0.55556,0.73208,-0.27719,0.013808,-1.3197,-0.30013,-0.19156,-0.087412,0.19254,0.25023,-0.34917,0.82877,0.35945,-0.5289,0.43177,0.86616,-0.047606,-0.32713,0.10856,1.1509,0.32649,0.24082,0.1559,0.29799,-0.66814,0.66727,0.19687,0.59781,0.64867,-0.26241,0.41601,0.75125,-0.23721,0.29764,1.1013,0.40728,0.92219,-0.40875,-0.061569,0.45885,0.33941,-0.02077,0.66659,0.29232,0.32736,0.4292,-0.12857,-0.17527,0.34602,0.77249,-0.2845
-0.77778,0.77778,0.42068,-0.25889,-0.40428,-0.41241,0.3213,0.8911,-0.58009,-1.0744,-0.35217,0.30746,-1.0483,0.48006,-0.18728,0.48168,0.16767,-0.35303,0.0012171,-0.23054,0.9079,0.21515,-0.07276,-0.62698,0.70673,-0.28544,0.13643,-0.48535,0.44701,-0.24182,-1.0241,0.33523,-0.17791,-0.020725,0.28542,-0.11787,0.54314,0.23297,0.10693,-0.18771,-0.073702,-0.16839,0.39857,0.32497,0.67154,0.11874,-0.78601,0.14714,-0.0029248,0.13466,-0.79426,-0.35731
-0.77778,1,0.14325,-0.38323,-0.43376,0.12318,0.11316,-0.4212,-0.66159,0.025949,-0.26819,-0.4946,1.2934,0.24286,0.071665,-0.4948,-0.68472,0.12789,0.16005,-0.62783,-0.47892,0.28116,0.51455,0.78832,-0.13885,0.038339,-0.14555,-0.17822,0.087574,-0.035586,-0.53693,-0.58901,0.64339,0.69883,-0.013968,-0.30903,-0.65231,-0.11634,-0.15826,0.13694,-0.1761,0.23812,0.45281,-0.0729,-0.20595,0.71778,-0.13523,-1.0288,-0.66394,0.1246,-0.3692,0.49874
-0.55556,-1,2.8069,2.1363,3.2799,2.1589,3.1281,2.7214,2.038,3.3734,2.8607,2.5816,2.7295,2.4356,2.5263,2.4938,2.5024,1.2028,3.0414,2.1896,2.7765,2.4545,2.8539,2.2411,2.8164,2.7236,3.049,1.9366,1.9887,2.341,2.934,2.8076,1.7299,3.4688,2.3087,3.2132,2.4834,2.4222,2.408,1.9452,1.7439,2.1537,3.3557,1.9034,2.0027,2.7694,2.4361,2.6459,2.9106,2.6268,2.4789,3.1189
-0.55556,-0.77778,1.9566,0.99081,1.6261,1.9549,2.2815,1.4343,2.2204,2.0691,1.7634,2.5812,1.8897,1.8939,2.3092,1.3073,1.8462,2.32,1.3885,1.5337,2.0014,2.4729,1.4177,1.4388,1.5092,1.7488,1.3824,1.2389,1.9331,1.5335,1.9164,1.559,1.4595,2.2055,1.7347,2.345,1.7185,2.1594,1.3359,1.5433,2.2019,1.9762,1.722,1.5572,1.2859,1.3813,1.4662,1.9203,0.79404,2.4454,0.86085,1.3011
-0.55556,-0.55556,2.2375,1.3293,1.0658,0.92886,1.8496,1.2138,1.9131,1.1994,0.75072,0.97787,1.4681,1.2833,0.51441,1.1414,1.5543,1.2706,0.57534,0.88082,0.5565,1.6448,1.4142,1.9384,1.3794,0.92844,1.6801,1.1574,2.0624,1.1887,1.0953,1.2305,0.80215,1.6645,1.1903,0.80645,1.0907,0.25479,-0.22835,1.5909,1.2963,1.7049,0.41259,2.5488,0.26039,1.5795,0.79456,0.88458,1.1884,1.8688,0.091218,1.0472
-0.55556,-0.33333,1.1744,1.3988,0.25685,0.20452,1.3397,0.7611,0.95776,1.0422,0.45591,0.75867,1.1629,0.88269,1.0442,0.29341,0.87562,0.91017,0.82033,0.31159,1.1475,0.83452,0.72491,-0.30212,1.0601,1.2404,0.62392,1.0552,1.0334,0.82088,1.2501,0.33713,0.87715,0.16843,0.50773,1.4901,1.1151,0.80234,0.6728,-0.032205,1.7416,0.80821,1.3789,0.53795,0.24791,0.56947,0.99112,0.18968,0.67818,0.50852,1.3137,1.1802
-0.55556,-0.11111,-0.76026,1.0214,0.25489,0.72918,0.61534,-0.51936,0.19492,0.53408,0.31894,1.389,0.67291,-0.21856,0.14058,-0.16215,1.014,0.2914,0.43803,-0.048762,-0.038744,0.64505,0.37987,-0.22959,0.19348,0.66509,0.72988,0.26943,-0.52275,-0.39121,0.70578,-0.22276,0.24933,0.05869,0.092893,0.84608,0.83152,0.60492,0.48999,0.12259,-0.05199,-0.52115,0.81692,0.93413,0.73257,0.48066,1.4345,1.6679,0.45186,0.066133,1.503,-0.33224
-0.55556,0.11111,0.94421,-0.25787,0.58375,0.43683,-0.58318,0.79862,-0.3482,0.043655,0.49935,0.63023,0.25408,0.43053,0.4836,-0.37735,0.00555,0.46821,0.27191,-0.080884,-0.6428,1.2391,0.54607,-0.14128,0.36707,-0.18584,-0.70966,0.28064,0.78233,0.82705,-0.005391,0.61,0.059031,0.35399,-0.10096,0.20267,0.33066,0.090108,0.36441,-0.21229,0.30345,0.87899,0.0020427,0.10734,0.47637,0.4373,0.21868,0.33002,0.41978,0.26796,0.91486,-0.24449
-0.55556,0.33333,0.101,0.35156,0.47469,-0.14526,-0.27199,-0.43917,-0.016409,0.33919,0.26818,-0.53372,0.49657,-0.63778,-0.25674,0.07386,-0.5323,0.22906,-0.16747,0.76347,0.18487,-0.66569,0.48048,-0.25496,1.0179,-0.71531,0.29051,-0.33379,0.24555,0.79754,-0.51804,0.00049476,0.12587,0.043045,-0.085712,-0.32107,0.068283,-0.17982,0.067095,0.29737,0.037205,-0.5132,0.33929,0.73274,0.054507,0.98757,0.71464,-0.013806,0.20215,1.1735,-0.078444,-0.26196
-0.55556,0.55556,0.604,-0.35176,0.21393,-0.55976,-0.63536,0.75242,-0.48088,0.17182,0.18601,0.5017,0.60386,0.54298,0.52938,-0.81808,-0.096418,-0.75741,-0.46935,0.09951,0.75627,-0.062672,0.39155,-0.2943,0.45621,0.49823,-0.030849,0.41874,0.19388,0.51448,-0.25635,-0.784,-0.51419,0.20776,-0.15981,-0.02383,-0.39844,-0.22164,0.39002,0.55568,0.41583,-0.39568,0.76112,-0.32897,0.4245,0.28962,-0.55496,-0.048089,0.17659,0.4545,-0.29567,0.43887
-0.55556,0.77778,0.14504,0.60306,0.65422,0.27653,-0.78972,-0.40655,0.89681,0.48056,-0.2671,-0.22697,0.14575,1.0353,-0.89006,-0.45374,-0.30635,0.56654,0.45716,0.29338,0.86955,0.012612,-0.51944,-0.42081,0.22027,-0.51805,0.13349,-0.047134,-0.51054,-0.69772,-0.29258,0.30351,0.13045,0.077144,-0.31399,-0.19906,-0.54064,0.57913,-0.0043523,-0.40376,-0.10858,0.16334,-0.72276,1.3239,0.039393,0.1185,0.21209,-0.053542,0.92063,-0.28159,-0.68458,1.8863
-0.55556,1,0.45254,-0.14259,-0.13328,0.29609,0.63067,0.85853,0.063405,-0.4409,0.73842,-0.34008,0.055415,0.52587,0.21502,-0.81356,-0.73687,0.25685,-0.099364,0.75761,-0.012879,-0.3255,-0.12325,0.83113,1.3074,0.028017,0.44915,-0.96405,0.23822,0.97161,-0.27704,-0.5468,0.010856,0.20376,0.26078,0.7449,0.43557,0.85861,-0.26887,0.40467,0.84229,-0.17712,0.58651,0.3781,0.68167,-0.013228,0.95736,-0.50757,-0.065025,0.066911,-0.30005,0.86937
-0.33333,-1,1.3651,2.1009,1.2746,2.5898,1.8385,2.2848,1.7427,1.7946,0.69697,2.1135,1.2625,2.4019,1.4115,1.4917,1.6953,1.5886,1.4933,2.2596,1.2741,2.3516,2.6139,2.1257,1.962,1.1258,2.1365,2.0148,1.8371,2.6203,1.6834,0.92288,1.6031,2.7983,1.3123,1.6585,2.1096,2.1257,1.7591,1.5361,2.2333,1.568,1.9614,1.0669,2.2461,2.7392,2.0416,2.1984,1.8725,1.6568,1.8683,2.1566
-0.33333,-0.77778,1.4398,0.85865,-0.10465,1.0645,1.6251,1.6066,1.6263,1.5512,1.6379,2.1389,1.4278,1.3321,0.93587,1.5657,1.0157,1.6623,1.332,1.2469,0.89841,2.2221,2.2181,0.38643,1.3344,1.1024,1.8793,1.9847,1.2477,0.85766,0.4718,1.9642,0.9935,2.2784,1.074,1.7089,1.4775,1.3547,1.5605,1.3369,1.6215,1.1952,0.80671,1.4366,0.31603,1.4114,1.9157,1.0473,0.92861,0.98957,1.5139,1.9068
-0.33333,-0.55556,1.2026,1.6375,0.36665,0.69633,1.0367,-0.15903,0.40275,0.48522,0.98783,1.2412,0.69181,-0.32291,0.34574,0.75331,0.78368,0.21182,0.84414,0.27482,-0.37518,0.65396,0.25771,1.5473,0.71121,0.24411,0.9967,1.2808,1.5908,1.2055,0.52894,0.015742,0.33253,0.7026,1.2452,0.73042,0.5911,0.98182,0.26466,1.3542,0.74639,-0.79071,0.9522,0.90381,1.1232,0.51861,1.2451,0.97617,0.49051,0.73145,1.3386,0.66756
-0.33333,-0.33333,-0.49002,0.82366,0.22461,0.011064,0.095651,1.0508,0.76653,0.55221,0.61306,1.2829,-0.2269,0.81019,0.19978,1.0645,-0.70947,0.15266,1.0079,1.1702,0.82962,0.59369,0.23453,-0.088944,0.43552,0.11673,1.0568,0.076059,0.033322,0.78893,0.37455,0.35284,-0.43411,0.29266,0.15012,0.075194,-0.19739,0.48586,0.77329,0.47379,1.2306,0.085705,1.0513,0.82631,1.5755,0.73453,1.4796,0.7637,0.3686,0.21046,0.75825,-0.12561
-0.33333,-0.11111,0.054474,0.043492,-0.36655,0.24801,1.0789,-0.24815,0.30299,-0.032467,0.29576,-0.066135,0.16748,0.27031,0.18979,0.02943,0.04352,0.0076141,0.2451,0.44215,0.11776,0.50259,0.14957,0.14973,0.54053,0.42722,-0.14213,-0.88866,-0.57447,-0.41728,0.76377,0.52683,-0.55506,0.68487,-0.046331,0.58418,0.85844,0.4893,0.46387,0.20754,-0.15144,-0.6962,0.15288,-1.0606,0.1561,0.19253,0.35715,-0.1575,0.14285,0.27253,0.86171,-1.2676
-0.33333,0.11111,1.3342,-0.060198,-0.31366,0.78845,-0.65756,-0.35525,0.069228,0.10436,0.34475,-0.83916,0.21794,-0.36458,0.26482,0.35289,0.30271,0.071445,0.5827,0.56037,0.13631,-0.10849,-0.21519,0.10675,-0.88066,0.53322,0.059207,0.60032,-0.22437,0.38773,-0.76917,0.90332,-0.32635,-0.058034,-1.2856,0.37723,0.4749,-0.35821,-0.16843,0.060396,0.81679,0.050328,0.5283,-0.29965,-0.77906,-0.7316,0.78313,-0.059509,0.032707,-0.3943,-0.14735,-0.72077
-0.33333,0.33333,0.38988,-0.10143,0.12345,0.03692,0.12656,0.31112,0.34305,-0.74204,-0.33942,-0.34176,-0.094142,0.35881,0.42194,0.15887,-0.99194,-0.74112,-0.16131,0.12477,-0.15244,-0.094317,-0.13304,-0.057818,0.56951,0.19409,-0.87113,-0.40861,-0.35436,-1.2059,-0.21953,0.09509,1.1529,0.28229,0.15912,-0.99668,-0.34902,0.61023,1.0631,0.61266,-1.5883,-0.30109,-0.54561,0.46325,-0.28457,0.17589,0.29446,-0.75653,-0.64219,-0.14754,-0.73798,0.54074
-0.33333,0.55556,-0.20029,-0.32747,0.016197,0.21791,1.3932,-0.15007,-0.20718,-0.21838,0.27638,-0.15705,-0.41729,0.38018,0.34724,0.81876,-0.22516,0.41039,0.52225,-0.04693,-0.016043,0.19435,-0.57132,0.51374,-0.36092,-0.32627,0.30358,0.72591,0.16065,0.39116,0.070217,0.33339,0.0059468,0.48831,-0.41714,-0.25441,-0.25801,-0.269,-0.31955,0.29636,0.65578,0.21691,-0.59825,0.78299,-0.41167,1.3119,-0.11735,0.24049,-0.54839,-0.11422,-0.23548,-0.51339
-0.33333,0.77778,1.0267,-0.49333,1.1985,0.55762,0.37135,0.75155,0.32379,-0.094042,-0.43708,0.22698,1.3794,0.48657,0.51004,0.91363,-0.090357,-0.70803,1.0499,0.0033447,0.033489,0.20118,0.22406,0.22684,-0.69136,0.72761,-0.26202,0.65693,0.021624,0.92631,1.6797,1.3616,0.14163,-0.20915,0.84136,-0.17432,0.3504,0.36999,0.23718,0.43895,0.72323,0.21752,0.34949,-0.20432,-0.34408,-0.19679,0.032612,0.78411,0.4207,0.49847,0.94888,0.20119
-0.33333,1,1.0065,0.025499,-0.0074237,-0.26992,0.8858,1.1565,0.12707,-0.071338,-0.23533,0.237,0.43758,0.19252,0.50689,-0.11812,0.41347,0.25363,1.3005,0.62714,-0.062012,0.69594,-0.24601,0.21567,0.72696,0.29321,0.78147,1.0673,0.28687,0.54149,1.0081,-0.68975,-0.19447,0.71949,0.5777,0.25623,1.1212,1.2418,1.4234,1.1646,1.2866,0.22926,0.16259,0.91088,0.60887,0.76871,0.94394,0.55758,0.48983,0.099406,0.14348,0.68041
-0.11111,-1,1.0655,0.94262,0.65006,0.62601,0.41698,1.1268,0.31961,1.3847,1.7093,2.5051,1.697,1.5597,1.7175,1.3253,0.95804,1.3049,0.9056,1.1931,1.6091,1.2895,1.3489,0.74271,0.6954,1.3938,1.5844,1.3679,0.96078,0.91472,1.5923,1.0888,1.9195,1.026,1.5607,1.5311,1.2918,1.1576,0.83663,0.58611,1.2925,2.3103,1.6166,1.783,1.6197,1.0516,1.6896,1.1141,1.6775,2.1827,1.3515,1.7255
-0.11111,-0.77778,0.7478,1.4313,-0.23673,2.2797,0.33536,0.58132,0.73935,1.1798,0.65162,0.13203,1.2179,0.55678,0.052631,0.58468,0.58879,0.9796,1.2712,0.50996,1.2073,0.81216,-0.26035,1.8328,0.41149,0.73843,0.89503,0.20806,1.0508,0.26634,0.31894,0.49413,0.85845,0.85931,0.90468,1.1381,1.7011,0.21615,0.69869,0.12625,2.2522,-0.2142,0.65752,0.96659,0.1329,0.8131,0.73535,0.93353,1.3257,1.4169,1.0584,0.88843
-0.11111,-0.55556,1.3357,-0.30236,1.1791,0.38535,-0.16616,0.014892,0.93903,0.41657,1.0511,0.73306,0.068165,1.0202,0.17354,0.031449,-0.87269,0.81639,1.3622,0.60797,0.75154,0.73058,0.16887,-0.025707,0.33329,0.82333,1.3643,0.40637,-0.51097,0.58186,0.177,1.1148,1.0023,0.50825,0.087909,1.0077,1.0898,-0.12212,0.47622,0.11748,0.243,1.267,0.19295,0.36771,0.014935,0.037238,0.21491,0.29673,0.22425,1.3101,-0.23595,0.30647
-0.11111,-0.33333,0.079052,0.57646,0.7451,0.95823,0.45474,-0.31888,-0.0078158,-0.29713,-0.76726,-0.10987,0.29828,-0.52218,0.66985,-0.069081,0.35036,-0.0085695,-0.0098715,-0.12063,-0.73938,-0.4366,0.11778,0.21841,0.68173,0.047836,-0.73172,0.29552,-0.032919,-1.1957,-0.22327,-0.79953,0.77697,0.015753,0.14145,0.17702,0.62357,0.1044,0.46994,-0.12266,-0.12944,-1.5642,-0.47196,0.36317,0.88444,-0.14615,-0.53206,0.48815,-0.17927,0.14046,0.59043,0.96529
-0.11111,-0.11111,0.71092,-0.047111,-0.094615,-0.58432,-0.18539,0.31144,0.41121,-0.49734,-0.13726,-0.0090074,0.30453,0.79614,0.71731,1.0361,-0.69492,-0.65327,0.86105,0.49845,0.90615,-0.85949,-0.22569,-0.24876,0.16307,-0.069434,-0.63481,0.24133,-0.091528,-0.11922,0.81573,0.25232,0.58578,0.35451,-0.64834,0.068781,0.40283,0.5539,-0.33483,-0.62483,-0.21597,-0.73993,0.29917,0.42316,-0.93195,0.506,0.10427,0.4478,0.24061,-0.75358,-0.56402,-0.97793
-0.11111,0.11111,0.49693,0.0712,0.54116,-0.57784,-0.47769,0.06468,-0.30206,0.16681,-0.19319,0.41694,-0.71286,-0.49877,-0.20165,-0.15334,-0.33956,-1.4409,-0.066345,-0.4282,0.43449,0.26368,-0.088377,-0.59727,-0.098495,0.39303,-0.016605,-0.6486,-0.77227,-0.0084392,-0.50401,0.27179,-0.1154,0.55571,0.60229,0.27069,-0.58851,0.56578,0.12956,0.48163,-0.23718,-0.19762,-0.97858,-0.40489,-0.67268,0.057216,0.35401,0.067535,-0.86649,-0.31537,-0.24895,1.1398
-0.11111,0.33333,0.37917,0.52566,-0.078471,0.035522,0.11137,-0.44903,-0.2781,-0.41664,-0.17391,-0.41556,-0.040732,-0.54919,-0.42504,-0.085324,1.1422,0.46101,-0.38282,0.60372,0.82837,0.29045,-0.074938,-0.077459,0.1211,-0.68989,0.29084,0.082135,-1.3288,0.48159,-1.03,-0.57644,-0.44313,0.32642,-0.55477,0.18428,0.57772,-0.0087506,-0.48983,0.32212,-0.50045,0.59319,0.80367,-0.37115,-0.4011,0.39867,0.27634,0.94453,0.59811,0.25138,0.4403,1.1719
-0.11111,0.55556,0.1143,-0.23763,-0.20541,0.39029,0.19036,0.18232,0.68356,-0.19244,0.61675,-0.35664,-0.67359,-0.0732,-0.17485,-0.30316,-0.023547,0.44223,0.95563,-0.52884,0.23288,0.065483,-0.021518,0.6358,-0.19385,-0.19958,0.21461,0.29163,0.5802,0.60509,0.14238,0.074597,-0.50014,-0.49565,1.0511,-0.062067,0.25252,-0.12166,-0.21891,-0.1624,0.35009,0.48258,-0.72701,0.1406,0.59636,0.60005,0.28408,0.20958,-0.32121,-0.026718,-1.0714,-0.25529
-0.11111,0.77778,0.85203,0.059438,0.47816,1.5333,0.26294,0.20744,1.1781,0.29677,0.44999,0.025792,-0.27333,0.011432,0.055708,0.43858,0.77291,0.048821,-0.28071,1.0102,0.67682,0.34841,0.7034,0.38553,1.0117,0.85268,0.9326,0.93635,0.39204,0.1756,1.6541,0.46886,0.75437,0.16441,0.29361,0.35153,0.47607,0.30162,0.14763,-0.059227,0.043349,0.18456,0.51685,1.3973,0.77038,-0.36649,0.95044,0.2343,0.43875,0.626,0.43324,-0.39593
-0.11111,1,1.1207,0.63084,1.6203,0.59993,0.83503,0.36107,0.97715,0.60981,0.50409,1.2587,1.5604,1.3171,0.33452,1.0851,0.22974,0.88434,-0.082706,0.57011,1.5637,1.1424,1.1497,1.1263,0.67642,-0.10013,0.78414,0.74475,0.66706,0.5933,0.76956,0.66145,0.78719,0.67008,0.95026,0.82488,1.6464,-0.31108,0.95166,1.2304,0.48658,0.98925,0.20779,1.0301,0.50934,0.62758,0.66794,1.0506,0.83149,0.36609,0.41689,0.55209
0.11111,-1,0.45804,0.43496,0.76905,1.4041,1.0272,1.1042,0.38048,0.11537,1.0144,0.73053,0.6597,0.078149,0.99334,0.5837,1.111,2.0753,0.37086,0.60608,0.46355,0.094044,0.38533,0.76814,0.51489,1.1844,-0.071147,0.73769,1.6982,1.2551,0.45431,0.56659,0.72985,0.22375,0.81442,0.81363,0.52716,0.83527,1.0767,1.0966,0.68641,1.7687,0.62496,0.92985,0.29672,0.54299,0.35797,1.026,1.2618,0.48675,-0.018984,1.1983
0.11111,-0.77778,1.476,0.96608,0.83753,0.5343,0.75899,0.54209,0.43816,0.56185,0.65712,-0.12118,0.83874,0.68235,-0.0039309,0.23231,0.56992,0.86989,0.10854,1.0072,0.33932,0.021462,0.7705,0.25609,0.4548,1.4638,0.55849,-0.21093,0.75934,-0.13954,0.76579,0.24635,0.31255,-0.11446,0.64482,0.077808,0.11362,0.015583,0.59068,0.80877,0.74784,0.65108,0.54297,0.069078,0.70863,-0.4109,0.1967,0.20348,0.74327,0.54358,0.064222,0.45155
0.11111,-0.55556,0.3926,0.58882,0.2083,0.55518,0.42279,0.25272,-0.59846,0.34413,0.77944,0.17493,0.45697,-0.34001,-0.11257,-0.4262,-0.056234,0.18899,0.6355,-0.60283,0.34055,-0.49252,-0.75646,0.4477,-0.46229,0.43753,0.29841,0.31765,-0.53229,0.5624,0.71609,-0.55719,0.52021,-0.78273,0.80934,0.5168,-0.19027,0.55789,0.34086,0.6463,-0.11453,-0.17255,-0.19039,0.60719,1.4984,-0.47402,1.2493,-0.29379,0.33207,0.23084,0.95051,0.49369
0.11111,-0.33333,0.23489,-0.01189,0.50169,-0.099836,0.32898,-0.88178,1.2071,-1.1343,0.35551,0.031777,-0.088312,-0.089352,0.68448,-0.34396,-0.021729,-0.21872,-0.63878,-0.099397,0.35075,-0.72088,0.89876,-0.096332,0.73142,-0.15508,0.41178,0.32614,0.29875,0.40913,-0.34243,0.14827,-0.63507,0.029149,0.92201,-1.1868,-0.37799,0.16989,-0.39408,0.13093,0.92971,0.20131,0.081668,0.087061,-0.10743,0.85902,-0.23759,0.74334,-0.10665,-0.56575,-0.13165,0.16735
0.11111,-0.11111,0.40719,0.16226,-0.81746,0.43245,-0.12862,0.073212,0.11488,0.043719,-0.60374,-0.039197,0.19922,0.38427,0.091015,-0.34455,-0.6307,-0.51798,-0.88353,-0.50188,0.38919,-0.085235,-0.040892,0.12078,-0.30083,0.34091,-0.17958,-0.0053994,0.58264,-0.83472,-0.046829,-0.48878,-0.65941,-0.34398,-0.58856,0.33434,0.4457,-0.48619,-0.52842,0.011324,0.6008,-0.43244,-0.22964,-0.27817,-0.73157,0.23135,0.42064,0.27895,-0.48455,0.10123,0.30311,-0.12754
0.11111,0.11111,0.35835,-0.21781,0.26495,-0.040427,0.41609,0.1965,-0.31843,-0.53728,0.36482,0.1093,0.79022,0.57274,0.55044,-0.0024305,0.53858,-0.12749,-0.58355,-0.23857,-0.46339,-0.42277,0.65461,-0.11056,-0.43876,0.31358,-0.70692,0.32328,-0.34848,-1.3811,-0.21518,-0.26238,-0.22965,-0.18475,0.16725,-0.26009,0.35158,0.19809,-0.028597,0.77687,-0.64552,0.37166,-0.15302,-0.096309,-0.47103,-0.10751,1.0207,0.078817,-0.11505,-0.081139,-0.14187,0.24941
0.11111,0.33333,0.064782,-0.083649,-0.34802,0.78452,-0.41029,0.87833,0.75953,0.21408,-0.54703,-0.73221,-0.026918,0.17709,0.18131,-0.40451,-0.73542,-0.038652,-0.02462,-0.3539,-0.37682,-0.016457,0.22246,-0.36779,-0.4214,-0.15138,0.0069233,0.30968,0.44959,0.78937,0.59232,0.75522,0.51809,0.56255,-0.14573,-0.04446,0.28274,0.99038,0.85614,0.32237,0.45064,0.4548,0.20171,-0.010191,0.70535,-0.028065,-0.32406,0.43529,0.63647,0.894,0.54034,0.80174
0.11111,0.55556,0.03563,0.84701,0.64176,-0.0092988,0.69354,0.5725,0.26467,0.016533,1.2885,0.91883,0.3283,1.159,-0.15293,0.13206,0.41687,0.46893,-0.17653,0.66215,-0.23493,1.1124,0.53441,1.1073,0.83453,-0.34607,0.17966,-0.15627,0.77537,0.54468,-0.55977,0.30313,1.9142,-0.63247,0.42638,-0.039178,0.68416,0.40938,1.0338,0.67239,0.91022,0.67709,-0.32035,0.56611,1.3096,0.14841,0.41939,0.9291,0.64047,0.33575,1.0706,0.17629
0.11111,0.77778,0.33092,0.57246,0.041714,0.039162,1.3073,1.6486,0.59219,0.68692,-0.14145,-0.019477,1.6466,0.022739,0.2924,0.70219,0.21568,0.76531,-0.16858,0.64888,0.81871,1.0023,0.73767,0.93408,0.10129,-0.017681,1.4237,1.8543,0.91413,1.5831,0.78005,0.66633,1.1388,1.065,0.82585,0.99294,0.82876,2.3425,-0.096271,1.0838,0.84201,1.2329,0.3761,1.4373,1.0009,0.27199,0.87844,0.69438,-0.18448,0.7649,1.6909,0.78863
0.11111,1,1.3457,0.98768,1.1472,0.87048,1.0846,0.85477,1.1757,0.20801,1.4715,1.5771,1.405,0.59228,2.2389,1.3887,1.5056,0.71832,0.77173,1.3931,1.4492,1.2398,1.4322,0.64659,1.8922,1.5157,0.4681,1.467,0.9502,1.2729,0.97332,1.3822,1.5999,2.1342,0.72894,1.6986,1.3461,0.090343,0.96322,2.0036,0.90118,1.6901,1.7149,1.3292,1.431,2.1908,0.70507,0.85416,0.98292,1.1635,0.76993,1.2374
0.33333,-1,0.52731,-0.16225,-0.41069,-0.020062,0.3642,0.87605,-0.34931,1.2513,0.53807,0.97114,0.27347,1.4144,-0.063035,0.75304,0.33208,1.1422,0.40987,1.553,-0.30149,0.029719,0.40354,0.9807,0.24144,0.3157,1.2011,0.21769,0.45528,0.86442,0.83693,0.65135,0.052511,0.49291,0.57168,-0.10414,0.73948,0.34955,0.50691,0.59091,0.79565,0.5054,0.021609,1.7222,-0.1084,0.21581,1.0055,0.85184,1.5406,0.61259,0.80639,0.17055
0.33333,-0.77778,0.072268,-0.1099,0.53679,-0.096643,-0.050923,0.58648,0.072322,-0.38661,-0.0053049,-0.33401,0.83022,0.49391,0.37818,-0.018684,0.69475,-0.1548,0.02281,-0.11767,-0.65812,0.47906,0.47149,1.0928,0.13954,0.77891,-0.323,0.3782,0.52176,1.5186,0.3525,-0.65448,0.019663,0.0026035,1.3047,0.42335,-0.18155,-0.16709,0.89513,-0.063319,0.42824,0.24853,-0.073761,-0.44736,-0.18545,0.038254,0.10618,0.14063,0.00037096,1.0301,0.69418,0.50957
0.33333,-0.55556,-0.28523,0.12955,0.22919,0.014047,-0.45983,1.0111,-0.6603,0.23666,-0.47123,-0.78461,0.30601,0.14248,0.49249,0.6689,-0.099028,0.075901,0.37267,-0.6059,0.66108,0.8993,-0.29011,0.75669,0.04914,0.17381,0.87062,0.45673,-0.10616,0.40435,-0.30443,0.46087,-0.24621,0.46499,-0.053381,-0.62546,-0.23059,-0.3501,-0.4851,0.60823,0.30531,0.044689,0.18974,-0.53187,-0.26037,0.049764,-0.23883,0.28986,0.63877,0.98762,0.53867,0.10523
0.33333,-0.33333,0.50782,-0.99891,0.57216,0.36493,1.0738,-0.36762,0.90223,-0.3012,0.11126,-0.55604,-0.67098,-0.8227,-0.63692,-0.48062,0.66494,0.6864,0.11869,0.35963,0.097452,-0.2781,0.77552,-0.23482,-0.068879,-0.076511,0.058982,0.69282,-0.06031,-0.48781,0.4503,0.30194,0.31233,-0.015465,0.31733,0.10573,1.0615,-0.47188,1.1497,-0.31675,0.0048021,-0.43499,-0.017073,-0.14951,0.70416,-0.093369,0.30346,0.77094,-0.23535,0.049718,-0.31115,0.14618
0.33333,-0.11111,-0.41126,0.13277,-0.69648,0.39177,-0.27357,-0.28306,-0.39715,-0.11216,0.087019,0.25575,-0.26482,-0.81337,-0.7064,0.53352,0.54525,0.24919,0.20076,-0.91418,-0.081027,-0.14647,0.11782,-0.0379,-0.14992,0.47793,0.60784,0.2979,0.3564,-0.9207,-0.046302,0.0040377,-0.1561,0.57285,0.26369,-0.71016,1.0923,-0.27512,0.070141,-0.4032,-0.026615,0.59829,0.31138,-0.97031,0.018273,0.46159,0.1295,-0.21148,-0.18077,0.074915,-0.33396,-0.05646
0.33333,0.11111,-0.11169,0.57382,0.52268,-0.0079804,0.15812,0.99575,0.2868,0.15197,0.066665,0.41011,0.90711,-0.28104,-0.006433,0.034854,-0.09204,0.23942,0.92529,-0.35014,0.41319,0.58301,0.54038,0.18754,0.58395,0.67626,6.1911e-05,-0.24228,0.070213,-0.5861,0.3509,1.2896,-0.028483,0.8362,1.0676,0.23471,0.18759,-0.59608,0.21161,0.043562,0.62651,0.5565,0.16943,0.54524,-0.051399,-1.4381,0.31189,0.79608,0.22911,-0.25295,0.068292,0.7883
0.33333,0.33333,0.60649,0.71708,0.094033,0.5367,-0.039691,0.39625,0.49612,0.56249,0.93737,-0.74783,0.68589,0.2384,0.2325,0.9749,0.81408,-0.35415,0.65579,-0.046971,0.13277,0.67716,0.86878,0.96698,0.66333,0.50168,-0.098528,-0.12063,0.70277,1.2884,-0.03273,0.70814,0.25652,0.58144,0.7993,-0.46051,0.21645,0.31141,0.34877,0.29416,1.3177,0.095659,0.57235,0.25299,0.79852,0.31266,-0.64054,0.87485,0.23621,-0.4237,0.2114,0.13402
0.33333,0.55556,0.55217,1.7033,0.33139,0.68372,0.49907,0.014194,0.69338,0.43375,0.64157,1.212,0.6602,0.62096,0.6545,0.20609,0.93817,1.2751,0.87754,-0.53983,0.79224,0.74847,0.66856,0.71245,0.84457,0.09539,0.63819,0.25811,0.78301,0.3516,-0.44139,0.91548,0.33035,-0.067887,0.33818,0.51622,0.55095,-0.10884,1.3597,0.57656,0.15,0.82796,0.31642,0.85416,0.44273,0.73155,1.0737,0.7152,1.1008,1.1202,0.75661,1.7017
0.33333,0.77778,1.5491,-0.11433,1.087,0.52827,1.1548,1.0127,1.7604,0.28829,0.81207,1.1001,0.41604,1.5563,1.4572,1.5179,0.85853,1.3367,0.94828,0.95638,1.1724,1.0831,0.70899,1.3505,1.2937,1.6138,0.73883,1.1196,1.4652,1.6715,1.5225,1.1395,1.0951,-0.21216,1.4248,1.6443,1.2184,2.2893,1.0665,1.896,1.2883,0.33887,1.7582,1.261,0.48838,0.71108,2.0816,1.1924,1.532,1.9291,0.86713,1.4005
0.33333,1,1.8055,1.8231,1.022,1.9826,1.3317,1.2593,1.9179,1.9153,1.5252,2.347,2.16,2.0227,1.3358,1.2641,2.0047,1.9597,2.0962,1.9908,2.3476,1.6914,0.72589,2.5424,1.2323,1.834,1.5283,1.771,1.8859,1.7969,2.0606,0.88516,1.5146,1.7591,2.1217,1.5452,1.9827,2.6796,1.9513,2.6649,1.9325,2.3831,1.1805,1.2243,2.3078,1.2404,0.83442,1.03,2.0423,1.9963,1.3301,1.3817
0.55556,-1,0.98856,0.10836,0.72773,0.63398,0.53136,-0.90867,0.016576,0.67957,0.013867,0.15268,0.088225,0.55547,-0.42158,-0.1031,0.20889,-0.24331,-0.44265,-0.19247,-0.99286,-0.2033,-0.19531,0.86728,-0.83609,-0.82955,0.30513,0.65519,0.35719,0.47376,0.0052751,-0.10892,-0.68873,0.41791,-0.43772,0.11297,-0.30807,1.1323,0.73515,0.1339,-0.51239,-0.21939,0.57414,-0.46464,0.86897,0.75343,0.692,0.69571,0.59964,0.47899,0.67549,-0.34291
0.55556,-0.77778,-0.10116,0.12633,-0.38069,-0.83546,0.45991,0.032202,0.31218,-0.3496,0.086903,0.41669,0.10779,-0.17807,-0.48504,0.58232,0.36506,-0.43984,-0.0049074,-0.15605,-0.37156,0.43639,-0.16275,0.88367,0.10479,0.48828,0.73436,0.81809,-0.043333,-0.25783,-0.10296,-0.26381,0.13713,-0.33759,0.73691,-0.66938,-0.4412,-0.695,-0.023172,-0.6035,-0.057089,0.5485,0.045413,0.44474,-0.5761,1.1561,0.25138,-0.093744,0.78122,1.0187,0.5386,0.51415
0.55556,-0.55556,-0.12946,-0.26248,-0.38058,0.43378,0.022909,0.47209,0.45685,-0.32314,0.19017,-0.40445,-0.27507,0.13846,-0.12354,0.07699,-0.75231,0.24066,-1.0247,-0.731,-0.099851,-0.0025597,0.57291,-0.19812,-0.1878,-0.60997,0.52346,0.80413,0.37639,-0.096532,-1.1286,0.57026,-0.42551,0.20701,0.35149,-0.10097,0.20379,0.71812,0.15364,0.58215,0.064081,-0.062121,-0.21219,-0.15405,0.19646,-0.39804,-0.58481,-0.96391,0.090572,0.81792,-0.91129,0.17837
0.55556,-0.33333,-0.5982,0.08652,-0.099731,0.1249,0.67449,0.58402,0.393,0.49476,0.72634,0.96503,-0.017368,0.99881,-0.30373,-0.30967,0.31585,-0.67634,-0.3214,-0.24911,1.3532,0.051224,-0.0018551,0.57657,0.56167,0.60671,0.52601,0.38164,0.68552,-0.1718,0.78385,0.49893,0.46587,-0.48182,0.072152,0.39413,-0.17819,0.62695,0.50513,0.32684,-0.29153,0.025099,1.4431,-0.22111,-0.2469,0.5018,-0.7182,-1.0371,0.58998,0.5496,-0.37137,-0.86686
0.55556,-0.11111,0.22322,0.18165,1.1136,-0.30639,0.25775,-0.27803,0.19525,-0.16726,0.21849,0.57913,-0.7838,0.32319,1.1117,0.22192,-0.015156,-0.98449,0.25,0.1454,1.4097,0.50317,0.81829,-0.44024,0.15377,0.024672,-0.11759,0.30533,0.41328,0.69544,0.80456,-0.2385,-0.51583,0.19136,0.25217,0.71255,0.85003,-0.073964,0.075172,-0.1147,-0.0097592,-0.071048,-1.2763,0.057299,-0.8788,0.35169,-0.11276,-0.31973,0.37353,0.62514,-0.038826,0.066336
0.55556,0.11111,0.2079,0.58651,-0.07727,0.18745,0.52692,0.2841,1.2734,0.44237,0.38337,0.87769,0.89444,0.7046,-0.49371,0.54202,0.99399,0.18239,1.5502,0.94362,0.27348,-0.081975,0.84427,1.2113,0.30368,0.76267,1.0161,0.68866,-0.014186,1.0555,0.59693,0.47143,-0.083972,0.62961,0.5421,0.86171,0.1179,1.2883,1.3846,0.14454,-0.48524,0.62463,1.1676,0.13001,1.0661,0.94887,-0.04171,-0.38701,0.90709,0.74992,0.39678,0.56285
0.55556,0.33333,1.7929,0.78226,0.49343,0.65106,0.91599,1.0843,0.088041,0.92227,0.55946,0.64526,0.83871,1.821,1.1431,1.7912,0.86932,0.084752,0.14788,0.46527,1.0757,0.88978,0.28179,0.24277,1.326,0.82486,0.95203,0.7349,0.15627,0.79551,-0.13815,0.50471,1.1966,0.43103,0.98446,0.34394,0.34372,0.62004,0.71158,1.181,1.2196,0.52539,1.0472,0.022664,1.1952,-0.04673,1.3868,0.72376,0.43309,0.26677,1.6669,0.64597
0.55556,0.55556,0.81242,1.2979,1.5954,1.5955,0.93804,1.6321,1.2365,1.5355,0.99767,0.84062,0.95803,1.4103,1.2462,1.0668,0.19989,0.44688,1.0783,1.4471,1.6024,1.7658,1.796,0.97239,1.6537,2.0847,0.70337,1.5766,1.3916,1.4008,0.9293,1.2103,1.3222,0.84199,1.2811,1.5751,0.6657,1.1374,1.9257,1.5218,1.073,1.9665,2.1035,1.8192,1.6411,1.222,0.9976,1.968,1.4922,0.84017,1.1424,0.99115
0.55556,0.77778,0.7715,1.5502,2.2507,1.3538,1.217,1.7633,1.785,2.2491,2.6033,1.1519,2.0857,1.7862,1.4184,1.8196,1.5869,1.7201,1.159,2.2267,1.592,2.6464,2.2224,2.669,1.92,1.5995,2.4638,2.6471,1.313,1.8942,1.4368,1.2782,2.2215,2.0474,1.2671,2.1808,1.6712,1.8738,1.9992,2.0359,1.4956,2.0709,1.2356,1.506,2.077,1.2743,2.1013,1.2882,1.8502,1.9054,1.5532,1.5248
0.55556,1,2.0843,2.2748,2.8096,2.5184,1.3889,2.7079,2.3644,2.9452,2.8689,2.134,1.8302,2.7687,2.7981,2.8616,2.5742,2.0512,2.1952,1.6144,3.2242,2.9204,1.456,1.6686,2.1323,3.1192,2.6003,2.9705,3.168,2.8021,3.3173,2.3972,2.4224,2.3144,2.7225,3.1568,2.5265,2.515,1.8905,2.8791,1.9355,2.3224,1.5922,1.7963,2.7434,2.3732,2.647,2.2231,2.3882,2.2783,2.7129,2.1777
0.77778,-1,0.46512,0.47824,-0.15972,0.85168,-0.2919,1.0358,0.062804,0.309,0.20438,0.55163,0.57629,0.84641,0.29932,-0.13573,-0.44828,0.3963,-0.45394,-0.053385,0.7744,0.54991,0.756,0.55686,0.90826,0.2219,-0.60199,0.12414,1.1923,-0.44902,-0.86124,0.12203,-0.395,-0.36607,0.87412,0.19216,-0.3625,0.43612,0.11588,1.2355,-0.11558,-0.87724,0.2025,0.096827,1.9918,-1.304,0.11347,-1.0589,0.33656,1.0148,-0.34016,0.35611
0.77778,-0.77778,-0.52653,0.9561,0.11812,-0.28215,-0.38577,-0.33766,0.038642,0.098716,0.067115,0.48584,-0.66223,-0.14157,0.19977,-0.4606,0.8361,-0.5536,0.269,-0.078859,0.60912,0.35371,-0.22906,-0.10049,0.1702,-0.028478,-0.27515,-0.72279,-0.02074,-0.81935,0.3784,0.62328,-1.083,-0.37306,0.36588,0.41272,0.066305,0.70433,-0.086537,-0.90894,0.092546,0.98361,-1.3741,0.020843,-0.40637,-0.30021,-0.88481,-0.13375,-0.18893,0.14138,-0.25504,-0.062349
0.77778,-0.55556,0.38016,0.42037,0.07132,-0.41416,-0.11367,-0.30101,-0.15174,0.050794,-0.027733,0.97676,0.33411,0.74259,0.32094,-0.39305,-0.072934,-0.21489,-0.26579,0.016959,0.86126,-0.27439,0.34422,-0.3736,0.48824,-0.060706,0.02673,0.085148,0.43598,0.060421,-1.0166,-0.78853,-0.55961,0.34059,0.67225,0.24634,-0.066191,0.89179,0.50795,-0.68018,0.32339,-0.886,-0.71458,-0.63105,-0.14546,-0.55579,-0.076939,1.2232,-0.21333,-0.11267,-0.96875,-0.18669
0.77778,-0.33333,-1.112,-0.066898,0.53972,0.26342,-1.0899,-0.31591,0.47885,0.83637,-0.067658,-0.63583,0.12397,0.68047,0.1602,-0.047442,-0.056745,0.26085,0.44181,0.1947,0.60868,-0.093131,0.38684,0.09022,0.73548,-0.054347,1.04,0.038091,-0.18571,0.3313,0.044628,0.099458,-0.29193,-0.3676,0.53013,-0.24053,0.14887,0.54892,0.31982,-0.067725,-0.028417,0.3115,0.5322,0.57443,0.58025,0.38096,0.94755,0.18763,-0.43808,1.1732,-0.39984,0.79069
0.77778,-0.11111,0.62772,0.51415,-0.30534,0.1611,0.72976,1.2327,0.62814,-0.029213,0.045025,0.8781,0.92155,0.85062,0.3489,-0.0084796,0.6396,0.36591,0.50875,-0.27099,0.53248,0.6289,0.12074,0.47529,0.97985,-0.43767,0.32294,0.2426,0.64956,0.060887,0.41503,1.0825,0.33487,0.28062,-0.047606,0.78899,0.57211,0.20107,-0.10297,0.51955,0.37027,0.55861,0.47933,-0.55459,1.0774,-0.022828,0.70376,0.23213,0.54386,-0.23451,-0.03439,0.71148
0.77778,0.11111,0.87018,1.2948,0.88053,0.86308,0.57931,-0.19985,0.63623,0.4846,0.68461,0.37642,1.2462,1.0733,0.95928,1.1393,0.48719,0.12553,0.96085,1.4083,0.37103,1.3534,0.082151,1.0289,0.88041,0.60032,0.27681,0.79579,0.43895,1.325,0.29311,1.5058,1.8913,0.17977,0.69213,1.1017,0.58242,0.9975,1.1027,0.35685,0.42923,0.74591,0.69468,0.42818,0.91019,1.5746,0.67869,1.2058,0.28642,1.2055,0.1512,0.4538
0.77778,0.33333,1.753,1.2227,1.3878,1.4457,1.4749,0.75325,1.094,1.3378,1.2825,1.0075,1.2762,0.73447,0.88105,1.1509,1.3818,1.0598,1.6755,1.499,0.93774,1.0125,1.254,0.92242,1.447,1.2738,0.95096,1.0681,1.2742,0.59181,0.90305,1.3316,1.448,1.5703,1.0256,0.75143,1.2537,0.58564,1.0997,2.3803,0.3612,1.2101,2.1822,1.0502,1.6043,1.1102,1.6637,0.69514,1.2137,1.19,1.2219,0.70633
0.77778,0.55556,1.4668,1.8824,2.1858,2.6232,2.0751,2.5031,1.5505,1.6135,1.2605,2.016,1.5265,1.8718,2.1649,2.1959,2.2703,1.7873,1.8776,1.6406,1.926,1.0758,2.0091,1.0939,2.3351,0.79844,1.1806,2.0428,2.1133,2.1338,2.002,1.9594,1.5325,1.6075,0.90019,1.9918,2.3086,1.4788,1.8169,1.7348,1.8206,2.0136,1.8534,1.7425,1.5824,1.8462,2.3552,1.3555,1.3515,2.2542,1.4769,1.954
0.77778,0.77778,1.8292,2.3325,2.318,2.2152,1.9068,1.3359,2.2961,2.2224,1.6303,2.5458,2.4834,2.1757,3.439,2.1199,2.4309,2.2876,1.7606,2.5188,2.6034,1.7889,1.8089,2.874,3.1647,1.5894,2.4007,2.1045,1.5668,2.5645,2.1051,3.224,2.5562,2.3166,2.4054,2.43,2.4283,2.8443,2.1141,1.665,2.544,1.9296,2.1963,3.3618,1.1462,2.3454,2.451,2.6742,2.1488,2.2594,3.7597,2.5533
0.77778,1,3.427,3.6725,3.5055,3.1803,2.7973,2.5836,3.6749,2.8572,3.4094,2.7985,3.2065,3.1595,2.7075,3.4341,3.7013,3.4342,3.7776,2.8574,3.7849,4.5294,3.0151,3.0908,3.6238,3.0288,2.5288,2.6209,3.7484,2.6755,2.3801,3.2472,2.9261,3.2612,3.6114,2.8182,3.1077,3.9019,3.4186,4.3893,3.4528,3.9216,3.4703,3.4958,3.2888,3.2562,2.6177,3.188,2.9187,3.4364,3.7924,2.2895
1,-1,0.38458,-0.86632,0.60628,0.17722,-0.32141,-0.32834,-0.44646,-0.20748,0.077118,-0.36347,-0.37112,-0.056652,-0.53992,0.68688,0.41199,0.9345,-0.43053,0.082921,-0.4649,-0.79539,1.2435,-0.46402,0.84992,0.55223,-1.0646,-0.50769,-0.5,-0.34473,-0.28108,1.6818,0.39207,-0.19016,0.60747,-0.76654,1.0141,-0.16694,0.50136,-0.2942,-0.22541,0.32747,-0.09763,0.17022,-0.33543,-0.070606,0.26857,0.38822,-0.18347,-0.0036457,0.023739,0.45724
1,-0.77778,-0.071329,-0.18594,-0.7369,0.66754,-0.18439,-0.010526,-0.082144,0.1538,-0.066573,0.41092,0.31478,0.75748,-0.31734,-0.39269,-0.37907,-1.1449,0.029893,-0.15491,0.011525,-0.00086219,0.51578,0.92201,0.21282,-0.72419,-0.68817,-0.11809,0.19929,-0.29358,0.14949,0.29161,-0.43819,-0.47452,0.24712,0.63437,0.029051,0.080837,-0.099346,-0.1992,0.31576,-0.27611,0.050041,-0.16845,-0.61434,-0.11107,-0.33315,-0.13349,0.2402,-0.22288,-0.011495,0.28657
1,-0.55556,0.19425,0.65938,-0.12921,0.43724,-0.14222,0.35074,0.61318,0.17364,0.55755,0.59059,0.087227,0.21624,1.5524,1.1339,-0.85222,0.1216,0.49243,0.26107,0.051099,0.86731,-0.76089,0.30292,-0.57979,-0.32663,0.58416,0.90973,0.80522,-0.03497,0.39592,0.10518,0.24561,0.69071,0.16295,0.042645,-0.10132,-0.035392,0.06248,0.037692,-0.39815,-0.29997,0.59757,0.00017134,-0.80945,0.20703,0.30068,-0.12931,0.56855,-0.32232,-0.17251,-0.47264
1,-0.33333,0.36177,1.1457,0.71564,0.59048,1.0167,-0.26889,-0.15794,0.81308,0.60526,0.43629,0.94891,0.32901,0.87476,0.064848,0.65174,0.43129,0.42815,-0.1989,0.23311,-0.37362,0.54707,0.717,0.37419,0.53672,0.80398,0.69543,-0.044788,0.35433,-0.34242,0.56214,0.60203,0.54203,0.16395,-0.42781,-0.61486,0.95229,0.35516,0.25409,0.83349,0.90361,-0.50191,0.35635,0.17699,0.69029,-0.65458,0.36029,0.9224,0.20899,-0.92153,0.46248
1,-0.11111,0.37604,1.3411,0.27603,0.68253,0.65334,1.2667,0.87498,0.7045,1.0208,0.39189,1.1631,1.3062,1.1047,0.26258,1.0927,0.31433,1.5293,1.6266,0.41837,0.87165,0.77253,0.70185,1.3213,0.41568,0.94417,1.0386,0.29364,0.67436,1.0934,0.10192,0.87732,0.13998,0.86244,0.36476,1.6245,0.5665,-0.10267,-0.072654,0.82274,0.86816,1.0539,0.78302,0.22616,0.26097,0.64626,0.86186,1.5067,1.385,1.6883,1.1999
1,0.11111,1.4024,0.89719,1.6412,1.517,0.65401,0.22072,0.34361,1.2513,1.4766,0.90785,0.98148,1.5593,0.73486,2.0877,1.5365,0.53842,1.0484,0.86397,1.2258,1.5823,1.0403,0.76372,1.3599,0.77694,1.3592,1.0827,1.4112,1.0906,0.69812,1.5347,1.3699,1.3002,1.2734,1.0718,2.0281,1.3513,1.0682,1.2924,1.3358,1.1303,1.2946,0.79183,1.4369,1.6662,1.3489,0.40707,1.6594,1.6912,0.9702,1.6513
1,0.33333,2.7287,2.7744,2.0955,1.8567,1.0427,1.9719,1.146,1.3564,1.3735,1.3175,2.4455,1.9375,1.5124,1.8147,1.7143,2.4379,2.0676,1.7611,1.4124,1.8135,1.6208,1.6174,2.3193,2.0488,2.0835,1.6439,1.9486,2.5057,1.7019,1.7318,2.1538,1.8185,1.4548,1.89,1.2189,1.7679,1.4095,2.5138,1.7723,1.8577,2.3138,1.7552,2.2765,1.7339,1.2576,0.93271,2.529,1.8768,2.0952,1.7326
1,0.55556,2.3259,2.0346,2.9624,2.1292,2.82,2.5152,1.5149,2.7388,2.302,2.2129,3.0634,2.0674,2.1773,2.8634,2.1854,2.1977,2.0469,3.1415,2.3205,2.5006,2.7368,2.2779,2.0433,2.2427,2.6015,2.7428,2.4958,1.5075,2.5993,1.6554,2.1749,2.7284,2.3382,2.1337,2.4648,3.2502,2.4669,1.5009,1.6035,2.2953,2.4945,1.9593,2.548,2.2119,2.6797,2.03,1.5825,2.4808,2.801,1.9426
1,0.77778,3.0545,3.9604,3.5441,3.6647,3.0163,3.5223,3.1859,3.2876,3.3169,3.6709,2.781,3.7262,3.4346,2.9006,2.8789,2.964,1.7757,3.2203,3.7592,3.4002,3.6386,3.0441,2.5304,2.851,2.6158,2.7093,2.802,3.1205,2.3595,4.3598,3.4501,2.6522,2.697,3.4489,3.0375,2.2941,3.3171,2.5604,3.1549,3.104,3.3496,3.4506,3.0782,3.093,3.7919,3.6559,3.5028,2.9836,2.8555,3.7308
1,1,3.3271,4.1348,3.6559,4.6766,3.3181,4.0067,4.443,3.6493,3.8814,3.7759,4.3996,4.3116,4.3572,3.6757,4.1741,5.1708,3.6461,3.838,3.8921,3.5965,3.6593,3.6578,3.9094,3.94,3.2881,3.65,3.7711,4.1975,4.6322,4.8583,3.2194,4.1161,3.9498,3.8733,3.1971,4.0477,3.7625,3.1328,4.0523,4.6594,5.2455,3.3288,4.1247,4.4908,4.6542,4.3914,3.1692,4.2825,4.5155,4.0216
