0,0,2.0221,7.1265,10.27,5.9538,8.8968,5.8058,-0.68833,1.6435,2.102,4.4345,8.8118,4.952,3.8506,10.467,2.333,-0.1373,8.8641,5.0574,9.3213,6.3967,4.5227,11.742,7.2163,0.89661,7.3556,9.5457,7.0451,2.7573,2.4989,5.3395,4.0503,7.9185,4.1081,2.649,5.0646,4.2164,6.5527,7.0889,6.2427,3.0567,4.4279,6.1966,4.2614,4.9568,5.1552,7.7204,5.6478,10.36,8.5747,8.1299
0,1.1111,-2.7909,8.0574,7.503,5.5602,7.6576,-0.21766,2.0215,3.5979,-1.3506,14.096,6.7789,0.21605,-3.1363,4.0659,0.22718,2.2723,1.3378,5.8416,-1.0601,8.1985,5.7896,2.9921,1.0845,6.7277,5.2795,3.1306,9.4525,2.0095,3.9503,4.2468,2.6889,0.60845,-4.2651,1.9415,6.3139,0.042581,1.5526,-0.43231,-0.78627,-0.29422,1.3099,2.9428,0.44553,4.1651,1.1549,6.2234,2.8129,3.2496,4.8402,2.4147
0,2.2222,0.62177,1.9468,-1.311,1.9335,1.9761,2.1289,2.0942,0.854,1.7436,-0.1401,5.6484,5.3952,4.5677,4.5288,3.4013,3.2551,1.1813,0.56169,0.02284,1.8551,-3.2118,4.766,4.2284,-1.2807,3.1105,1.4847,5.8623,-0.36136,4.7692,5.4917,0.16802,-0.39152,-0.13134,0.70165,2.9925,-0.43096,5.8299,-2.2572,0.29224,3.5326,4.6471,2.7296,1.3307,-0.16043,1.2372,2.7344,2.3725,-0.10055,1.0891,5.0823
0,3.3333,2.4393,-2.9197,-2.0122,2.5264,7.2665,2.2672,3.452,-1.7885,-2.0585,-4.1689,-1.3277,0.3721,3.2705,9.7237,6.0895,8.8071,4.5206,4.0347,5.2372,-3.9449,-0.74604,3.0576,-1.162,3.6846,-0.084006,5.3032,-3.1096,0.36488,0.3698,9.1539,3.0222,3.8825,4.5029,1.6952,6.4354,1.2243,-0.44607,2.0548,5.7578,5.1035,-2.0213,-2.3134,0.21899,2.8838,0.72694,-1.7152,-1.5582,4.2936,0.97185,-0.84282
0,4.4444,0.14963,4.5674,0.36264,3.9023,4.3742,-1.2237,-0.017118,4.9059,5.8781,2.3594,0.94034,0.64677,8.5587,3.7446,3.4388,3.8248,4.113,-1.3587,2.7922,-3.126,0.046614,1.7299,1.4068,1.818,-2.1183,2.4885,2.4182,6.2149,5.4908,2.5509,3.7856,3.5728,3.9664,0.58928,2.4458,-2.4849,3.443,5.6984,0.1432,0.32087,0.75943,3.7759,2.7388,1.3816,5.2271,3.2536,4.9172,-1.0459,-4.7468,1.4404
0,5.5556,5.8029,0.91361,3.3045,6.0114,-1.1858,2.506,8.6847,2.0484,2.7909,-4.0583,6.6584,-0.31193,0.31727,-2.739,5.3196,3.0265,3.7868,7.1885,1.1094,-2.5749,1.637,4.4289,1.3414,-0.68129,-3.0803,-1.5774,-2.01,-1.1276,-2.9567,2.0162,1.1676,0.90692,-0.028811,0.46942,0.77795,5.9755,1.7262,8.5644,0.64064,4.2391,4.3227,0.15549,3.324,3.6389,3.3252,9.1814,4.2441,6.3445,1.8328,-0.1627
0,6.6667,3.6268,7.898,4.3963,0.24439,-1.7698,-0.83393,3.2079,0.40487,2.1832,6.9575,3.5069,1.8572,-0.10588,4.9527,1.1578,5.7148,8.5982,6.0742,5.7272,3.6375,3.111,4.3665,1.2443,2.8617,-0.31966,3.3922,-0.54357,4.6282,6.8837,7.2847,-0.81265,-0.064063,4.8114,5.307,2.048,4.5858,3.1634,-7.375,2.9878,4.8117,-0.27034,3.255,10.248,6.6912,5.8974,-0.96917,5.6774,3.22,2.3481,10.142
0,7.7778,5.4466,5.0219,1.6563,1.1547,-1.0461,9.6436,3.9676,6.0534,6.0229,4.5579,4.7707,5.6809,7.7857,3.8047,6.5427,6.0787,1.585,5.098,0.25465,7.5995,1.6356,-1.1904,0.94991,2.4577,3.2188,2.1015,-3.5888,0.21501,-0.025946,2.5338,2.6141,3.3804,0.17027,0.35117,-0.51381,2.7831,1.8401,-1.2056,3.5249,2.1134,9.7387,9.408,5.0279,2.8304,4.4472,3.0533,1.8375,2.1584,8.7187,3.095
0,8.8889,6.5397,4.3777,1.7411,2.1982,8.9972,6.2911,11.307,7.1609,9.6434,8.0486,1.0134,2.7685,5.375,11.229,4.0066,5.3525,4.937,11.997,6.8514,7.1397,2.792,3.1188,8.4876,2.7306,10.802,7.7626,8.0751,3.6891,-2.7711,7.7549,6.9086,1.6153,3.6592,8.9063,1.6399,3.8576,3.2758,8.4993,9.6657,8.1481,10.612,-1.8144,4.2941,3.2494,5.3594,1.7381,4.3908,6.9889,5.8206,8.5805
0,10,7.8444,11.199,8.0757,12.072,12.161,7.6831,5.5065,10.496,11.896,4.0461,8.9732,6.4991,8.246,12.095,8.2207,1.767,8.0644,9.8149,5.5465,2.191,5.4422,11.784,8.4647,4.2704,10.381,7.74,8.7614,8.6316,9.2568,8.269,1.4244,10.358,6.0133,8.7051,4.8263,10.08,8.8344,9.9169,3.023,12.58,11.224,11.113,7.5364,3.9242,7.6704,4.6266,16.66,3.9908,8.8855,6.1317
1.1111,0,7.4944,7.9529,1.6165,5.8084,-1.5673,5.7986,4.8983,6.3305,3.6961,4.3133,0.44942,1.7737,7.2442,3.3104,5.9929,0.92674,-4.984,-1.1482,-1.2548,0.95863,1.4902,6.2345,7.3198,4.6247,2.6213,-0.99487,9.0188,3.9173,4.6624,7.0809,7.0761,11.488,8.2175,6.9531,3.1321,6.8075,0.26897,6.0638,4.7039,1.4582,0.65836,2.8593,10.853,-1.9064,3.1087,5.8471,7.7289,4.5763,2.7898,3.5226
1.1111,1.1111,-1.0667,-0.37141,2.6877,-1.1889,3.4364,0.68894,0.28497,2.6056,1.6909,-0.75593,1.0521,3.1061,1.8056,2.926,2.7763,-2.3906,1.9,0.28031,5.8336,-4.1077,1.5414,3.1408,-0.14115,4.2548,1.9345,0.68976,0.95982,4.5097,0.75053,2.1718,2.2732,-5.9611,-0.030916,-3.1261,2.8139,-2.6772,5.7832,-1.9822,2.8014,2.6466,-1.8447,4.4311,4.0788,8.6264,3.4135,5.9676,7.5868,-1.8767,0.59083,1.3947
1.1111,2.2222,1.2085,-0.75154,2.1791,2.9225,2.4757,-0.036446,4.9459,0.46008,-0.41772,-3.2506,4.9387,-4.8531,-2.6121,-4.1694,3.6241,-0.13843,0.099499,-5.7921,5.0561,1.8152,-5.7465,3.485,3.9399,-1.9594,0.091547,1.8126,-0.42772,2.0939,0.68055,-1.3531,9.2297,6.4307,2.7119,2.9843,3.6774,3.9736,-5.519,-1.0976,2.9483,11.072,-4.3787,6.76,0.80266,2.2521,-0.30436,0.43819,4.6,2.9542,-3.9665,2.1525
1.1111,3.3333,-2.1001,3.2131,0.87848,0.81884,8.481,4.1518,-4.5429,8.0846,1.9783,4.386,4.254,6.617,1.3634,-0.17152,2.4601,6.4392,3.8129,1.492,2.0745,2.4593,-0.57294,0.076589,0.17103,0.83096,1.0477,5.9106,5.1187,0.66377,-2.223,-2.4497,3.2947,0.72869,-0.2539,4.4704,-2.841,3.3406,3.0501,-0.066539,1.3024,-0.014403,-4.9712,0.31695,3.6479,3.5967,2.178,-2.7861,0.67061,2.5808,5.7689,1.4299
1.1111,4.4444,-2.8154,0.62775,0.41711,-0.43558,4.7354,0.36942,1.1992,5.22,-1.03,-3.8667,-0.43046,-0.10054,-2.7622,4.5191,5.9823,1.3405,-3.4393,2.9394,-2.1581,1.5065,5.9099,-3.7139,3.3931,1.1447,6.67,-0.2244,-2.6339,-0.62459,1.0291,1.4422,2.6315,-1.1217,6.4443,-0.12849,0.75174,-0.22977,-2.3633,-2.282,0.34002,1.0572,3.1989,5.1271,6.4541,5.5225,2.5711,4.3651,0.46382,3.8071,-0.69184,2.9832
1.1111,5.5556,2.4337,0.43418,2.351,1.9725,-1.9185,1.652,-0.1326,-0.56989,0.99819,-0.038083,-1.6282,3.26,1.3283,1.5737,-0.033145,7.0047,2.2449,4.7881,5.5445,5.271,-1.2207,8.3904,3.477,6.3101,-0.59199,4.9314,-0.4361,2.0252,3.9848,-3.0869,4.3555,3.7985,-0.40809,2.8745,0.15401,4.4811,1.1939,-0.81486,-0.23646,7.3084,-0.35759,5.236,5.0698,-0.91339,0.45772,3.9243,2.6961,-0.085637,-1.849,3.9562
1.1111,6.6667,-0.51481,0.90557,3.9698,-0.081957,3.2304,2.2051,1.6641,3.8142,2.1677,6.4121,6.7589,0.82961,1.1418,-0.12448,5.4624,0.38459,3.5149,3.3895,7.0363,3.8688,1.7471,2.6157,3.0119,2.636,1.0525,-2.2774,6.2114,10.432,7.1305,2.9607,-2.805,4.1463,2.763,2.423,2.2265,7.998,0.22778,4.028,5.6232,0.9513,-0.94784,-0.80897,4.7804,3.2822,-1.3154,4.0866,1.3,0.2942,-1.8123,0.90855
1.1111,7.7778,0.25415,3.4158,5.1248,2.1259,-0.10599,6.8646,3.962,0.77446,10.148,8.0313,3.5182,6.8685,3.0143,3.0293,5.3229,1.9964,3.9048,3.9049,0.40616,2.3365,7.4146,-1.9478,4.0007,-0.27407,5.3782,0.41864,0.98598,2.3775,1.5351,7.8973,4.0988,8.756,4.5632,-1.5873,2.8278,3.0993,5.9748,-0.88752,3.5014,-0.8049,5.1786,2.4478,9.2231,4.8938,6.2174,-2.0229,8.1138,-1.8092,5.252,6.9435
1.1111,8.8889,6.5877,7.6154,8.2771,3.3049,5.8505,3.4021,8.3451,5.4775,1.9172,0.76647,2.9415,3.9845,2.4518,5.8895,3.819,-1.5065,8.1874,4.1955,8.4799,7.3443,4.4466,0.37717,5.5292,7.5065,10.188,1.8109,2.5653,5.6897,3.0009,1.8319,6.1549,5.2446,4.4151,13.439,9.2475,3.9946,0.99841,4.9965,2.7236,0.95608,9.7739,6.1301,6.1486,5.4617,2.0379,-0.39848,1.6543,6.9631,4.1042,6.4913
1.1111,10,4.4595,12.07,10.452,10.269,7.2011,9.6016,6.702,8.3917,6.9648,3.8891,16.069,11.274,9.6629,8.1369,12.183,9.6466,6.6184,8.975,13.504,6.6672,8.3553,9.1686,7.5831,4.7345,6.6592,6.5859,6.9724,9.7774,8.4908,11.613,12.258,8.1154,12.638,10.192,8.3537,11.55,6.2405,5.2364,8.0699,6.7105,5.001,8.9066,5.4218,2.0923,8.4311,10.775,6.1747,11.273,7.848,12.839
2.2222,0,-1.5075,-1.4582,0.93608,-3.0516,-2.8331,3.02,-0.36227,3.1246,0.087268,-4.5288,3.383,5.9791,1.2204,-0.99427,-1.6633,5.9944,2.9967,-2.2349,1.9279,-1.4629,2.6625,-2.1412,0.98667,1.2334,0.92798,0.38328,1.6472,8.8802,-3.2389,-3.1876,-0.32014,1.1548,5.8126,1.1603,-4.2582,0.45091,4.665,-0.5442,-2.8753,4.6663,-2.6466,4.5969,1.2859,1.1713,7.5812,4.1618,3.9562,-3.1198,0.62329,2.2414
2.2222,1.1111,-2.006,-1.0305,2.3941,-2.6461,0.7813,7.0693,6.0557,2.417,-4.9043,-4.3633,4.4484,-3.7089,-1.6223,1.2777,1.4819,-1.3553,0.26526,2.6549,-3.2088,4.8279,-3.8754,3.3318,-0.37184,4.4894,1.7927,3.2915,-0.67861,-5.5232,0.42607,-2.2956,3.0881,0.26665,-4.2335,2.7557,3.7157,1.5597,2.0977,1.0502,0.57556,-3.3275,-0.18228,5.2229,2.8209,1.5546,4.786,4.1844,-0.85267,1.1743,1.3934,0.24026
2.2222,2.2222,-3.0113,-1.4228,-2.7432,0.98854,0.82899,5.376,-1.4523,-1.6507,-1.2793,3.4499,1.3825,-1.0481,5.0473,2.3194,-3.8845,2.6983,-7.1982,0.61445,-0.23042,5.3252,-4.7512,2.9249,-2.1805,-0.059873,-5.442,0.090381,-2.7165,3.4971,-3.0711,5.3839,-0.81181,-1.1238,3.4993,1.2349,3.4796,-0.88117,3.8046,-6.7635,0.55337,2.162,-6.0739,2.6167,0.33404,1.6041,0.83889,3.7134,-0.69117,-1.4303,-5.7802,-0.5774
2.2222,3.3333,4.8621,3.2286,1.7494,-2.1684,2.3395,7.6829,-2.2438,-1.0758,-0.70285,1.9112,0.11841,1.7466,0.2117,1.1805,6.8568,3.1336,5.7645,4.0664,3.51,1.0907,5.9332,-3.2033,4.9059,3.3261,-1.1309,1.4409,5.0761,1.8395,-0.081115,2.7505,1.9669,3.037,-3.0724,1.3129,2.7279,-0.022864,0.32174,-1.3312,0.70212,-0.021885,3.647,1.8573,0.86071,4.6133,6.0774,3.6358,0.84192,3.2886,1.112,2.7085
2.2222,4.4444,5.031,2.1213,-2.4345,0.65246,-2.1106,5.7381,4.2092,-2.2421,-3.8195,-1.49,-1.9871,2.3818,-0.94613,-2.3072,-0.074152,1.4952,0.24461,1.5215,-0.22034,3.7677,-2.4749,4.817,2.2925,3.4656,0.39673,-1.2116,1.3665,5.8543,2.1072,1.0415,2.9804,1.4406,0.55122,0.41518,-0.86915,-0.18489,3.0281,4.2259,2.5626,1.381,2.284,-1.6888,4.8574,1.5459,0.90011,-0.658,-1.7703,1.7134,0.55328,-3.6006
2.2222,5.5556,1.2783,0.84973,-2.0025,-8.1475,4.2308,2.2093,2.9542,3.0274,1.0762,3.1324,3.9978,1.0868,-0.64159,3.5544,-2.171,-0.3735,1.3297,-1.9534,-3.7957,-1.6095,-0.87917,-3.2194,-1.0481,4.0955,2.5679,-0.90411,-2.4845,-0.60304,0.68721,-3.1475,2.3344,1.0397,-1.5804,-0.91967,6.6354,-1.1052,0.14026,3.3916,2.1218,0.91682,4.2716,-1.6504,0.27247,-0.27102,3.0692,-0.67013,4.2112,0.19069,4.3362,0.46083
2.2222,6.6667,5.2236,-1.3733,2.7942,-0.16886,6.2661,-2.2063,1.9825,2.6978,1.1963,4.5511,-1.0621,-2.8712,2.523,1.9312,-0.99848,4.4663,1.2443,3.235,1.5013,0.054372,-0.23535,1.2178,2.4571,2.6161,2.4222,2.018,5.494,1.2776,-0.093698,3.1003,0.89294,4.6692,-2.1065,-1.3522,-3.7929,5.4187,6.4525,7.034,1.0098,1.4917,2.6698,-2.9727,4.3461,5.145,2.4221,-1.4217,2.1352,3.5254,9.0887,0.24926
2.2222,7.7778,3.6536,9.4613,4.8085,-1.5023,1.8034,2.1116,5.4991,1.4523,0.98036,7.8096,1.9282,1.9503,5.5464,-1.4962,6.299,6.0499,1.6727,2.7995,3.3709,2.7856,7.7013,6.7297,6.9616,8.2739,3.0047,5.5308,3.3388,6.2978,7.5027,4.2086,0.84086,1.3122,-1.4253,-1.7957,1.7641,5.7012,6.031,5.2708,-2.4748,1.5127,5.319,5.8219,3.9195,4.9595,1.1824,2.951,2.3174,6.1756,4.2109,4.3161
2.2222,8.8889,4.7543,7.4735,5.5013,4.0217,5.7323,6.1392,8.5595,4.2131,9.8546,2.5644,11.211,3.6665,2.614,8.8442,8.1237,9.8295,5.1301,7.0657,8.0912,5.8297,7.6193,2.2063,5.8467,0.99489,3.9311,3.1121,7.8231,1.0908,3.6376,2.3725,5.125,10.112,9.1086,6.3496,3.2891,4.1821,9.5038,0.61381,5.4054,3.2665,5.1793,6.6663,3.8705,-2.0031,6.096,6.6468,4.9031,7.1153,3.5469,5.3565
2.2222,10,8.5793,10.12,6.2334,6.3262,13.443,7.0194,4.6658,13.533,10.278,5.5996,4.1515,10.167,9.4124,9.8838,10.209,10.847,7.4096,4.9397,6.5318,8.6254,10.202,7.3751,-0.33193,9.7853,3.7914,7.7649,8.9934,10.888,11.825,3.2299,7.8857,12.415,7.1859,12.69,8.9893,9.2855,6.7736,7.0911,6.1601,6.5181,6.2043,8.9896,8.1487,6.1387,3.5855,8.359,8.8757,11.719,9.6523,8.9727
3.3333,0,1.5045,4.094,-0.94532,-0.83317,6.083,-1.1768,-3.589,1.1392,1.3182,0.42465,-0.13198,-1.9919,1.3817,2.1109,-1.8228,-4.2216,-2.4426,1.4802,0.27991,-3.5531,5.1924,4.816,-2.0649,3.7563,0.39279,6.2186,4.7146,0.33735,0.90962,-3.079,0.41215,4.474,-1.6051,1.1561,-1.9295,4.8081,0.1023,-6.7326,-3.9851,-2.6601,-5.7315,0.3988,-3.1426,1.0286,-0.36843,0.52811,1.716,-0.63113,3.2945,1.9848
3.3333,1.1111,4.2711,-0.12107,3.0321,0.86766,1.0635,-2.5854,7.4039,0.64323,-4.9869,5.0533,-4.2106,-0.42182,-0.897,1.7521,-1.2626,-1.4948,3.9563,0.39226,3.7153,6.6351,2.0929,-4.0247,-4.1659,-0.81216,-0.20384,-1.3477,-1.7845,5.0344,-2.4189,-2.1429,-0.79845,-0.8353,-1.2944,0.53525,-8.3411,3.6605,2.9269,-4.6734,-4.3218,1.4359,-4.4979,4.1546,2.2282,-2.2787,-1.9499,3.2522,-0.13532,-1.9649,-0.092074,-0.0098934
3.3333,2.2222,0.11631,-1.9111,-3.7662,-1.4605,1.9529,2.5411,1.7414,3.4075,3.4766,-2.0196,-0.72908,-5.2924,-3.9179,2.1831,-1.2046,2.19,1.8689,2.9715,-3.6297,-5.1107,-5.5769,-0.14585,2.4997,-1.0523,8.091,-0.46229,-4.5739,-2.5044,-2.3835,2.9229,-0.51561,3.2205,2.5495,0.021076,3.8108,-1.0682,0.9968,1.2463,-3.6778,-1.2421,-2.4816,0.28141,3.0868,-0.91031,2.3382,2.4709,0.91935,-0.7177,3.859,2.7905
3.3333,3.3333,5.7015,2.4549,2.3723,0.75727,5.4451,2.2139,-3.3592,1.5481,5.3142,5.5846,-3.0497,-0.078526,-0.69912,0.25722,-1.4306,4.7633,-3.9007,0.3041,-1.3008,5.788,2.8719,1.6168,4.753,0.32276,6.0904,2.6706,5.5869,-1.6977,4.2807,0.68782,2.887,-4.8683,0.35174,0.14623,-0.78999,0.43443,4.2818,1.9369,5.0768,5.0838,1.5907,1.8184,4.321,-0.84841,0.30333,2.0308,1.7248,8.1022,-1.6098,0.28368
3.3333,4.4444,1.8382,4.6462,1.4781,2.0412,4.1704,1.5549,3.4751,-0.54085,0.60926,1.7374,-0.22943,5.9406,2.8861,1.4123,1.3613,4.0148,3.1808,7.8977,0.89768,1.4739,0.53464,-5.354,3.0613,4.1533,0.65022,2.9913,-2.261,0.39437,1.4463,0.84298,-1.7839,-2.2406,-0.20685,3.6991,-0.11906,2.9229,-1.1785,0.61019,4.7695,1.4604,4.2457,8.4474,0.74653,0.76873,2.1805,-0.30596,0.20032,1.69,0.12859,3.074
3.3333,5.5556,2.7469,-1.3714,1.3635,3.2312,-1.9316,1.8999,5.2818,-2.7491,-0.50354,1.0986,0.96083,-0.46264,3.0287,-0.62183,-1.2496,0.94929,1.532,-0.11626,-0.51753,-4.2602,-0.26071,3.4194,0.22928,4.2276,2.8314,-1.3947,1.6786,3.7285,1.8137,4.1958,0.2182,1.1843,3.6272,3.0315,3.9166,3.4369,1.0091,4.8441,-0.56049,0.13981,-5.1622,-0.038466,1.3878,-2.1716,0.71536,2.1377,-0.62438,1.5273,-1.4051,-1.3061
3.3333,6.6667,2.0581,-1.8074,2.704,3.562,4.3577,-3.2548,8.6584,-0.67028,0.42378,5.6336,2.0436,2.0431,0.70317,3.2984,-2.1612,3.1531,7.8764,0.7019,-5.2468,3.344,3.2984,4.1083,6.1356,2.9102,-0.9451,3.9833,5.2347,3.9769,-0.13522,6.9388,-3.2025,3.3885,4.4888,0.07298,3.6532,5.62,4.1391,-2.7819,-0.52224,0.44666,-0.079861,3.9647,-2.0699,2.8308,5.102,0.99299,-0.53835,-6.262,4.0624,4.4131
3.3333,7.7778,2.848,1.4834,9.7672,3.7139,2.1984,6.5835,5.2625,1.83,2.3436,3.6028,2.019,-1.9582,-1.4344,-0.27812,-0.97322,7.4575,2.126,3.5416,6.4357,2.4452,3.8262,3.4774,2.7072,5.0357,9.0926,-0.36076,2.084,6.0918,5.7642,2.613,5.1039,5.0185,3.7196,2.7173,0.90767,0.22514,3.1309,8.4783,8.3499,2.4742,3.1898,2.5267,0.80323,2.9379,2.7155,5.6832,-0.12104,3.7118,5.0172,-2.3369
3.3333,8.8889,3.5506,5.6463,12.275,0.3857,5.504,2.3068,9.4201,6.9813,7.5795,4.0111,8.0371,1.7907,8.4912,2.5456,6.2963,4.2683,5.0185,4.9722,7.4268,5.9418,4.6184,3.3997,8.4478,5.2884,6.7814,7.7054,3.5138,4.8436,1.7848,7.4372,5.6166,4.6129,4.8812,5.3812,6.7615,7.5209,4.9469,6.2051,3.8513,4.8515,5.3818,5.8534,3.4116,9.8845,8.8066,13.413,6.5304,1.7979,9.3918,8.0912
3.3333,10,12.918,8.5898,8.0125,6.7992,9.0693,8.9808,8.0911,8.377,0.42602,7.0152,11.379,7.1606,12.382,4.7936,1.3077,5.28,13.122,10.917,5.3668,3.4011,10.294,2.3879,2.4351,13.572,6.2557,7.4691,6.8087,4.5536,6.2822,7.7234,6.3407,9.4752,12.809,7.4223,8.6445,2.9636,10.467,11.602,6.526,6.2804,8.1953,11.807,13.677,7.8264,4.1953,11.567,3.9695,7.2671,7.3713,3.6412
4.4444,0,1.8341,0.78343,3.8712,4.1958,5.35,-0.21502,-0.20043,1.6355,3.3488,4.5614,2.8033,-2.0602,1.8017,2.9303,3.0402,3.0859,-0.61203,-1.9659,-1.0366,-2.8986,-1.5551,-0.015394,-2.7917,-1.0497,-2.321,-0.96313,1.2687,4.8939,1.5959,-4.3734,4.1448,-6.3922,2.0404,-3.0248,10.359,2.8474,-0.87427,3.2161,1.6446,-4.7875,-2.9001,-2.3996,4.0006,2.0815,-0.0019878,0.29782,-1.7275,1.503,-1.4782,-0.22893
4.4444,1.1111,3.3477,-2.4337,1.9437,-0.89478,2.019,3.7673,-3.0723,2.4579,1.4854,-2.4095,-2.2112,-0.96308,-4.8374,-0.05844,-1.0504,0.1072,-0.53981,4.054,5.4393,3.8243,-1.7074,0.29043,1.28,0.039242,6.2503,-2.615,-3.0499,3.5764,3.3292,-3.7363,-2.0653,-0.12987,-4.7774,-2.4063,3.6666,-4.995,2.5711,-0.056504,-1.5748,2.2144,-3.8086,-1.5869,4.5028,0.62504,2.9415,2.3502,2.6366,0.071089,3.2624,0.43848
4.4444,2.2222,-2.1323,-8.2404,-0.97624,5.3575,2.2991,-1.4617,-0.58886,6.3613,0.14744,4.3669,0.9237,5.6945,0.35116,-0.14719,-5.3077,-1.5686,6.8778,2.0637,-7.1883,1.8979,0.84071,3.214,1.552,-0.70237,0.12182,-2.0836,2.8331,-2.968,7.9663,-0.51866,1.3888,3.4369,0.28153,1.3734,-1.2098,-2.6494,-3.4381,2.2797,-3.9313,1.7467,-5.1866,0.90071,-0.41399,4.3066,-1.6379,-1.1491,1.5571,1.164,2.926,2.5368
4.4444,3.3333,1.5358,-1.711,2.1514,3.9703,1.0629,-0.52415,-2.9819,0.17947,1.0342,2.0742,1.1373,-0.44478,4.57,-0.022424,0.27193,-0.14171,-0.26722,1.8174,2.7435,6.3497,0.85362,0.86282,1.7389,-0.13804,3.2716,4.3923,2.7997,2.0981,-1.4485,-0.93088,-3.0371,-2.9972,0.13139,3.7759,4.6018,1.6467,-2.0087,9.0791,0.15746,4.0614,-0.9893,-2.9518,1.5946,4.1858,1.0228,-0.65557,-2.5894,3.2057,0.42468,0.48465
4.4444,4.4444,0.42709,4.8457,5.2077,3.078,1.337,2.7512,2.3228,2.8239,10.222,4.1803,-0.30879,1.6606,1.2222,-3.1607,-1.4302,2.8099,2.5323,-2.5608,1.2585,1.1952,-0.40045,3.171,-0.05237,-1.082,-0.8973,1.7187,3.5391,1.8776,-0.76763,-0.54817,-0.82627,-8.1042,-0.7677,-0.32457,-1.7157,0.64729,-1.169,0.77019,0.62371,-0.1769,-0.27601,-3.3638,1.7408,4.6024,3.8309,1.4534,-4.8049,0.078726,-1.9386,-0.50366
4.4444,5.5556,0.628,1.9104,0.3635,0.48789,3.3493,4.5531,-0.41237,2.7458,2.097,1.7002,-0.57578,0.82472,-1.4216,6.1827,0.39881,0.84734,4.7575,4.1127,-1.3208,0.31864,1.045,0.019404,7.1279,0.90596,1.7275,3.8913,0.22339,1.5719,2.6743,2.7684,4.1898,0.85704,4.9116,1.5994,-2.4605,0.77889,-2.8995,5.2871,0.49722,-1.0968,4.3584,-1.3491,2.5826,-3.8974,-1.6095,0.25705,0.17471,2.8249,5.1209,1.3683
4.4444,6.6667,0.25063,4.3005,3.8477,5.3842,8.6039,2.4177,0.34757,2.681,2.8292,5.6592,3.0119,2.5713,7.9486,0.20137,-0.279,0.50286,1.8127,5.2518,3.009,-4.7675,3.7272,4.1147,2.3245,-1.1263,1.9633,1.4215,5.9764,0.28937,-3.7493,1.8675,2.8013,1.4463,2.7328,0.94295,2.3756,3.4008,-0.72583,6.3845,-4.1519,2.3363,2.2325,6.043,-5.2954,0.090907,0.45668,4.7066,5.1345,3.8243,2.8679,-0.18406
4.4444,7.7778,5.6015,2.0255,1.651,0.040334,7.2782,3.3574,3.6269,2.3124,2.4314,2.4536,3.8948,7.1575,5.9474,0.27133,-0.47112,9.663,4.8608,1.4493,0.19751,3.3339,0.64176,3.5039,8.0703,-0.49378,2.5652,6.8238,4.1409,4.1537,5.6033,8.0668,4.7421,5.8929,2.369,1.5062,4.974,2.1043,3.782,-1.3734,3.2258,4.2619,-4.51,-1.1716,2.4468,2.9791,3.4282,4.0663,2.4538,-1.7475,6.5904,1.4731
4.4444,8.8889,3.4437,10.047,6.1044,5.194,8.4715,3.0118,2.0888,3.4995,6.232,3.4867,4.3617,4.4468,-0.094263,0.76141,4.6124,9.5174,5.6793,7.9392,3.0701,9.9467,5.8384,1.3365,4.4196,8.3025,7.7435,9.1707,4.8981,1.7027,0.16519,9.1877,0.36331,1.3459,5.5101,11.364,7.8,1.0378,5.2068,5.4205,6.523,3.901,5.7402,7.0362,0.9941,8.3126,3.2487,6.096,-0.21174,9.2426,-0.048073,5.7123
4.4444,10,7.1965,3.5928,13.912,12.389,9.6184,12.096,8.1478,5.9348,8.0447,11.494,10.514,6.2108,5.9181,10.548,9.0647,8.5343,5.108,16.134,6.0866,10.473,10.523,8.3713,11.235,5.4026,9.262,3.9093,5.7151,5.1478,13.732,8.3541,6.5706,4.6057,7.7276,7.8485,11.12,7.6563,12.747,6.9621,7.0493,7.4555,14.232,7.58,7.1195,2.4665,12.847,8.3137,2.1346,4.8043,9.8103,6.5994
5.5556,0,2.0352,2.0102,-6.9554,-0.04432,-4.5264,3.6126,3.8867,2.2878,-2.9447,1.1859,-1.017,1.9638,3.5798,-1.6727,-0.19904,-4.2532,0.54959,1.681,1.4703,2.3555,1.9523,-2.3173,4.4178,-2.6439,1.3831,-0.97672,3.8231,-2.764,0.94722,-4.2358,4.5711,0.41099,0.52001,-5.9977,-0.048605,-4.9111,3.0199,-0.67791,6.0492,0.83899,0.62729,1.6243,-2.8759,4.0132,-1.6232,2.6088,0.91161,0.42641,-1.89,-3.5941
5.5556,1.1111,-1.1653,3.4198,-0.17056,2.723,0.36423,0.84872,-0.23894,0.56434,2.8232,-4.4875,0.57208,-0.84972,-4.1181,3.8353,0.34457,3.0508,2.5332,-0.38248,5.3479,1.8209,1.4487,-4.5111,-2.4032,-1.5892,-3.7538,4.616,1.7215,-3.4463,-2.0918,4.2938,3.0274,-4.5763,2.1379,2.0902,-0.22417,-2.0744,-0.40062,1.8608,-6.1793,0.44314,-2.4959,-2.4735,0.33045,-1.942,-1.0792,-0.59445,-0.29561,0.56017,-5.2605,0.60416
5.5556,2.2222,0.79437,-0.76391,2.8796,-3.9045,1.4833,0.49848,-2.9192,0.13224,-2.3202,-0.41386,-0.99532,-4.5348,-0.35197,3.1433,-1.1534,-2.3411,1.4897,-2.8066,-7.7688,0.67496,3.5328,-3.4738,0.59323,4.0505,-2.0865,-0.53605,0.544,1.8362,0.49696,4.4909,-0.90318,-4.3334,-0.10661,0.078968,2.0068,-0.14103,-2.0498,-0.8186,1.2274,1.5232,0.29062,-1.669,3.5114,-1.6223,0.4883,-1.9215,0.56445,-2.2518,-2.9665,4.5341
5.5556,3.3333,-3.3355,2.2012,2.1669,1.8924,-0.22586,-0.12083,-0.0093179,-0.13713,0.046359,-0.52751,-11.228,-3.5205,-5.699,2.1702,4.9777,5.5945,1.4844,6.8509,-5.1072,2.8306,-1.553,2.1586,4.3155,7.8131,2.489,-0.18361,-2.0554,7.681,3.4975,3.6624,2.8018,-5.736,-0.48559,0.23705,2.3674,-0.20132,-5.3453,2.3938,-2.962,-6.9485,-6.2013,8.4027,-4.7681,1.2625,4.0139,0.232,-4.1108,0.46573,0.92615,-1.8508
5.5556,4.4444,-8.6636,4.5588,1.8211,0.62483,-1.2124,7.2682,1.5856,1.1348,-0.21402,1.3078,2.692,0.13116,0.22128,-0.79642,-0.48784,5.3274,2.4954,0.15221,1.065,4.6467,-3.7606,0.88051,1.0539,1.0268,2.7173,0.013249,0.78848,-0.64464,3.3117,-0.43296,3.7645,-3.1185,4.4752,-0.71683,-0.72908,4.6297,1.0645,7.2336,-0.54528,-0.7829,0.20364,1.867,-1.5612,0.92312,6.3144,3.314,1.2606,-0.64686,-2.2661,1.6552
5.5556,5.5556,-0.18691,2.5448,-2.5799,0.75419,5.4786,-1.2755,4.36,-0.84374,3.9254,-1.3021,-2.101,3.6233,-2.9525,2.9181,-1.9252,-0.29477,-2.4635,-0.12087,0.29104,1.133,7.0466,-3.9237,1.5298,-2.0843,-3.6237,0.29429,2.7906,1.4867,5.1737,7.4547,2.1483,2.0476,1.7574,-1.318,-0.58425,-0.67478,-7.1546,4.7875,-1.4648,8.4729,3.4883,-1.7345,7.0132,-0.47725,3.9253,-0.50461,3.9247,-0.67348,-1.326,-0.27583
5.5556,6.6667,5.5998,1.6463,4.0385,-2.269,1.6313,-2.883,0.74946,9.4603,2.4328,-2.1,5.4453,2.2518,7.806,-0.94724,4.4809,6.697,-3.537,2.6187,0.65388,-2.087,4.2875,-0.35118,1.2306,6.0437,0.46024,-0.68426,-1.0649,1.7394,-3.0537,-1.712,-2.3397,8.8071,-4.9602,2.8067,1.8477,2.9848,-2.684,6.8082,2.1494,0.99487,-2.4601,6.5245,5.3612,4.1993,5.4948,10.265,1.0045,2.8518,0.58244,2.6437
5.5556,7.7778,1.9462,0.92326,0.98106,2.4709,4.9621,8.5139,5.8997,3.5504,-3.4614,4.7078,-3.1881,7.8135,0.82814,0.84049,5.8097,-2.4991,-0.30136,4.1398,1.8442,4.9991,-0.60498,4.9737,5.5605,8.9225,8.8078,10.803,4.2869,1.2211,2.7314,4.2847,0.59429,1.2475,10.264,3.016,6.0088,5.2003,1.5005,1.914,6.7671,3.5549,5.8431,8.0439,5.268,5.9038,5.7872,-3.206,6.2742,4.4741,1.4868,4.7175
5.5556,8.8889,3.766,3.7337,6.2707,5.2579,8.8255,7.9283,11.824,0.21148,9.425,6.6559,4.4807,6.4859,5.0888,3.1502,5.6336,2.5392,10.115,3.6025,5.0399,9.2134,3.0001,3.745,5.2302,4.2443,5.3576,1.0875,8.3117,7.3123,6.5314,4.9653,3.5522,2.4226,1.4119,1.3747,-1.6212,4.3239,-0.63137,11.821,2.8893,8.4573,5.2054,7.7366,4.1248,4.2396,0.60455,6.4732,1.1501,8.7708,2.7419,5.7928
5.5556,10,9.3381,11.203,14.421,3.7512,9.1576,8.9666,4.9308,10.562,8.2301,7.7243,12.426,9.4508,9.9314,-1.0013,-0.72821,10.451,6.2045,10.545,8.3415,8.2843,10.007,10.097,8.8033,5.0457,1.9129,8.3692,9.6769,9.4166,8.6293,5.9063,11.867,8.4885,8.3318,10.946,13.534,1.7697,10.63,4.2987,2.8688,7.7736,9.0645,8.2433,12.242,7.8588,4.8458,8.6362,5.4431,12.458,6.0496,4.155
6.6667,0,0.52769,3.5965,1.2623,-2.4345,1.0367,-1.8373,-2.8397,2.3228,-0.64916,-0.27025,2.9785,2.3399,-1.3928,9.9339,-2.0466,0.15069,8.1379,0.64045,-0.7447,0.054471,1.1296,2.4026,-2.1685,4.0241,-3.5547,-1.9247,-0.26938,1.7492,0.93919,3.7624,2.8721,1.766,1.5442,-0.8793,-0.74944,4.6228,0.78543,1.9628,-0.41863,-0.21629,-5.9894,2.1895,-1.2895,0.32864,5.8679,7.3755,-1.4037,-4.5046,-1.3429,1.455
6.6667,1.1111,-0.078523,-2.3271,0.51437,3.0551,3.2347,-4.4779,3.6315,-1.3181,0.23304,5.5447,-1.6108,-4.9453,-0.83404,0.98782,-5.7102,2.6657,-0.68162,-0.58946,1.3967,-3.9056,1.6666,3.8374,0.17416,2.3825,-5.9323,-1.5215,1.479,-5.5162,1.7373,1.7189,4.2195,-3.2074,-0.029284,0.41602,-0.22881,-7.9115,0.37459,0.21034,0.014766,-1.9615,3.1614,-1.1949,1.7677,-3.2145,1.1051,-0.27108,0.79453,4.1822,-6.2191,2.8157
6.6667,2.2222,3.2131,2.8215,-1.1477,2.6064,-1.049,0.44562,1.5813,-1.3817,0.4963,-2.1203,-1.4606,4.5966,-2.3903,7.3666,6.8706,-0.16398,-0.94925,7.0662,1.7685,-0.33061,-2.9473,2.6962,1.7787,2.6305,-0.30245,2.652,-2.1893,1.1594,-2.1055,1.4447,8.8445,5.6216,1.3539,0.46643,1.9203,2.2517,0.44536,3.5818,-4.1372,2.0961,2.7464,0.33786,-1.9929,-2.5075,4.7852,1.0497,-1.7286,-1.764,1.9402,2.1352
6.6667,3.3333,3.2783,0.11583,4.5176,0.51282,-6.7109,0.12646,6.7794,-7.3706,5.0001,-2.2784,0.24081,-0.060084,1.8742,2.7485,-0.19641,4.4812,3.5266,0.47967,2.9615,0.59382,2.2155,-1.8702,2.2936,1.7669,7.1213,-0.34279,-1.3399,4.5195,2.7671,2.68,3.1958,5.8969,-0.1754,3.267,4.793,6.109,0.67988,-2.0759,2.1983,0.4098,2.4335,1.7027,-3.9022,3.1043,-4.1053,-3.9329,2.187,1.3237,4.9414,5.4163
6.6667,4.4444,3.8039,-4.709,1.0394,-0.26156,-2.5413,5.2702,-1.8408,0.33266,0.13806,1.8651,-2.6554,2.3762,-2.3628,1.5551,-1.4978,-1.2844,3.6371,1.8753,-1.3352,2.7788,5.3409,-2.1482,-5.9632,-2.605,3.7922,2.5908,-6.121,-0.96417,1.8967,-2.094,0.27915,3.96,2.6296,-3.0898,7.2303,4.8115,-1.954,2.043,-3.989,7.2691,-2.3968,6.2752,1.0423,1.0282,3.0935,2.4682,2.5082,6.6045,-1.978,-1.3751
6.6667,5.5556,1.5553,1.2002,1.605,0.75072,7.8411,0.54841,4.3736,-2.4507,2.2135,0.50342,-1.4849,0.89813,0.91089,-2.9951,-0.41191,-4.0624,-4.2036,2.6811,4.1175,-0.16013,4.304,-2.1155,4.5967,3.3476,1.4329,-3.8409,3.4273,-0.88841,4.8488,-2.0392,2.1119,5.8445,-1.4511,0.35813,10.1,-1.0332,1.239,0.86034,4.4879,1.3487,-3.3128,0.61539,-0.27486,3.3898,4.6164,2.133,6.2995,2.6862,-4.0639,1.5283
6.6667,6.6667,-0.19852,2.9345,4.6609,1.1271,9.0309,1.9278,-1.8456,7.647,1.5926,7.777,1.3434,-0.23211,-0.70528,3.468,6.513,1.4871,-1.3768,3.7523,3.8932,-4.0536,5.8788,7.0288,4.9298,3.9397,2.8567,6.3817,1.1577,-1.9907,5.6149,1.8181,3.7835,1.3792,7.6011,-8.1551,2.8326,1.1566,8.9802,3.6618,6.871,2.3107,0.1948,3.2618,3.5954,3.0562,7.9711,-1.1317,-0.98541,-1.7335,6.7682,4.201
6.6667,7.7778,3.4303,2.9907,7.9433,2.0748,3.966,3.9121,1.3604,3.4785,-2.1209,7.7904,4.1848,-2.7016,6.661,4.591,0.59365,6.8845,-3.8892,3.2547,-0.19927,-0.83081,1.8144,2.4874,-0.5641,2.7105,4.451,6.077,3.4909,1.7285,0.12645,1.3977,0.16362,-2.0279,5.9464,2.543,3.4262,3.7028,3.9076,1.5816,5.6501,3.1884,0.88137,4.8572,-1.4688,2.3575,7.6344,5.2935,-1.5236,11.906,2.7829,-3.0084
6.6667,8.8889,1.3069,4.1462,6.9155,5.9279,3.7162,8.6853,8.801,5.7713,5.3585,4.0099,-0.22929,8.5045,7.985,0.26774,6.0127,8.0611,6.5274,5.81,6.9116,9.6766,3.175,4.5146,-0.077495,6.7266,3.873,0.7943,2.0397,0.43527,2.8843,4.6989,7.1339,16.862,6.8699,3.0034,11.165,0.9991,4.1066,3.0887,3.6544,4.914,1.4319,1.0716,6.7274,3.1884,9.4754,4.9062,5.6271,5.4445,3.471,9.3905
6.6667,10,8.4865,4.4595,6.3667,9.0313,6.813,5.4282,9.7581,7.2774,11.724,5.2745,5.3121,7.7786,1.4166,4.9152,9.8611,6.1178,7.8118,11.398,6.7213,10.544,6.8311,6.6956,11.724,12.303,6.9509,9.2244,9.265,9.2286,5.7256,11.646,4.8911,4.4995,3.7952,5.7858,6.1628,9.8319,8.7394,8.1301,7.5917,12.501,3.1316,9.0071,6.807,9.5603,3.6837,9.0897,9.5802,-0.37184,9.7347,13.072
7.7778,0,-4.3051,0.11404,2.3962,1.8481,1.2606,0.88263,3.9652,2.0503,0.84376,-1.4978,-1.5292,-1.5356,2.3175,0.22703,-0.65571,0.34645,5.5688,0.25183,2.1985,1.5211,2.0201,5.0714,-3.0846,5.2163,0.55922,2.1777,2.5739,2.0737,-2.7381,2.9552,6.287,2.8016,6.0616,3.0349,2.0738,-0.81448,3.2084,3.1439,-3.69,4.1695,1.1082,6.2787,-1.1979,-0.73608,-1.323,-0.12432,1.5315,6.6463,4.1261,2.1378
7.7778,1.1111,7.2261,-0.83342,0.23337,2.222,0.56651,-1.1267,-3.2684,2.0145,5.0256,2.4862,5.7858,0.12991,2.1326,3.5282,1.4178,1.7871,2.7302,2.6971,5.5193,4.2285,5.5876,4.1333,2.844,-0.52945,-3.6929,2.9521,-2.5235,-3.167,7.5739,-2.4667,-0.58675,2.0518,0.94846,3.7183,-4.1503,2.4928,3.1318,3.9272,-3.3531,3.4379,-1.1373,2.7067,-1.2057,4.8338,5.1691,3.2809,2.9406,-0.64682,-0.021015,2.9885
7.7778,2.2222,3.5006,-1.7403,-0.62437,-1.6119,4.8091,1.7339,-0.65399,-0.76043,-0.11456,1.9006,1.7414,0.64465,-4.3648,0.83214,-4.2772,4.124,-2.3066,4.0727,-0.31333,1.2945,-0.071621,-0.15377,0.56516,-5.5922,-1.0258,-4.0119,1.3343,-1.5374,-0.28601,-1.8037,2.3452,3.3865,2.6603,5.2794,1.8668,-1.5829,3.2263,0.084834,0.21357,-1.3758,1.3165,1.5228,1.9569,4.8803,0.81204,-3.302,0.62181,-3.6766,0.1151,3.1984
7.7778,3.3333,-4.392,-2.0913,4.2694,3.4395,5.7595,-1.8442,3.5644,-0.21206,1.0661,3.2178,4.9002,-2.3967,2.5466,-2.1401,-1.5312,2.6653,1.912,3.7677,0.68014,3.0273,0.4282,0.93214,-4.9205,-2.0662,2.5508,-2.0322,-3.0992,-3.6284,2.5743,-0.4879,-0.35174,-3.4504,-2.5815,-3.9358,0.78997,0.45985,-0.77144,-3.5641,-0.74188,1.359,7.7009,0.6106,3.5773,-0.38089,4.0568,-4.4122,1.2428,1.9127,6.6642,3.274
7.7778,4.4444,4.7281,3.6448,3.4492,-3.3273,4.6463,3.0525,1.5963,-0.30445,0.41675,3.906,3.7744,-1.2009,-1.5378,-1.1243,0.92564,1.6562,-5.2229,3.5049,3.8936,2.5252,-1.9893,-0.43786,1.8541,4.1551,3.4838,2.6481,-1.2922,5.4458,3.9033,-2.7867,-2.4976,-2.2494,3.4603,0.13468,5.2208,1.819,3.5778,0.83672,3.0148,0.13479,0.42861,4.1643,3.8771,0.16098,8.534,3.5508,1.2279,-4.5275,-0.018688,-1.1795
7.7778,5.5556,0.20721,-0.46622,0.56431,5.3328,-1.2217,2.9141,4.0369,2.6286,-1.438,0.744,0.070153,0.45119,0.56838,6.3276,2.9364,-0.53793,4.521,7.0525,-2.6989,1.4826,2.2185,3.4177,1.5155,-0.6997,1.7629,1.1907,-0.1906,6.6133,-2.1149,0.061621,-3.6143,6.7954,1.4686,1.2468,7.0636,1.0448,-1.3985,-0.73016,0.99994,-1.8889,5.0388,1.7843,0.5564,3.2007,2.4519,1.803,1.3439,-3.927,1.6907,4.1583
7.7778,6.6667,1.2529,1.6274,4.7198,5.9353,6.9545,2.2871,2.3426,5.667,3.5343,-1.9631,3.4694,0.5066,3.1195,-2.4269,9.1931,-0.78471,1.1555,-0.84469,0.81192,4.2106,1.4824,-2.2071,2.2574,2.7604,-1.0938,5.4269,8.9936,4.9501,-1.7219,1.1892,-1.25,4.4225,9.7676,6.6984,-1.019,4.5919,0.82296,0.79758,3.1905,1.0822,8.1416,4.4091,5.9311,2.3821,3.4141,-1.5679,-2.5817,3.7879,1.5905,4.8335
7.7778,7.7778,2.6383,4.3847,8.0269,0.26418,5.5562,-0.42193,2.6753,0.06646,3.6628,5.3987,6.8835,2.1052,8.0332,0.92001,10.297,4.3093,1.0625,4.8044,0.96869,2.7918,0.80023,1.3097,0.47905,4.234,1.0537,2.2956,2.7203,2.7492,2.7719,6.0608,4.6882,4.2147,0.69094,1.371,2.8557,9.2761,4.5736,-1.7642,1.722,2.3959,0.79179,-1.2668,-0.3545,7.0244,-0.1136,1.5961,7.7037,6.4061,1.3549,2.2567
7.7778,8.8889,4.9087,6.4567,8.299,7.3888,4.2808,7.1348,4.4257,8.9751,3.7363,4.6152,5.6964,9.1123,1.0895,11.853,2.8415,6.5935,5.644,9.8662,3.1897,9.7794,3.3445,10.218,-0.53741,7.2677,4.1084,3.1098,8.2904,5.3707,3.7247,6.3805,8.0809,9.8436,5.3249,11.53,-3.8263,6.5059,8.1543,1.4993,10.18,6.8333,12.369,3.7037,4.9258,2.1195,6.9913,2.6606,0.43167,7.7744,1.5231,10.36
7.7778,10,3.5172,7.6187,10.394,5.3782,13.619,7.131,8.542,9.7666,4.2222,4.8885,12.83,7.5013,10.102,8.3475,11.964,13.244,6.7303,11.593,5.2787,9.8872,9.92,10.66,12.7,12.743,11.368,10.545,11.422,11.413,12.029,8.951,8.6672,5.9039,9.6401,11.756,6.6671,8.9204,7.7566,8.8013,5.5293,6.3246,9.3917,6.4543,6.5089,11.985,9.7565,9.6684,4.0735,11.975,8.4247,17.349
8.8889,0,-0.67643,8.9337,5.8914,0.98695,-0.72111,4.9398,-0.054274,1.489,0.32863,6.2371,0.14073,5.7655,5.8172,1.6849,4.9546,-0.49386,3.5329,3.2364,1.5265,6.7017,2.9829,3.3707,4.5663,-0.5331,4.827,1.1066,4.3877,5.0141,5.4662,6.1538,8.8108,-1.4095,4.4334,-5.0866,3.2357,2.5138,3.7024,1.7343,-0.86332,0.94658,1.3879,-0.066248,4.3025,7.3567,3.8801,-1.061,2.3235,5.1198,-1.221,3.0278
8.8889,1.1111,7.6185,3.783,1.7813,0.38058,-1.2483,5.6629,-5.5243,-0.0012359,3.1085,0.75236,4.5307,0.80445,4.4678,1.4262,-3.9809,4.7304,3.0308,1.8893,-0.11612,2.0154,0.6734,3.0414,1.766,-4.1949,-1.6712,0.67458,0.61265,3.409,-0.89561,3.4211,0.64724,0.24354,2.9217,2.19,3.1572,0.4166,-1.3144,5.6122,5.9205,7.2,-0.15536,2.2793,0.85444,-1.8779,-0.90438,-2.7575,2.2051,1.9555,6.652,8.2855
8.8889,2.2222,2.1988,0.17308,-4.7904,4.2489,3.4152,-3.8117,-3.5757,-2.3139,2.9306,-0.3935,3.0527,2.2001,0.19927,5.3716,3.4756,3.1125,2.5654,1.8194,0.8829,0.17288,0.076824,-2.8569,-1.1629,3.5571,2.7205,1.8211,4.0839,0.10879,-2.1186,2.5587,0.42844,0.91409,1.3574,1.7083,2.9065,2.1649,1.2035,6.8057,3.1129,0.21516,3.3167,-2.0338,0.8531,4.4555,2.7255,3.1592,-1.4336,3.4369,3.8993,2.8155
8.8889,3.3333,7.7049,1.7645,2.5492,-1.6136,2.7356,3.4275,5.0323,-0.21941,2.5392,-1.0348,5.1094,0.72551,-2.7431,4.1786,-0.50877,-2.8137,-6.1041,-0.3968,2.085,9.0066,1.8202,-0.97926,-1.1578,-3.1819,2.6144,0.31981,5.1125,3.5789,-0.64208,-1.9187,6.3634,1.179,-3.0493,-6.4868,-4.4878,-4.7664,0.24358,-1.0332,4.0111,-0.84772,1.4093,1.5281,0.49317,1.7745,5.6752,-1.8299,1.8677,-3.2984,-0.65081,5.9595
8.8889,4.4444,-2.0558,6.696,1.2814,-2.3269,0.86612,3.7018,1.1335,-0.9196,-0.42036,5.5916,-0.58814,-0.85072,5.5037,0.10293,5.5658,-1.3216,1.1461,6.4027,-1.854,2.2005,2.641,-4.8835,1.7578,-2.4164,2.539,6.1031,4.5689,3.4051,4.9335,1.2076,-3.5169,1.6861,2.8057,2.138,5.4027,8.9921,1.5729,4.7508,2.1247,-1.2018,-1.6535,7.661,-0.019101,3.9073,-0.52575,3.3017,5.0602,5.4739,0.91438,6.5962
8.8889,5.5556,0.24884,-0.66838,0.81953,2.5714,5.3787,-3.0122,6.3338,2.144,5.9384,4.0166,-0.42177,0.22436,4.9113,3.9089,-0.83816,1.5026,2.2398,3.7778,-3.8312,1.0166,-0.89496,-0.15995,0.96882,2.1551,-5.4991,2.0073,-1.4069,2.5074,-5.3352,3.5358,1.2139,2.3081,5.0509,3.2116,1.6411,-0.55766,-0.13652,3.2323,-2.1773,-2.2335,-2.3031,3.8484,-3.2605,-3.2523,0.13154,8.9969,0.72783,1.5056,-1.2374,5.4432
8.8889,6.6667,0.050662,2.8398,4.5114,3.3669,-0.052321,1.0642,-1.6945,5.8078,-2.0485,-1.7292,0.59535,5.6267,7.2973,0.86582,4.4704,2.5486,0.45561,2.2585,-1.2501,0.17338,2.0133,-1.5101,0.099268,5.3905,8.9018,-2.0899,4.9942,5.9008,0.87507,3.3513,-0.72879,3.2244,3.6718,1.5999,9.7968,3.8477,3.4111,1.4915,-3.0088,5.4026,1.9783,1.9575,-2.1674,1.3184,1.908,6.061,0.49109,4.5583,-0.20554,9.5336
8.8889,7.7778,2.7429,1.6245,6.636,1.0319,4.5894,4.5349,0.28482,1.4695,2.1719,12.097,0.9086,1.5485,2.5439,7.7983,0.33913,4.6113,10.072,5.773,3.013,-2.1786,-0.88443,2.8409,6.4685,-0.74815,5.7942,2.8549,3.1927,3.2737,8.7106,0.33216,8.2414,6.6175,-0.4096,7.842,2.1958,6.7627,1.2986,1.0943,4.5821,1.456,1.1723,1.683,4.8259,0.82351,1.7831,-1.2467,0.82315,8.6143,5.0365,1.4636
8.8889,8.8889,4.8941,7.4592,8.0205,6.77,5.609,1.5287,9.23,6.3011,6.2125,4.2291,10.153,10.977,8.4547,5.3839,11.73,4.7119,8.3061,4.3872,8.1073,1.1099,2.781,6.3279,7.6713,3.8388,5.2114,7.1571,-1.9138,9.6468,3.5114,8.8977,4.1282,4.4405,4.9077,5.1768,1.9563,3.5546,5.5058,4.2916,7.9909,-0.070047,7.7825,5.6437,11.32,2.3305,-2.3063,6.7952,8.3405,4.8715,9.2261,6.4357
8.8889,10,8.2064,8.1908,8.7011,6.5029,7.8036,10.509,4.6675,11.231,8.2043,9.4497,4.0203,6.8723,4.6115,5.9237,10.267,13.935,11.46,6.3384,6.6319,4.7774,9.6935,13.161,7.5007,8.4859,9.8548,7.4654,5.4746,8.8829,10.554,3.5207,6.2853,4.946,10.364,5.4232,8.2735,11.52,12.67,10.022,10.801,3.1839,10.622,8.3292,8.3985,6.5456,7.058,11.189,7.3266,11.441,10.993,9.6843
10,0,7.7135,9.0019,5.7459,7.6498,8.4206,9.7639,5.7977,6.9515,8.6024,10.741,4.65,8.0649,-0.45166,10.12,6.8403,11.041,6.077,2.9952,0.41607,7.1866,10.921,7.9074,6.9453,7.5363,3.6458,6.3955,4.2163,2.9119,8.0514,5.1821,5.6989,1.4791,6.9727,6.2096,0.33256,4.6501,8.8925,4.4159,11.524,0.84464,4.3883,9.33,6.1681,2.6983,8.7229,4.6301,6.2191,10.065,6.5434,3.7432
10,1.1111,5.7863,3.5306,0.18837,1.3825,3.8129,5.8506,-0.3967,3.2548,1.3332,4.2688,0.86763,2.3839,3.3286,-0.25756,0.94073,-5.7662,-2.6725,3.5935,-0.52644,-4.2504,9.5677,3.958,1.2961,3.6451,3.8944,-1.8672,-2.5891,3.9183,-3.9417,2.5801,5.0799,4.6446,2.62,2.4402,3.9999,1.9977,7.6026,5.4967,1.8695,3.8027,2.1591,6.9617,5.2197,-1.4841,7.7123,2.548,0.81523,3.0628,1.6955,5.3419
10,2.2222,3.1223,4.1647,0.71396,1.8457,-0.25678,-2.6459,2.9645,-1.6996,6.6128,3.3495,2.2421,4.0467,-1.1964,0.70234,3.4794,-0.27539,0.24147,3.1595,-0.25628,-1.748,3.8627,4.085,5.0559,1.1503,2.3395,7.8106,2.8797,-1.2941,7.3918,-1.0116,0.23063,4.5799,3.2991,-0.033325,0.00097908,4.5351,-0.049339,0.9742,0.53945,2.5649,3.7101,0.34112,3.1439,2.2416,5.3089,-1.1883,0.30023,5.2834,1.8967,2.4456
10,3.3333,3.5128,1.9471,2.994,2.3907,-2.7819,3.1625,3.6328,4.7539,0.10063,1.2466,-3.7968,0.6917,4.5752,5.744,3.7724,1.0469,0.23991,-0.63252,-2.1897,6.9802,-0.10188,0.27719,-2.8545,4.1356,-1.1443,-1.2626,2.3403,6.3048,-1.4828,1.5138,-1.7532,4.0943,2.3084,3.7741,0.60603,-0.58363,-1.7939,2.7407,4.4711,1.6753,-0.45392,-1.1847,6.2166,4.706,4.3807,1.6788,0.78385,4.6247,3.3756,-1.3127
10,4.4444,3.8178,1.9192,1.0327,-1.3812,-0.39909,0.42126,2.922,0.39164,-4.9352,-1.0386,2.0068,-3.3855,-0.98857,2.5382,-2.5584,-0.31352,3.1505,-0.87552,5.8562,4.3727,1.4295,-3.1765,2.745,3.4383,0.51366,0.25008,5.2324,1.8135,1.1918,-0.1419,1.7542,-2.2501,3.5215,4.3008,1.6406,7.0313,2.7843,1.9453,1.1751,1.5446,2.8195,-0.97769,2.6038,4.7402,3.5959,0.31151,1.1417,3.3512,3.6825,3.9481
10,5.5556,6.4721,0.33733,-0.87885,3.556,4.7412,-2.5851,0.5676,7.9039,0.26241,-0.68119,3.3432,1.5164,-2.9581,6.3897,-1.1189,4.1218,-1.922,1.3374,4.9442,6.8667,0.48648,4.4711,4.7724,3.9318,5.7258,-1.1094,0.2517,-1.0821,0.77409,5.4421,4.0312,-1.9245,2.7693,1.4944,4.2725,3.2468,3.0423,2.3692,1.5427,2.8296,-1.5751,2.1061,8.0737,-3.0041,-0.58754,2.73,0.44315,5.8095,5.4715,5.6887
10,6.6667,8.1071,6.4068,2.6397,4.7733,2.059,3.6038,-1.9,-0.22879,3.9497,4.0169,2.0223,5.8739,0.3331,2.8471,0.9751,0.73721,0.69706,2.9629,5.9764,8.4072,-0.18536,5.168,5.658,0.46908,2.9916,0.27716,1.1963,-2.6528,2.9779,3.612,-1.7375,9.7219,2.158,-2.2443,1.9836,6.1602,2.702,6.3084,-1.0734,2.7472,0.63854,3.3365,2.1572,1.186,4.0153,9.8964,0.94173,1.8861,3.624,-2.9245
10,7.7778,2.3308,4.0986,3.5809,7.1038,1.6616,4.4658,4.5645,0.93387,2.8585,-0.65638,5.2384,5.7267,0.72439,3.7274,4.1644,6.2246,4.9028,3.5347,3.6477,1.6633,2.3781,4.3265,4.9866,2.0209,4.9409,5.3224,5.7404,7.8878,3.2021,8.6155,5.222,4.2595,0.38382,1.4549,4.6888,4.3495,0.16543,2.0892,6.7984,6.3448,0.38515,9.6567,3.6542,2.6186,3.0703,4.2921,3.0314,7.4212,4.6499,7.6016
10,8.8889,10.299,6.1734,8.6977,5.9366,2.547,4.6206,8.1877,2.8043,7.3153,6.0176,9.1154,7.8474,7.6131,7.9529,5.339,9.0569,9.2879,8.5485,1.7434,5.9293,3.1603,1.8925,6.265,10.643,6.7815,6.5715,9.9938,4.1982,7.7629,8.311,2.8474,7.0769,9.4158,7.6526,9.1709,7.4117,8.5164,11.497,7.6462,7.4073,5.5573,9.8501,4.0516,3.7111,3.5383,5.733,8.2962,1.412,0.93647,9.3424
10,10,9.3694,8.0086,12.112,8.5823,10.422,3.33,11.409,7.7478,5.7647,12.466,7.7367,7.0066,8.9034,8.5568,6.5455,12.487,6.016,8.4194,14.979,8.6952,6.7168,9.7828,6.7131,6.8392,10.238,8.0176,9.1651,9.0013,6.8737,7.9867,10.985,10.625,9.5914,7.3885,10.606,7.1547,7.3901,10.789,6.396,2.4061,7.1939,11.847,6.2068,9.1206,10.321,14.462,13.206,9.0107,4.9244,10.561
