0,0,0.64123,0.99615,3.8595,-0.93604,-5.9179,2.4278,2.1183,-2.2472,-5.0894,-3.4301,-0.17851,0.77441,1.5103,-2.271,4.2324,-2.5063,-0.22063,2.965,0.34154,1.5152,-2.0509,2.9695,1.4803,-2.0045,4.2194,2.9985,-4.8303,0.92308,-0.5453,2.1914,2.282,1.6155,5.5865,-3.9155,4.5687,2.1827,2.1465,-1.4631,2.7719,-1.0204,-2.4911,-0.4401,-0.99982,1.5102,3.5827,2.8939,-0.82549,-0.32509,-0.29799,-0.58834
0,1.1111,-1.2868,2.2239,2.2228,4.4977,1.9276,2.051,0.73578,2.3654,-2.6205,-0.71451,1.7925,-2.0008,1.4584,1.0596,2.8146,5.8907,3.161,3.7457,-5.1678,-0.65822,4.4352,2.2113,3.8704,0.43764,-2.3405,-1.4914,4.4074,-0.29055,-0.71607,-0.67712,1.3514,-0.63597,-0.45371,0.42138,-5.7445,-4.3831,5.2437,-0.18634,0.64335,1.3631,3.6009,-3.783,-3.1383,-3.3601,2.7006,-2.4993,-4.1778,-1.7942,-0.52059,-3.4263
0,2.2222,0.20219,-5.5029,-3.5546,-3.7019,-4.8279,-3.4729,-0.27112,1.3754,2.1798,0.14554,1.9303,-3.0512,4.0387,1.2436,-6.3338,2.9975,3.9921,6.084,4.4189,3.2475,-6.3061,0.47613,-1.0727,1.9697,0.19765,3.0477,1.9657,5.2297,-4.9752,-3.3146,7.284,-2.7335,6.8516,3.0284,-4.9712,-1.0488,2.837,-0.83288,-0.76185,9.2636,2.2132,3.9803,1.4166,2.7645,3.9672,-6.204,2.3549,-1.0849,-2.2861,3.7685
0,3.3333,1.3644,4.1126,-3.8292,-0.19896,-1.578,5.7628,1.9632,-1.948,1.8209,4.6028,3.5145,-1.2032,-4.2683,3.0311,0.016054,-0.0095274,0.83983,-4.0015,2.2442,4.0885,-1.1664,0.057632,-4.249,2.361,-1.4002,6.179,-1.8886,2.8721,-0.16935,-2.8692,5.0998,2.9073,2.1006,6.2182,2.956,1.7085,4.6793,1.9679,-4.3364,-0.20806,-3.0945,-0.20117,4.2171,3.3697,2.0109,-1.9873,2.8685,0.93357,1.3548,-2.1447
0,4.4444,1.2886,-0.74459,-0.84363,2.0288,8.3727,6.7031,1.9066,-1.1854,-5.4782,1.5865,-2.7958,1.4008,0.79579,-1.1389,1.3322,0.83867,0.88011,0.033476,-2.7734,0.061633,2.1275,0.80345,-5.8416,-1.3842,0.60302,-1.155,-2.8601,-0.82153,-1.8386,2.6503,5.5449,5.5139,1.0842,0.72619,-1.2651,0.48954,-5.6509,-1.9904,3.126,-0.34753,-5.171,2.2034,0.062624,-0.19827,0.6895,-4.6269,3.9604,-1.5057,1.9433,7.481
0,5.5556,-1.0349,1.7436,2.1485,-1.3908,-3.796,5.573,-0.3269,-4.3069,5.7966,-2.4179,-6.4782,1.9519,-1.8766,-0.95281,0.73075,2.6911,-1.695,2.1696,5.565,1.0282,5.0912,1.0323,-0.75018,4.3686,2.4156,1.7221,-1.4327,5.4299,3.2802,5.5699,2.8959,-4.2809,1.2286,-4.0175,5.6552,3.9507,1.3831,1.5521,1.3742,-4.626,-0.23746,2.6133,-0.54934,0.52283,-7.5588,-1.5791,3.2656,5.6592,-0.75504,-1.2086
0,6.6667,1.2592,0.29973,4.428,0.2343,1.56,0.23117,5.1663,2.5238,5.9293,5.4405,2.9193,-0.92932,2.8389,-2.1158,-1.1549,-0.48971,-0.18569,-0.90249,1.3078,-5.2536,2.7266,6.1187,6.7922,-1.1594,-3.1646,0.65077,-1.197,1.1431,1.6059,-3.6397,-1.5292,2.8169,2.4598,-2.5766,-2.1343,2.5093,-0.24164,-1.7647,1.4824,-0.82171,3.3102,-0.65614,-0.7719,-0.039627,1.1704,-0.61864,-2.3839,-4.2885,-5.6211,2.9617
0,7.7778,4.0043,3.3536,-1.6871,-0.44644,-1.2347,2.8283,-3.4673,2.7211,-6.4098,-0.98606,1.1963,-0.62611,0.74631,-0.065429,2.8868,-4.0601,-0.234,-3.0233,2.2905,-1.5388,4.525,2.7859,-3.3985,1.9939,5.1948,-1.5801,3.957,0.59194,2.8187,0.078155,0.28222,-0.44742,1.9913,4.5061,-4.6142,0.25838,-3.4806,-1.4939,3.4896,-1.6741,5.4018,-2.4725,5.6596,0.25462,8.4546,0.060314,-0.34104,1.6983,2.0323,0.29673
0,8.8889,1.9384,-1.3857,-0.73641,-0.26519,5.0598,-1.4707,-4.2462,-2.3541,3.5741,0.88726,4.8384,0.85056,-1.4075,0.63293,0.66492,3.3895,-1.0107,-1.3534,-4.3444,1.9615,-0.99474,-1.0173,-4.098,6.0433,3.7151,1.6154,0.27878,5.1135,1.2192,1.0127,2.878,4.326,2.8522,6.095,1.6452,-4.1539,1.7224,-4.6631,5.2236,-3.0609,3.7479,-3.1081,-3.1138,2.335,-1.7185,-0.61444,-0.825,5.981,6.224,0.047249
0,10,1.8756,2.3906,1.7265,2.1611,4.25,1.859,4.3897,2.1652,0.043078,1.3879,-0.47543,4.8787,-0.68341,-0.98308,-0.13443,-3.5272,-5.9585,2.5694,1.0159,-0.052489,2.5781,3.558,4.9444,0.8915,1.0905,0.60368,1.7117,3.0465,6.9407,1.291,-1.5383,-1.2786,1.1904,0.86451,3.5247,0.64975,1.9755,2.5149,8.0418,0.20639,3.6321,3.3299,3.9358,5.9384,6.2593,0.085968,-0.0075068,-0.96373,0.13266,2.1292
1.1111,0,0.11356,2.8417,0.38702,-0.12129,8.5593,2.3455,6.9936,-0.24208,-3.7486,0.35918,-0.17047,-1.7778,5.66,-3.6126,-1.1013,2.4987,4.9975,-2.4377,7.393,8.3572,-4.1964,2.1327,-2.1638,-2.1252,6.5749,-1.6061,-0.72041,-0.1287,0.53342,-1.3293,-1.6012,-2.5886,1.3815,5.837,2.353,0.22377,4.1163,3.9027,-4.4363,1.113,0.78492,-0.11815,3.181,0.9731,1.6487,-4.4865,-3.3534,-0.89782,-0.37861,-0.30551
1.1111,1.1111,2.9592,2.5216,-1.1,-1.5038,2.8721,-1.9573,1.7988,1.7437,6.5561,4.8492,0.57842,-1.4032,-0.59827,2.666,0.65005,2.9583,-5.9046,-5.7036,-1.2772,-0.23498,0.14709,1.2882,0.60854,-3.7976,-3.2683,2.9542,-0.64735,2.3894,0.98863,-3.9135,-0.27186,-1.7942,-4.5355,-0.61741,-6.0571,2.8947,-1.4555,4.0426,-0.37404,2.8377,5.0086,-3.3074,0.31185,-2.7462,0.089937,-0.13504,3.6477,-2.0796,-0.57024,-0.76508
1.1111,2.2222,1.8254,-4.8303,-4.1089,5.1541,-3.2707,2.8659,0.95762,2.1896,0.65651,6.3495,-0.35129,1.8319,1.1127,-4.273,1.2576,1.2381,0.40763,-0.33923,2.1661,-1.124,0.064326,5.0544,0.73403,1.6278,-2.9712,-1.9427,0.78321,2.031,-0.41753,4.0926,-2.7094,-2.4015,-1.1762,-6.9151,6.3553,-0.0527,0.096806,-0.36977,1.3355,0.57982,-2.5599,1.8405,4.1955,6.7731,0.99875,10.208,0.85417,-2.1664,3.8897,2.425
1.1111,3.3333,5.7434,-1.4412,0.57497,2.6334,0.55757,1.5935,-0.053759,-1.3989,-3.067,5.8977,-0.878,-0.081944,-1.8016,4.116,4.0364,2.0234,1.7611,1.0593,7.6086,-6.4979,-3.1335,8.2322,1.6498,-0.97583,2.0992,1.9597,-0.49427,-0.14794,3.5439,1.5184,-3.8445,-1.3017,4.2498,1.6667,2.1545,4.5768,0.83814,-0.64657,3.6617,0.63183,1.3155,0.82455,-4.46,-2.6756,-1.921,-2.9473,1.4527,1.5924,2.0432,6.0469
1.1111,4.4444,3.378,0.74827,-1.4934,0.85635,-0.21767,1.1853,-0.17713,1.8758,0.53254,-0.058727,0.062415,-0.22621,3.4884,2.6113,3.5363,-3.3282,6.3709,-0.19502,-3.9925,0.49189,0.97363,-0.52961,-6.3676,2.4348,5.7489,-1.6257,-1.5163,3.2159,6.0516,-0.55277,2.123,4.3083,0.89313,0.36597,1.359,-1.9223,1.1231,0.2963,8.4569,-4.0691,-1.947,3.7932,1.1512,0.96937,4.7929,-3.2362,2.2081,-1.1524,-0.048679,0.28514
1.1111,5.5556,2.6179,-2.4798,-5.4238,1.1783,6.9949,-5.3004,2.0464,3.9387,-3.3827,3.0736,3.3397,2.3425,0.50265,4.4387,2.8418,2.5779,-1.2124,8.0986,6.9984,-8.282,1.7988,-2.4976,2.5601,-0.54648,0.11951,7.3481,-1.359,-2.7364,-1.7776,3.5738,1.146,6.6072,2.5781,2.194,-8.7302,3.8983,2.1326,0.32305,0.80004,-2.6435,2.4756,-1.0154,-2.6288,0.022381,2.1342,1.5705,1.2852,-2.4609,4.7969,-2.0296
1.1111,6.6667,0.10157,3.9179,1.7496,3.0493,-0.99145,1.7334,2.3947,-1.8469,5.3509,3.2922,6.2526,3.7427,-0.69013,1.8266,2.4094,1.3941,-2.8502,0.0058666,1.492,0.75298,-0.34742,1.4232,4.6096,0.61373,4.6357,2.9953,0.57671,0.11945,1.2751,0.9683,-0.87842,-1.8258,-2.94,1.8337,2.1924,3.0725,-2.6946,1.0918,1.7789,-0.87818,1.7183,1.4308,0.42852,-2.452,3.5501,2.344,1.8705,1.3045,-0.25727,-3.1595
1.1111,7.7778,3.8051,2.5204,0.66396,-3.1851,-6.9399,3.8986,-0.46615,-3.3905,-1.1288,5.6076,2.4512,-2.0415,1.5257,2.711,-0.746,3.2359,-1.8055,1.3351,2.5345,2.7013,2.584,3.1629,1.307,3.8271,-0.82282,6.5299,-0.42952,3.7122,2.3552,3.1921,1.5939,0.35983,-0.57217,2.3866,-4.1706,-0.67513,2.9235,1.9756,4.6991,3.3687,2.9144,3.0726,0.41919,-0.5484,1.0746,-3.1945,1.1466,4.4679,2.2171,3.5129
1.1111,8.8889,4.7128,3.7991,1.9523,2.4906,4.3247,4.0453,1.2337,5.6798,-0.93637,2.8757,5.7963,4.3909,4.403,0.0094785,2.3019,1.5757,-5.2861,-0.01449,1.9161,-0.074221,0.96125,-0.38318,-0.96265,-2.8574,8.4873,5.424,-0.5477,-0.62171,2.972,0.78583,-4.7773,0.91276,-4.4827,1.7803,4.8538,7.047,-3.0247,3.7776,-2.1967,0.35324,0.70663,0.94932,3.001,0.44983,0.87346,3.8734,-2.9808,3.5339,0.38778,-3.1718
1.1111,10,4.4316,1.9758,-2.5198,4.048,0.9868,-2.9177,-1.9243,0.30537,2.4184,2.4126,4.4442,4.1776,-1.4071,5.3896,1.1858,5.3019,0.17119,3.4471,6.9458,6.8499,-1.2452,4.6894,-4.7829,0.98646,1.4763,-3.0313,-2.3473,3.5055,4.8802,-0.29542,5.1031,-1.3064,-2.3891,-0.50997,-2.699,4.5039,5.9155,1.7779,2.2853,3.5035,1.4886,4.473,1.3346,-1.002,1.0996,4.0064,-2.1728,2.579,6.5678,1.1623
2.2222,0,2.9563,1.4239,-0.87045,-2.8471,2.7658,0.40802,0.0085094,1.7712,2.113,-2.3353,1.743,4.0403,-2.7747,4.847,-2.0016,0.81718,-4.475,-3.1363,-2.5015,1.2966,-0.94042,1.8468,-0.95079,-3.026,4.8622,-4.1257,-1.4598,-2.16,-1.1187,0.38063,1.4425,1.3104,2.2041,-3.6616,4.9945,-2.5038,0.18632,-1.5266,-4.5655,-1.4829,-1.537,-0.24792,3.635,-2.1483,1.9847,-1.1327,-1.719,0.6487,-4.7995,-6.0837
2.2222,1.1111,-3.2967,-0.45654,-2.0522,0.62917,2.3797,-0.78385,1.6506,3.7434,0.64431,-0.9738,-1.5053,2.3547,-2.6777,-0.42683,-2.907,0.80914,0.37843,-1.8145,2.2515,3.6647,-3.2742,1.5044,2.5245,1.8549,2.6124,0.39817,0.73146,-4.3855,1.5868,-0.50965,-0.2786,5.6927,-2.7805,-3.6539,-2.3266,1.3459,2.1099,2.7452,2.1908,-0.96679,-3.5663,-5.3762,4.711,2.9811,1.4755,1.2826,-2.3089,3.6868,7.037,6.9394
2.2222,2.2222,7.9302,-0.99135,1.6382,-5.2742,1.3288,3.867,0.61303,2.971,-0.28469,-1.7199,-0.49464,7.5836,3.3438,5.1252,2.2683,5.1069,-0.6538,5.7882,1.1604,7.3956,-3.3542,4.3838,1.6858,-2.1159,1.7386,6.7113,2.5531,0.32064,-4.513,-1.0154,-2.0623,1.5805,-1.0121,1.1381,-1.6132,1.7685,-0.21976,-5.0064,-3.1222,5.5706,-1.4593,-4.3416,6.4426,4.1426,-1.9708,-0.27998,2.316,-4.4873,3.5008,4.731
2.2222,3.3333,3.7108,-1.3176,-0.96764,1.5661,-5.5679,3.55,7.146,-4.8628,3.3874,3.2876,2.1798,-1.8961,1.4182,-2.4835,-0.48132,2.2792,4.1484,-0.29323,0.28311,-3.5905,-1.2344,-4.2846,2.8859,4.5144,-3.9679,-3.7576,0.22172,0.81126,-0.72736,-0.20501,3.7977,1.1614,2.3275,4.2529,2.6261,4.6161,4.7992,2.249,-1.8971,6.6809,4.8347,4.5562,-3.3452,-0.68181,2.4936,4.3579,1.5381,-1.7802,1.2431,-3.6712
2.2222,4.4444,-0.61332,4.136,4.1502,1.5047,0.54176,-4.6797,5.671,-0.58579,-1.8618,1.5565,-0.41975,4.9631,2.5939,5.9095,7.5074,-2.7626,6.0532,4.838,7.8245,2.0979,2.5642,-0.28698,-2.6399,-0.21127,3.1204,-1.4907,-4.9128,-1.6621,-2.2619,2.9107,-0.97871,5.52,-0.85051,6.2269,1.9151,3.2054,1.964,2.9825,-4.303,0.85066,2.2595,1.4275,-5.6019,3.1967,2.4691,-0.53233,1.7397,4.0678,1.4668,-0.97019
2.2222,5.5556,2.4188,-5.4811,-1.1204,-2.3394,0.0030647,-0.085579,-2.8248,2.9545,6.4918,3.5863,4.6816,-1.237,1.2252,-4.4447,2.2914,1.8122,-1.6919,-4.0871,-0.89601,-1.4463,-3.1466,-0.44847,-0.55969,1.3608,-2.1351,1.9939,-3.3264,-0.87916,3.0137,-1.2954,2.5485,1.8038,5.6891,1.987,0.486,3.1698,0.98067,1.6247,2.5453,-1.7331,8.7779,-0.6955,1.3236,4.8543,-1.576,-2.2441,-6.0024,0.45337,-1.7009,-0.62391
2.2222,6.6667,0.39525,-2.3155,-3.2117,1.3463,1.4856,6.3305,3.8822,5.3729,-2.0725,2.1298,4.8604,1.9437,-1.9969,3.2658,6.2342,1.431,4.075,0.88964,-3.7986,4.9102,3.6462,0.57863,0.87369,-0.070968,-2.445,0.29298,1.3282,3.2172,1.3284,-4.3029,-0.18084,1.8653,3.5349,-0.65699,-1.9062,0.21351,3.0655,7.24,-1.4223,-0.22161,1.8927,2.3084,5.1586,-0.89103,3.4968,-2.7387,-3.1413,4.2926,5.2097,-0.32917
2.2222,7.7778,-0.59227,-2.2096,-2.1358,-2.3719,-2.6946,0.33765,2.1815,-2.5196,3.3146,1.4106,-7.5453,0.13592,4.3034,1.0733,1.6804,3.3311,2.5447,5.6692,0.72414,-1.5514,3.183,-0.91375,4.7514,3.3061,-5.4357,0.1199,-1.1721,2.5546,2.8481,-1.1499,4.8952,3.7502,-0.94593,-1.9349,0.17267,-0.59328,-2.2813,-1.5066,-0.4497,4.093,-1.3883,-5.0101,2.6921,2.015,-2.0565,-3.2015,-2.8719,-2.569,-3.1952,3.2128
2.2222,8.8889,2.9702,1.7561,3.215,8.4173,4.7573,-1.668,-2.0332,4.0027,-1.0024,3.6319,4.8205,4.2057,2.4666,3.7649,0.065925,-2.1031,-2.1505,0.28541,-2.4073,2.7572,-4.9321,-0.066019,4.6037,-1.5719,1.9802,1.1304,-1.551,-4.0321,-1.1953,-0.037359,3.006,-4.9364,0.1285,1.9309,1.902,1.8703,5.4617,1.9538,1.5557,4.5713,5.8539,7.7195,-2.4076,-2.7385,6.4307,0.14987,-0.32723,2.5051,1.3362,4.8814
2.2222,10,-0.57001,-0.14011,-2.5623,-1.5426,-1.3809,-0.44999,-0.36825,3.7165,-3.8592,4.0436,5.3876,-0.30386,-2.9783,2.5664,1.2977,1.5541,4.8377,2.1785,-1.2386,3.6317,0.7461,5.2698,3.0284,4.4111,-1.0653,-2.1655,4.8503,3.2349,1.9638,6.7994,3.468,-2.183,5.2498,0.20516,3.0892,3.052,5.1025,2.5327,4.0709,2.1186,2.9685,5.4199,-2.7987,2.8248,0.32311,-3.7127,-0.38097,-0.93784,1.1615,-0.39481
3.3333,0,5.4068,2.2635,3.9279,5.0228,2.5384,-1.2105,1.5569,0.033363,0.085601,4.376,4.3481,4.3164,3.1303,-3.3028,-3.4141,-4.8628,0.16191,2.3564,2.1431,1.7829,2.303,-0.57832,6.7193,1.7169,-1.2494,5.1803,-8.1387,3.8677,2.0125,-4.0071,3.9549,2.7084,0.29179,2.4103,3.5927,-4.2222,0.50917,0.69184,-4.7169,-2.5444,1.2767,3.9954,-8.3445,-2.4407,-4.3863,6.1936,6.2688,-0.23091,-2.0357,-3.4574
3.3333,1.1111,6.2907,0.32304,5.0154,1.415,3.3331,3.7854,-1.3875,3.3829,1.0474,2.574,-2.2678,1.9311,0.38528,2.2385,1.468,3.4576,-0.7368,-0.42942,-0.43529,2.073,1.2438,-0.38268,-1.8419,7.5694,1.5898,-2.5153,4.5176,2.3014,3.5738,-1.9962,-3.9508,0.97789,0.036602,-0.5735,4.7538,5.043,-5.0315,0.45899,3.5865,1.004,-0.22215,0.058621,0.12704,1.9222,3.7451,3.2875,0.84884,-2.4506,5.8111,4.4734
3.3333,2.2222,7.7802,1.815,4.815,0.77862,-0.22858,4.0712,-1.1913,-5.18,0.66174,4.9733,2.8882,1.8525,5.8918,0.18692,-4.8971,-0.18273,0.9604,0.091616,0.34053,0.45881,4.6958,0.93389,0.97547,4.8773,2.5213,0.23819,3.9352,3.1707,-1.8038,4.2767,6.2632,-2.5849,-2.7932,6.796,0.44383,5.326,3.7825,-1.228,2.2119,-2.1107,-7.1006,1.1906,2.6361,2.2075,0.36355,-1.37,-1.5927,4.7217,1.2723,0.26147
3.3333,3.3333,4.2061,1.6184,-2.0774,6.3006,-1.5746,2.4134,5.3928,2.6098,2.1504,3.5772,-2.3715,1.6616,3.2373,-1.468,2.2933,5.3686,-0.49079,-0.25336,-1.5568,2.9937,4.5076,6.7634,-2.5785,0.002042,-3.2759,-3.1828,1.207,6.7909,5.9376,7.4285,1.5964,-1.1636,0.23385,5.7775,3.9517,0.65377,-1.998,-0.99129,-6.3769,1.8463,1.0923,-3.9204,-1.5252,3.5186,-4.3896,1.4143,-0.20766,1.9993,3.1932,3.4069
3.3333,4.4444,1.7401,-3.827,1.5537,2.1296,1.7666,2.4834,4.1861,1.6687,4.7706,-4.0648,3.4862,2.4749,4.666,0.46793,-0.88401,1.9506,-0.7329,0.095569,-0.82708,-5.2206,3.1671,-0.49579,2.1555,3.7005,4.0444,0.16588,5.9984,-0.50457,0.88318,0.17802,0.75535,2.0723,4.4569,3.6282,-0.129,-0.10244,-2.1696,5.0965,5.0831,1.4295,4.3152,1.2833,0.016113,1.0245,2.2077,-3.2475,-2.2125,4.6855,-2.0501,3.7585
3.3333,5.5556,1.6035,2.9714,-0.019982,0.22093,4.4654,1.8995,0.7479,-4.5439,-0.88829,-4.5098,0.53162,-1.3223,-1.6012,1.2395,-0.48774,3.9649,3.0136,-3.7591,-1.6543,-4.9421,4.9653,-3.4669,4.295,6.3017,0.64929,0.036944,2.8036,1.5381,0.043751,0.97701,3.5543,-5.0087,1.5516,1.5251,2.4262,2.8214,-2.1692,-1.4951,0.93959,-6.1464,1.4374,1.6091,-2.8039,2.6995,-1.6041,0.17627,3.2391,0.32147,1.139,5.5451
3.3333,6.6667,0.87295,0.13822,1.6691,1.0988,-5.6728,4.1105,0.41027,2.4886,-3.1526,7.0016,6.5068,-1.603,3.9009,5.6457,0.62271,-2.3665,2.8647,-0.31729,2.4462,3.8834,4.3478,7.0566,4.2217,6.4264,5.5984,2.7613,1.9395,4.3846,3.7968,-1.3402,-4.0629,-1.7225,3.4088,-0.90891,2.7074,3.0439,-2.0776,-0.20695,-2.6486,3.8287,0.029444,0.42389,4.6063,0.64207,2.923,3.595,1.9116,0.26961,-2.8171,1.6924
3.3333,7.7778,4.3158,0.71912,0.69713,4.7533,8.8146,0.46531,4.4967,4.6656,1.3376,1.1923,4.4296,-0.9518,0.45604,0.7844,5.7619,-1.9594,1.6069,-3.3907,-2.2159,4.7977,-4.9424,0.93831,-0.59564,0.27298,-4.5933,-0.077994,6.7593,2.5779,0.32394,1.6759,1.4077,-2.2641,7.8418,7.731,1.2462,6.0654,4.1412,1.7342,0.1064,2.6705,-0.32591,3.6604,6.086,2.8634,4.2442,0.81406,3.6496,3.093,2.651,2.9205
3.3333,8.8889,3.1744,1.1356,3.0024,-1.8563,1.0763,3.1735,-0.99741,0.85323,0.5293,3.1975,4.9413,0.4896,4.1817,-0.061906,1.7357,1.0868,-1.6091,3.7184,4.7727,1.0081,0.60165,-2.0313,5.683,2.5918,-4.1115,2.0766,6.5142,3.3472,2.5335,0.37847,-0.69008,2.4782,6.3752,2.803,0.27785,5.6728,4.0952,1.2841,2.33,6.4233,-0.5636,1.3184,1.7406,1.876,5.3812,-3.9894,3.1047,0.26212,3.1346,-2.445
3.3333,10,-6.7038,2.8816,3.2893,1.1492,7.7303,2.777,-5.7287,0.63966,2.4797,2.6954,2.8484,4.809,5.3954,2.906,-5.0216,0.40604,0.32944,4.5212,-0.64255,1.8252,0.6302,2.4288,-4.7495,-1.0936,1.8171,5.2478,-2.0427,-1.8967,-0.17128,5.66,1.9587,6.2594,2.3416,2.3348,3.1936,2.4754,0.80851,1.7109,6.3455,0.059429,3.8528,4.1179,0.30606,4.0307,2.8027,4.6803,0.64781,2.6394,2.3943,2.8645
4.4444,0,0.22414,-3.3202,0.24053,0.20023,3.6565,7.2853,-1.7997,-4.7182,3.3958,-1.8361,0.32833,1.7406,5.2565,10.072,2.6302,2.9778,1.7064,2.5222,1.9038,4.6791,-2.5671,5.4059,-1.3353,0.38043,3.6749,0.17076,-0.55038,2.2031,-0.70086,8.867,-2.2885,1.8717,2.898,-3.5339,0.73274,3.2644,1.5865,1.5579,-3.0987,1.9642,-0.50397,-0.78187,0.81277,0.92251,8.9708,3.3631,-2.3602,4.0841,-1.2846,-4.3861
4.4444,1.1111,1.0758,2.3858,2.9278,-2.3129,5.4298,7.1609,0.24502,1.1135,-1.3135,3.1573,4.2367,2.8764,-1.4671,2.2069,-0.14612,2.8455,9.78,0.50688,4.7467,5.614,2.4969,-1.7867,6.1907,5.9663,0.1957,-1.3997,3.9263,-3.2175,5.5682,-2.9277,2.3245,4.3287,1.155,0.73437,1.0977,2.5731,3.0102,1.3744,4.258,-3.9062,-5.5502,4.8345,2.8019,3.5269,-3.8898,1.3881,-3.2825,6.3057,3.1777,4.015
4.4444,2.2222,3.5363,4.452,2.4881,3.4831,-1.7205,5.8663,2.5592,6.1531,-0.70604,4.4262,-2.7572,0.61026,9.2823,0.66376,4.8501,7.7671,0.54378,6.563,8.3584,3.2683,4.0033,-0.64216,1.2435,3.0116,-1.2336,0.019307,4.717,-0.87011,0.60188,4.4967,2.0578,1.0406,-0.037868,4.5804,3.4062,4.445,0.21579,-0.15245,0.72982,1.5126,6.9248,6.5697,1.6623,-1.9637,-0.23445,-3.8256,4.5437,-0.044643,1.5746,6.0147
4.4444,3.3333,6.2367,1.3685,-0.89284,1.7225,1.6803,-2.2067,0.65065,8,6.9718,1.1686,3.6914,1.6866,-2.2991,3.1237,-0.55094,2.5598,4.1938,0.56142,-0.44382,2.1761,-0.10386,1.4199,0.53801,4.4595,-2.2193,-0.0069148,-1.9414,7.8321,3.4546,3.9005,3.8659,3.0666,1.3133,8.7965,4.7056,-1.4883,-1.1663,-2.0641,-1.2849,5.2586,-1.5733,2.8659,2.4389,0.45066,6.3526,-1.1967,-2.4475,3.7502,9.0215,4.7343
4.4444,4.4444,0.26153,2.3503,-4.2882,-0.24606,6.7497,0.082243,1.1014,-2.7125,6.1971,0.10995,-2.7251,4.3408,5.3606,4.6166,-1.095,2.2802,4.2651,-4.6063,0.66402,1.7091,-2.4396,2.8985,-1.0419,3.2388,1.7059,1.4483,-0.40047,0.87593,-1.7892,0.65895,4.8585,4.6593,-2.0214,7.256,1.9214,1.0108,0.23137,5.9294,-0.67247,1.9456,2.3053,-5.3091,-0.33121,-3.7618,4.3667,3.1302,-1.8474,1.1996,2.4322,-1.0081
4.4444,5.5556,1.8762,2.24,3.4543,1.0898,6.6854,4.903,7.7453,1.8168,-0.47203,7.2951,5.7946,0.0088623,2.0784,0.4244,2.2444,-1.47,0.55678,-0.26728,1.1448,5.0718,1.0674,3.4896,0.51142,-0.62495,0.39498,0.99601,-1.9357,-3.7254,8.5963,2.3487,1.0398,2.3251,-4.2414,1.7959,2.548,0.92052,0.23277,-2.2551,3.2612,4.8545,3.7979,2.268,-0.76332,6.2051,1.8829,2.5093,2.3434,4.0777,2.2749,-0.30963
4.4444,6.6667,7.0266,-5.3056,2.0952,2.4857,1.2733,1.3797,-1.2043,1.8672,-0.55818,0.2466,-0.25427,4.9996,3.2015,6.8197,1.6878,3.2233,2.2454,0.11491,2.4114,1.9352,-0.12995,-0.61061,3.7561,-3.9957,2.3764,1.3791,3.1047,2.8088,5.5404,2.5067,-3.2489,-0.099643,2.1169,8.3731,3.2496,0.013761,0.719,1.7071,0.36216,5.1364,3.1704,1.1032,0.39038,4.6853,2.0684,2.0305,-3.496,1.3137,7.2285,4.8562
4.4444,7.7778,-1.63,3.2856,5.7859,4.4173,-0.12699,3.6907,-0.12465,2.8038,6.1875,3.7726,1.7841,-3.4282,6.9658,5.5996,2.7612,6.023,1.5682,1.0086,3.2305,6.5455,5.5779,0.41614,-1.1819,0.79542,5.6507,1.1333,-2.2654,0.34846,4.0408,4.0708,1.1666,3.0198,5.7126,4.5924,1.5947,5.3325,5.9235,-0.16724,2.9347,0.44395,1.2039,5.7064,4.1881,-0.41027,3.7841,1.6529,5.5686,1.7875,1.7159,-2.0355
4.4444,8.8889,5.7607,3.6012,3.0872,4.9045,-3.4306,-5.5544,1.6301,0.7202,1.271,1.1768,1.9548,5.3821,2.7856,-0.17345,0.87275,-1.6139,4.7476,0.19559,0.68039,5.2603,0.49165,0.95931,3.039,0.16055,-1.1192,0.55976,4.3544,0.55602,4.4729,1.2915,7.2972,5.7918,0.46338,-0.87037,2.2863,4.8969,1.8466,5.7731,3.3145,5.7159,2.6079,4.4179,1.1006,8.9633,-0.023037,3.5019,-1.8679,3.6396,5.4088,9.018
4.4444,10,3.1564,-2.938e-05,1.5734,-0.57438,3.7454,4.5106,2.3886,2.4346,1.5476,2.7393,1.0952,-2.0541,2.0153,-0.87479,-0.79251,5.1997,-0.76364,1.5577,2.0961,0.19017,3.8424,5.2161,8.4005,-3.3569,7.5938,1.3067,5.2285,-0.25853,3.8783,5.1099,0.66679,2.0418,-0.55411,1.4132,1.4857,6.082,0.71118,2.3478,-0.081571,6.5972,0.17948,2.2207,0.73077,-3.5047,0.087576,-1.642,5.2842,-0.27979,-4.7039,0.62503
5.5556,0,3.4931,-3.7432,0.28555,0.96807,-1.7484,3.0005,4.1038,-0.15014,-4.2554,-3.3801,5.6548,-0.75313,2.8676,4.6506,1.8112,0.25853,0.57573,0.9131,2.7038,1.9482,-5.0717,0.92489,1.6248,1.5552,4.8176,4.2313,0.17639,8.7685,2.6294,4.9364,-2.6256,3.9708,-2.4953,1.1986,1.0853,-0.65354,5.8784,-1.5091,-1.9925,-3.6064,2.2421,-0.47159,0.32839,3.981,5.1114,6.2838,2.3488,3.4933,2.547,2.2151
5.5556,1.1111,11.205,3.5593,1.686,-1.497,5.1162,1.1162,0.47204,3.7341,5.0007,1.9245,4.9151,2.1507,0.20019,-1.7351,1.4793,-0.37822,5.5312,0.24947,2.1902,6.7164,-1.8862,2.4899,0.79861,-4.9385,2.6553,2.3737,-0.30373,5.1928,1.7354,4.5426,3.5841,3.5239,5.8886,1.651,0.0025963,8.0858,0.82093,4.831,-1.7404,0.32914,-0.68019,0.21279,5.1998,0.69373,1.7767,4.0855,2.4442,6.4525,5.535,0.30017
5.5556,2.2222,-0.45667,3.2469,2.4415,3.7691,2.1544,4.6806,2.4484,4.2862,2.5099,-1.3508,2.4867,1.9171,-3.3141,2.4206,-2.4464,3.781,1.3435,3.1525,2.3201,-1.6934,3.0379,-0.87379,2.7524,6.5252,6.471,2.1239,1.1167,0.44893,-0.88818,2.6592,1.4624,-2.8419,-0.06912,3.0983,1.2447,-0.92921,3.3587,2.8433,2.9112,7.2109,4.0379,2.0905,1.3743,0.10359,3.5389,3.8046,4.7123,6.2567,7.0074,-4.6819
5.5556,3.3333,5.8445,3.3391,-1.0073,0.032316,3.9103,-1.836,1.3725,2.1868,1.9338,4.7941,3.7578,0.81437,-2.0454,3.3334,1.5801,3.2954,3.9453,6.3328,5.5042,4.0292,-4.4775,-0.88203,3.8584,1.9308,0.15151,4.9279,1.8011,-0.84061,-0.9282,8.4853,8.4716,3.6339,6.413,5.9593,0.80635,-0.58183,-0.62399,3.7948,-0.72384,1.132,-0.46114,5.8722,0.076191,3.3411,5.4139,6.9663,4.8729,2.2813,7.8574,6.5716
5.5556,4.4444,2.9586,-0.55114,1.091,-3.7165,-1.2539,0.51528,-2.3714,0.89337,1.7958,1.8693,2.5693,2.2272,1.7979,0.22433,-3.813,1.9504,-1.8168,1.0085,2.4467,0.40934,5.8962,2.0111,1.9521,1.4389,3.4884,1.6555,-2.2747,6.3952,0.21167,8.2939,4.2137,1.2182,-2.1849,3.3024,-4.0136,-4.7174,4.6681,1.3695,2.0512,5.4771,2.6571,-6.8063,2.3707,-4.9795,1.7363,-0.45738,6.0537,2.3853,-0.085439,-0.23007
5.5556,5.5556,2.4912,5.9868,-2.6632,5.3664,-0.79242,1.9178,-2.4032,6.9556,1.9801,7.2226,0.94902,1.6096,3.3908,2.5399,-0.84714,3.5862,5.8995,5.9476,-0.50008,2.0105,1.2525,8.6463,1.3712,-2.474,3.0378,6.8369,5.0401,1.8918,8.3388,3.8031,-2.7731,4.745,-0.94839,-1.5941,-0.75915,2.2692,0.83427,1.6016,8.0561,7.58,4.1234,6.0138,0.24946,0.15858,4.0293,4.4227,6.5629,3.1547,5.5544,1.4339
5.5556,6.6667,3.6277,3.3931,5.6448,-1.4977,3.5948,3.5826,0.97234,-1.9814,2.8268,0.39526,3.0922,1.8765,8.767,2.0249,2.0709,-4.6288,0.15124,3.2228,4.7539,-1.9916,3.3741,4.4483,-3.0864,4.8263,0.53356,3.8497,7.7209,-1.2826,3.6525,7.456,1.9843,-0.7558,2.5702,3.5426,11.193,0.027575,7.0036,1.3116,-2.2375,2.7046,3.4328,8.1965,-1.5788,5.2489,0.58471,0.27973,1.8042,3.0018,-4.8438,4.4417
5.5556,7.7778,0.77584,1.2582,-5.9992,-3.0546,6.4513,1.3972,-4.2799,-2.2689,4.3965,10.569,3.1203,-1.696,-2.6098,-1.3476,5.3028,5.2778,7.304,3.3515,0.25325,-2.0283,2.1925,-1.2555,5.546,1.6986,6.3356,-1.1276,-1.2442,3.6092,1.1615,0.22608,3.9202,3.4237,-2.8162,5.3942,8.4476,2.3459,1.5084,7.7925,1.5297,3.111,5.0011,4.7163,0.10422,4.1711,1.8932,1.7585,7.1882,5.2187,2.5179,1.1469
5.5556,8.8889,3.298,4.505,1.1625,2.5232,3.9756,7.8343,5.6517,3.0378,4.3449,-0.25258,2.6984,7.3436,2.0465,5.3169,2.9299,4.4506,4.3559,0.48968,4.7131,4.1004,-2.189,1.8979,6.1081,1.0116,3.696,6.2473,1.3376,0.23794,4.5899,1.4906,2.1231,2.9318,1.8138,-2.9935,1.547,1.9439,3.0564,-2.0149,-3.5545,1.6767,-2.3566,2.1952,-0.64014,3.084,1.1936,6.2221,1.3193,2.721,-1.0991,4.5515
5.5556,10,4.0938,5.2,-0.66341,3.873,4.2111,3.7372,3.2472,0.51267,3.8089,-0.56622,1.381,7.7571,5.1971,3.7351,1.568,0.4417,7.0951,3.1662,3.5469,3.3148,1.2671,4.0103,2.6013,2.578,-6.5424,3.6191,0.95798,5.202,-3.7675,3.2486,2.0799,0.65852,6.0206,-2.0177,-1.346,5.2002,-4.0517,-1.9205,7.69,3.6486,2.3459,1.0945,0.44548,1.9086,2.3355,1.0986,5.7274,6.9008,2.6485,3.8748
6.6667,0,3.235,3.5954,1.6244,0.63686,4.4772,3.9932,6.8668,4.7013,0.53215,4.0463,3.5131,4.3597,2.2539,2.8703,3.444,4.3193,5.0218,-1.0994,1.5012,2.3855,0.76115,0.70463,3.6245,-0.32803,3.3117,1.4155,7.1285,6.7568,-3.2753,-2.9974,9.0546,0.64783,0.88953,4.6357,-5.2199,2.3736,3.868,2.3876,6.3025,-0.57365,7.887,1.3596,2.3229,-1.8027,2.6563,3.3029,6.1496,6.9252,2.1174,7.1672
6.6667,1.1111,2.4357,2.7298,5.3154,2.5646,0.38008,1.5979,4.0522,5.0272,0.64115,0.45748,5.5125,2.743,5.3025,1.6773,0.094106,4.9403,9.275,3.5299,1.4282,1.1014,5.2766,4.9396,3.2486,6.7953,4.802,2.379,1.3564,4.4429,1.9768,2.1891,7.5452,7.2641,-3.0433,2.406,1.4855,3.6457,-1.3539,1.2857,4.1318,2.6447,3.2489,8.0508,3.6751,2.807,2.7768,0.87115,6.8661,3.2463,3.7324,-1.176
6.6667,2.2222,1.9912,1.0393,3.4879,0.79681,2.1954,4.8339,-0.62959,3.8175,4.113,4.3496,8.1796,-1.3214,4.6147,1.8859,6.5573,3.8576,2.7241,3.8238,2.697,2.2499,-1.1345,-0.15264,-1.4052,3.5446,3.7229,1.6259,6.4041,3.6476,4.6022,1.9126,0.062868,6.3692,4.3842,5.0569,6.1686,4.63,6.225,6.3601,7.5052,4.5677,5.8016,6.7287,3.4095,1.9479,3.3394,1.198,6.1248,0.47245,4.7358,1.2397
6.6667,3.3333,-0.95546,0.79084,6.0258,4.0849,2.8269,3.8462,4.0088,2.3533,2.753,1.0251,-0.13861,0.97263,0.12181,3.7834,5.6685,4.1582,-0.087926,4.9265,4.6389,0.046554,5.7057,5.635,1.5462,0.48383,3.3257,3.3314,-0.51193,3.1844,-2.655,2.3673,1.6869,1.2895,3.9635,3.3896,2.114,9.3896,1.6282,-3.2685,3.2042,3.529,4.3106,7.0133,-0.80085,0.25676,2.2906,2.1033,0.46988,3.2616,0.99312,5.6652
6.6667,4.4444,2.9482,2.4995,4.2658,2.0888,2.2207,3.6471,-2.8504,3.2191,7.6696,6.9451,-3.9141,5.5386,1.5395,-5.748,1.187,0.16076,2.4785,6.562,6.0236,1.972,-0.049485,0.016338,1.8254,-0.2284,2.0433,6.5964,0.31302,3.3019,3.0616,0.2161,10.18,6.1835,2.8727,-0.36935,-0.29639,-0.1164,3.7068,8.1045,7.0649,0.77261,2.8599,-1.0127,2.6801,7.2377,3.0015,1.7435,2.3767,2.867,5.1873,3.1934
6.6667,5.5556,1.9946,5.2342,0.83949,5.5162,1.0238,-0.078692,1.5808,6.3298,8.1603,4.0576,-0.0061608,1.6205,3.1721,2.1368,4.4304,3.3261,-3.1649,-1.5726,0.011244,6.7215,7.8444,3.1338,5.354,7.7674,6.0253,7.5171,2.2144,4.701,1.3819,-2.4047,7.1077,-2.8244,1.684,1.5855,7.9124,4.1058,1.4691,4.3441,10.795,3.0832,4.4602,5.1689,5.7336,1.9493,3.0716,3.7268,1.9317,1.2417,2.3978,3.9893
6.6667,6.6667,4.9069,2.3634,3.7722,1.4522,-0.86801,5.4271,1.5045,2.063,-0.79169,7.6168,2.7793,5.3205,5.0798,-3.8837,2.0945,4.2618,-1.3514,6.8648,1.3721,3.8386,5.0441,4.0964,2.4699,5.4934,-1.5736,0.97412,7.5186,-1.6364,3.4057,2.8918,3.8612,3.9723,5.6539,2.8241,7.4901,-0.84452,1.164,8.1631,11.896,7.1678,2.9768,6.856,3.6395,-3.793,4.5017,0.30089,2.5974,0.21258,-0.54263,7.6797
6.6667,7.7778,6.6017,7.3062,4.2531,-0.93188,3.6448,9.1618,6.843,5.9809,7.7036,5.9145,5.1278,-1.6965,1.7515,1.3132,-1.2697,-2.62,-1.1205,1.6202,1.6526,4.6271,5.4065,4.3286,0.76094,2.5366,-3.1583,4.3105,5.8431,1.0364,2.744,6.4342,14.375,2.6158,-1.5299,1.0746,3.2553,4.0497,-0.57571,5.8428,0.12611,5.7516,2.0872,0.93205,-0.44241,-1.3353,-0.31352,7.2003,8.0587,9.7686,1.5616,1.1497
6.6667,8.8889,2.3134,2.7093,0.249,10.364,7.4609,5.594,2.4515,2.8811,3.9543,-0.71573,1.6629,8.3976,2.7959,2.2155,1.0671,2.4944,4.2743,1.8922,2.9584,6.1905,7.3769,4.1775,3.0672,8.212,6.9847,3.8428,3.2882,4.2519,7.0973,-0.62864,6.0446,3.523,2.1959,0.52347,2.1756,1.0821,-0.19726,-0.8232,2.5959,0.69114,3.7865,0.1614,8.9588,4.7109,9.258,2.5907,6.408,8.646,2.5605,5.4569
6.6667,10,6.0031,4.8565,6.3763,5.8218,4.7829,5.105,0.63656,6.3527,-0.85809,2.9151,-0.15666,-1.1618,0.86922,3.9679,0.37699,1.7451,-0.38066,2.9825,6.6084,1.0322,12.815,3.0009,8.1951,1.3128,5.07,4.1949,4.8463,1.98,11.353,4.7198,4.2957,3.778,3.7631,3.1751,4.8584,5.6522,1.9809,2.0373,6.2081,-1.8927,3.1943,6.8346,3.0448,5.3543,1.0821,5.7688,3.4291,5.4097,3.7884,3.7221
7.7778,0,7.6079,2.3445,9.1177,5.27,5.1436,0.58583,5.7304,0.41563,5.4936,4.1471,1.0932,4.2448,2.3351,2.5196,5.622,8.3128,1.5278,10.753,4.1557,6.5004,7.6648,4.7598,5.7508,-2.7052,4.262,2.9057,1.9277,3.1231,2.7919,8.4017,7.0825,6.5903,4.0415,5.7974,2.5893,8.685,0.59506,3.994,7.1492,0.83351,-0.36903,6.5095,6.1547,3.9636,3.1886,2.0606,4.613,6.9336,5.3072,0.97746
7.7778,1.1111,6.2363,3.1421,8.9339,5.6635,5.4849,3.1538,-0.1241,7.1992,3.3176,2.3236,3.8021,8.4077,6.9393,5.4279,2.7261,5.5124,3.9773,1.4571,0.46907,0.62973,5.3749,3.7065,0.34213,-3.0491,1.7675,0.19693,6.1198,5.5407,1.992,5.3045,6.8875,7.8988,0.14788,2.0469,6.4455,-1.8026,-0.35872,6.0655,4.4747,2.4779,1.8885,5.1302,4.2691,3.2722,5.1671,5.9799,3.4638,1.2768,4.2337,3.0483
7.7778,2.2222,3.3388,6.4774,2.5015,6.4107,5.0581,11.57,3.665,8.3624,5.6663,1.6475,1.6,2.1281,1.6219,7.8378,4.0401,4.4736,7.0138,4.8752,-1.5777,0.51562,6.9452,7.2965,2.9726,-0.45367,1.9387,8.7593,2.8038,5.0938,4.5584,6.5226,3.963,7.6821,6.3484,4.6604,5.5914,2.7899,9.5731,8.2516,3.5672,3.1097,6.504,0.40005,0.76594,9.1907,5.3113,2.0534,-2.242,0.62104,3.5665,5.0281
7.7778,3.3333,1.8383,3.6792,4.0026,7.5083,0.27789,1.0006,9.189,5.5634,8.7421,9.1305,7.4701,8.431,5.7882,5.9482,7.0958,-0.31671,9.8893,4.5011,3.7534,10.77,-1.3776,4.8595,15.555,6.6163,2.4829,2.6014,5.8588,1.5788,0.66807,0.93592,7.5411,5.6751,9.3516,6.6566,4.8829,0.024256,3.7094,5.0729,-0.96375,6.7619,6.9749,8.6437,2.8813,6.2998,5.6218,0.57123,4.8036,2.1658,4.2484,2.9946
7.7778,4.4444,3.9487,4.5576,6.289,2.5159,6.9987,7.1985,6.9387,4.7923,3.9214,8.9966,8.5929,3.3944,5.5976,5.0915,2.296,9.5334,4.1948,6.3666,4.126,7.3873,1.4421,5.9305,3.4541,1.6727,3.372,4.5452,0.53497,4.8195,10.095,4.7906,1.233,2.1394,5.008,2.2117,4.7534,6.0842,3.3952,6.8312,-0.54853,5.7503,5.6966,3.2649,10.127,5.7693,4.845,0.98952,4.2422,3.2115,6.7523,5.6863
7.7778,5.5556,7.9485,3.8167,8.9411,4.2982,5.6475,7.0174,3.886,-1.3798,9.5687,6.7913,7.3405,8.7623,4.8176,0.44108,1.1591,5.8726,8.5199,7.6482,4.9366,5.7267,5.5633,7.8498,6.2839,5.5582,5.1979,3.2518,6.4204,5.5022,5.7703,6.2212,3.1707,3.6628,8.3087,6.5221,1.9439,6.0897,5.7661,2.9886,4.5259,8.4657,2.3509,4.0958,5.6521,-0.39263,0.94768,2.4521,7.0789,6.4629,6.8878,5.3349
7.7778,6.6667,8.1193,4.31,8.1231,-4.513,9.4738,10.038,9.9358,8.6042,2.3086,6.8546,6.3821,3.007,0.64564,1.4047,4.7441,5.4228,8.1709,2.4041,7.8453,9.1599,8.2531,10.54,3.4592,7.8316,4.8534,2.6821,4.8893,1.2255,6.5835,5.1196,1.2617,3.5137,3.8623,5.215,3.5502,5.1201,2.2566,5.2053,5.4409,7.5623,4.4146,3.0083,0.43536,6.0571,1.814,4.3618,-0.63173,6.1395,5.551,4.4198
7.7778,7.7778,5.1904,11.063,3.6304,6.0968,5.3155,6.8858,4.7759,3.2653,5.3478,5.6051,7.786,6.9723,9.7369,1.5155,6.0694,8.6116,6.1114,1.6629,7.0738,10.48,2.6143,8.4952,3.9887,0.43123,1.2785,7.4687,7.5034,6.3821,-1.8058,8.5784,2.8847,2.5546,5.3864,6.5145,3.1977,7.4601,11.035,3.5301,3.4289,3.0953,4.1167,4.3032,4.7583,1.1952,9.195,4.455,3.9747,3.4534,8.0176,3.8022
7.7778,8.8889,4.7286,9.5728,5.1658,4.0072,1.5968,5.5157,5.3807,0.46919,3.6385,3.911,6.7194,5.4672,2.2919,5.4459,1.4925,4.4801,8.857,5.6699,4.5792,5.3664,7.7254,1.4981,4.5841,3.1509,2.4518,7.3434,-0.41446,2.5886,2.9375,7.7798,3.2059,4.5224,3.6914,6.4872,5.0527,1.3603,4.1259,1.7097,8.9739,6.3546,7.2424,11.73,13.048,5.7209,2.9624,3.8025,7.0089,6.9109,7.096,2.1044
7.7778,10,-0.30656,5.4602,4.673,9.4224,3.8989,2.5205,3.9823,7.2961,7.232,8.1428,3.439,0.27654,1.6354,2.6813,1.6743,9.9905,2.9295,4.3532,7.1384,6.592,3.0449,6.8503,5.8647,4.3898,6.4819,8.6186,6.2329,1.8856,6.8641,2.1568,9.5817,4.8872,4.928,3.2075,4.892,4.3103,7.293,3.5397,3.9265,4.9174,-1.3238,5.1757,6.6491,7.7809,6.1492,4.5447,4.9477,5.1038,-1.092,4.8129
8.8889,0,12.843,11.365,0.6229,6.6126,4.2464,15.551,2.6886,6.3524,9.4525,8.602,5.3521,8.1757,2.066,4.0541,6.2531,6.6736,8.451,7.1846,7.8656,3.9665,4.6515,5.42,6.7269,7.1367,7.9299,9.6011,6.9894,8.4709,0.62002,6.5062,7.241,7.2013,3.4543,4.8767,5.2409,5.732,7.5498,-0.30483,4.7644,6.353,1.1487,-0.29624,9.7408,0.10221,8.3481,7.9394,3.2229,9.4014,8.6131,3.0211
8.8889,1.1111,3.5977,0.71621,7.173,6.1892,4.8162,5.3445,5.4799,6.8469,6.354,5.3933,13.603,7.5672,1.3311,8.7598,5.5421,-0.80417,4.4332,6.7207,-0.29803,6.4351,8.4248,8.8818,7.017,0.32114,2.6377,2.3174,0.85871,5.6872,5.9383,-0.18556,5.7693,6.0204,13.15,9.9929,10.152,8.0997,4.6059,4.3395,3.1855,4.7761,2.7482,8.6024,9.1895,8.3275,10.351,6.815,5.8722,5.4925,4.2217,7.8245
8.8889,2.2222,7.8425,5.3387,6.0387,9.6392,2.0277,1.0195,-0.78095,7.9909,5.6659,2.3787,7.3135,8.7325,5.1544,9.2722,3.4942,3.6948,-0.2737,9.5594,5.8884,10.385,0.068913,6.5344,6.4505,9.1068,6.051,6.543,5.641,6.5485,4.6562,8.7457,-0.064011,1.3522,-2.8855,7.3279,-3.4932,0.54311,3.2656,6.6449,5.9321,8.3713,3.152,0.33345,5.3941,6.2065,13.39,8.7746,2.2784,5.7517,11.606,6.6439
8.8889,3.3333,7.7134,1.4387,5.7778,5.2774,6.298,11.256,4.8243,7.1504,3.4243,4.0857,9.8711,7.0056,10.463,4.0475,9.0659,2.9616,10.583,4.8351,2.6409,4.7087,4.7108,10.157,9.5079,7.7124,7.6828,7.2698,4.3792,0.40672,6.1386,10.449,8.9569,11.163,4.1454,1.2957,5.2103,-0.34006,4.1654,1.2931,9.1,5.56,1.0953,6.1113,3.5572,10.807,7.3603,12.465,7.5489,6.9719,5.4303,11.938
8.8889,4.4444,11.698,5.6254,6.3594,8.7482,2.5726,9.5811,6.0378,3.8894,6.3096,6.8684,0.49695,8.5352,6.8265,5.8306,6.5657,4.955,10.066,1.4291,8.998,4.5881,4.6931,6.4475,8.1019,8.4491,12.59,1.4892,2.3994,8.8245,6.4418,9.8395,4.4604,8.5105,3.8473,8.0764,9.2286,2.066,4.1818,11.933,4.1789,4.4455,3.734,8.8818,4.2548,6.2325,12.085,6.5182,2.4482,4.4291,9.7661,7.7233
8.8889,5.5556,9.9646,4.5816,1.8028,2.2718,4.674,6.9423,9.9719,5.025,7.6253,1.8012,9.2579,7.4925,8.3895,9.1515,4.8376,2.5102,1.0018,5.8261,5.1756,7.35,5.5299,1.9561,7.6718,9.2254,12.542,2.0809,6.7108,7.1067,3.2517,7.9097,2.4545,5.8128,2.2502,6.238,2.9591,5.7805,8.4713,6.9545,7.08,8.0293,2.4659,6.4747,7.9937,7.4128,9.3378,11.031,8.094,4.2276,2.8289,11.102
8.8889,6.6667,9.1693,1.6511,7.2752,10.533,7.9579,4.07,8.6479,10.711,9.7362,4.3313,9.9904,7.952,7.4486,7.0235,-1.232,7.0239,9.9895,5.4182,4.4889,-0.76653,8.9642,3.1135,4.5289,6.1786,4.2375,7.6139,4.1525,7.8168,8.9483,8.751,9.6562,6.6863,7.2146,7.2562,8.2366,6.2452,4.1048,3.4987,0.42523,8.2671,7.3544,5.9074,7.3443,5.5859,8.111,4.6263,4.5433,3.7414,-1.154,10.794
8.8889,7.7778,4.6335,14.722,6.3885,4.557,9.6107,2.8367,3.95,8.1659,6.2369,5.3222,3.5056,3.7787,13.464,-1.8485,7.5647,1.3575,7.337,4.9063,9.3647,2.2233,5.9309,6.4943,3.0592,3.2148,3.928,7.5978,11.301,2.9908,5.7493,2.232,6.5056,5.9182,8.7636,10.148,3.9938,5.901,4.6572,8.4082,8.9426,2.9931,11.248,4.676,3.5711,-0.90566,8.4712,10.275,4.9939,5.3573,4.4499,6.4724
8.8889,8.8889,-0.90566,5.3291,4.9984,4.6095,5.017,9.0669,4.0238,4.0962,7.4291,8.0767,8.3582,5.7832,5.2683,0.79631,6.0789,7.5618,6.5258,8.9075,7.2616,4.5018,1.8782,7.0279,9.1885,4.7279,3.3359,5.4377,7.0017,2.1856,4.4727,6.9787,11.517,8.8918,8.3118,10.867,7.7037,3.9583,0.28243,13.339,4.1389,8.1043,6.4096,8.7004,8.7173,4.5308,8.5973,6.8229,-0.31628,1.4091,13.108,5.6142
8.8889,10,5.1898,6.9697,5.2047,5.9286,3.3297,4.1478,8.9583,3.7908,5.2288,6.0317,7.0981,11.359,12.026,6.7992,6.2536,10.814,7.4969,9.6904,5.1307,3.352,11.147,7.2238,7.2739,7.0397,5.8842,5.8636,5.3148,5.992,9.9588,10.505,7.6343,2.6723,5.0697,13.485,9.0217,4.5059,3.8071,2.2233,9.1246,3.9381,6.9941,-0.31829,9.7652,5.5151,1.942,1.9114,8.2818,9.4652,8.5036,4.1921
10,0,7.8252,10.641,5.8863,6.9665,6.673,10.749,9.1399,5.0382,8.5861,6.8835,6.1325,7.862,10.012,10.112,7.6399,8.134,14.813,7.6446,10.205,9.1407,5.3833,9.0542,8.7087,2.0547,8.4149,5.1347,13.292,5.2135,3.0967,8.9218,3.5462,4.9645,10.752,11.025,7.3849,8.6293,4.4396,1.0606,3.7489,8.2245,2.0627,8.9653,5.7526,6.3167,7.8742,12.434,9.5944,10.974,7.8973,0.28818
10,1.1111,6.8244,4.9905,10.083,4.8471,7.0367,7.3628,4.5876,10.881,14.867,11.159,5.7904,13.47,5.8108,8.8746,3.3788,11.853,6.6719,6.8868,9.8857,7.1342,7.7451,4.8858,1.2908,11.125,8.0857,11.326,3.0036,8.549,7.0803,8.8236,5.7449,9.2302,6.2891,10.405,3.9052,7.0993,8.1467,2.5371,10.692,7.1507,5.2467,4.4152,9.922,9.1025,6.6771,15.784,5.6738,7.1733,9.4785,7.5685
10,2.2222,8.6102,8.8257,1.3097,12.591,12.897,11.098,9.1615,12.609,12.473,6.2015,10.501,6.9665,13.4,7.8462,8.5023,8.4318,8.877,13.586,11.596,6.1007,7.7103,9.977,10.405,11.522,6.7093,9.57,5.0702,5.2499,8.4384,11.44,10.44,4.9291,12.737,12.302,5.2906,4.1603,7.1455,5.5846,9.845,10.321,9.1218,6.3295,4.7902,7.9459,11.427,10.879,8.098,4.0869,11.751,9.4397
10,3.3333,12.893,4.5409,5.077,14.077,4.5323,7.4572,8.9667,8.8746,10.754,9.2438,8.0897,10.542,8.0059,4.1121,8.1158,10.77,7.5692,6.4343,15.106,12.935,2.4525,5.2027,8.0876,4.9805,9.2933,8.5979,4.8032,4.7662,4.6875,3.712,9.5347,9.4617,8.3935,4.28,14.028,10.373,14.066,8.8206,12.422,9.6265,6.7737,6.8219,8.2666,12.62,11.059,6.2632,11.272,11.496,3.2531,0.6229
10,4.4444,15.376,10.154,10.81,9.4954,4.2772,3.7511,16.633,11.282,13.031,11.127,8.7441,5.127,6.2256,7.407,9.2788,8.1913,9.0322,12.342,10.023,9.2381,9.2306,7.7225,6.626,8.3413,8.4065,9.8439,11.842,6.6832,5.1675,12.152,6.8151,9.3426,6.8382,8.3879,7.5352,14.458,8.3366,5.4725,8.7154,4.9005,11.363,1.9106,7.8068,9.9936,6.6887,12.997,6.169,10.064,13.969,8.422
10,5.5556,9.9325,9.3587,9.9244,9.2524,8.999,9.9463,4.0841,5.1945,6.9391,6.192,7.7482,15.557,13.598,11.033,9.9878,11.977,6.6116,12.223,12.89,12.75,8.0343,11.09,11.633,9.6531,10.532,9.6849,8.5932,9.5722,8.3508,4.5916,9.0883,7.4784,12.855,9.5145,11.402,5.0617,7.3108,10.208,6.2511,11.367,9.3165,6.0107,13.534,7.5894,8.4476,7.4894,8.8868,7.4367,10.853,10.833
10,6.6667,6.7966,10.12,9.2474,7.8635,12.521,4.6836,7.8564,10.891,12.11,8.8618,9.346,9.617,6.8981,10.932,11.913,6.0582,8.9334,15.459,13.506,11.345,8.3974,4.1321,10.444,10.568,2.816,8.2154,7.6718,4.9927,7.2843,7.171,6.1943,6.4813,11.857,9.5135,17.958,4.2548,11.821,12.469,5.9041,11.732,8.3131,11.127,14.42,3.8803,12.033,6.7795,2.6142,10.325,2.1895,4.2452
10,7.7778,15.855,6.4937,5.944,13.725,10.364,9.5417,11.167,12.174,9.4678,14.134,7.0951,11.803,3.951,8.9779,13.02,12.034,6.8067,5.0409,8.9528,9.2966,8.1771,10.468,6.2131,7.2752,10.349,10.77,10.466,5.0336,9.9634,12.446,5.7796,11.925,7.8531,3.4027,9.714,7.339,3.1864,5.3835,6.3582,12.19,14.946,7.0614,11.543,16.533,8.0827,4.5186,7.6048,13.286,8.6811,8.521
10,8.8889,5.4908,10.311,14.315,11.592,6.6678,10.437,6.7232,12.802,7.1664,4.3568,8.9686,9.984,13.672,6.8255,12.153,10.792,5.6803,7.6016,12.987,6.7668,5.2046,8.3087,9.0545,5.3269,5.4157,11.68,6.9511,3.9159,5.5723,5.6283,12.159,4.977,10.88,7.5004,10.444,7.1458,7.8769,7.0042,3.499,11.406,7.7551,5.9373,11.44,10.955,10.884,10.407,9.3405,9.1722,11.082,9.6356
10,10,10.462,9.1121,1.8037,11.121,9.895,4.952,6.9101,8.1768,8.3886,7.5645,14.08,6.0554,12.917,9.3748,7.5236,7.7729,7.8434,14.363,13.659,9.7995,16.548,12.174,12.097,12.174,10.164,19.079,10.304,7.4568,6.5746,14.054,10.651,10.103,8.3017,12.568,6.0429,9.632,13.695,1.0074,10.768,4.2313,6.8003,12.865,3.79,12.113,5.5447,7.8625,8.9845,9.4746,9.7488,18.76
